========================================
 ASAP7 - Fluxo completo RTL -> GDS
 Projeto: /home/matheus-grossi/Projects/CNN/CNN/synth_org/fully_connected
========================================
mkdir -p /home/matheus-grossi/Projects/CNN/CNN/synth_org/fully_connected/results/asap7/fully_connected/base/
echo 10000 > /home/matheus-grossi/Projects/CNN/CNN/synth_org/fully_connected/results/asap7/fully_connected/base/clock_period.txt
/home/matheus-grossi/OpenROAD/OpenROAD-flow-scripts/flow/scripts/synth.sh /home/matheus-grossi/OpenROAD/OpenROAD-flow-scripts/flow/scripts/synth_canonicalize.tcl /home/matheus-grossi/Projects/CNN/CNN/synth_org/fully_connected/logs/asap7/fully_connected/base/1_1_yosys_canonicalize.log
Using ABC speed script.
Extracting clock period from SDC file: /home/matheus-grossi/Projects/CNN/CNN/synth_org/fully_connected/results/asap7/fully_connected/base/clock_period.txt
Setting clock period to 10000
1. Executing Liberty frontend: /home/matheus-grossi/OpenROAD/OpenROAD-flow-scripts/flow/platforms/asap7/lib/NLDM/asap7sc7p5t_AO_RVT_FF_nldm_211120.lib.gz
2. Executing Liberty frontend: /home/matheus-grossi/OpenROAD/OpenROAD-flow-scripts/flow/platforms/asap7/lib/NLDM/asap7sc7p5t_INVBUF_RVT_FF_nldm_220122.lib.gz
3. Executing Liberty frontend: /home/matheus-grossi/OpenROAD/OpenROAD-flow-scripts/flow/platforms/asap7/lib/NLDM/asap7sc7p5t_OA_RVT_FF_nldm_211120.lib.gz
4. Executing Liberty frontend: /home/matheus-grossi/OpenROAD/OpenROAD-flow-scripts/flow/platforms/asap7/lib/NLDM/asap7sc7p5t_SIMPLE_RVT_FF_nldm_211120.lib.gz
5. Executing Liberty frontend: /home/matheus-grossi/OpenROAD/OpenROAD-flow-scripts/flow/platforms/asap7/lib/NLDM/asap7sc7p5t_SEQ_RVT_FF_nldm_220123.lib
6. Executing Liberty frontend: /home/matheus-grossi/OpenROAD/OpenROAD-flow-scripts/flow/platforms/asap7/lib/NLDM/asap7sc7p5t_AO_RVT_FF_nldm_211120.lib.gz
7. Executing Liberty frontend: /home/matheus-grossi/OpenROAD/OpenROAD-flow-scripts/flow/platforms/asap7/lib/NLDM/asap7sc7p5t_INVBUF_RVT_FF_nldm_220122.lib.gz
8. Executing Liberty frontend: /home/matheus-grossi/OpenROAD/OpenROAD-flow-scripts/flow/platforms/asap7/lib/NLDM/asap7sc7p5t_OA_RVT_FF_nldm_211120.lib.gz
9. Executing Liberty frontend: /home/matheus-grossi/OpenROAD/OpenROAD-flow-scripts/flow/platforms/asap7/lib/NLDM/asap7sc7p5t_SIMPLE_RVT_FF_nldm_211120.lib.gz
10. Executing Liberty frontend: /home/matheus-grossi/OpenROAD/OpenROAD-flow-scripts/flow/platforms/asap7/lib/NLDM/asap7sc7p5t_SEQ_RVT_FF_nldm_220123.lib
11. Executing SLANG frontend.
11.1. Executing PROC_CLEAN pass (remove empty switches from decision trees).
11.2. Executing TRIBUF pass.
11.3. Executing PROC_RMDEAD pass (remove dead branches from decision trees).
11.4. Executing PROC_PRUNE pass (remove redundant assignments in processes).
11.5. Executing PROC_INIT pass (extract init attributes).
11.6. Executing PROC_ROM pass (convert switches to ROMs).
11.7. Executing PROC_MUX pass (convert decision trees to multiplexers).
11.8. Executing PROC_CLEAN pass (remove empty switches from decision trees).
11.9. Executing OPT_EXPR pass (perform const folding).
12. Executing HIERARCHY pass (managing design hierarchy).
12.1. Analyzing design hierarchy..
12.2. Analyzing design hierarchy..
13. Executing OPT_CLEAN pass (remove unused cells and wires).
14. Executing RTLIL backend.
End of script. Logfile hash: 6a1847c819, time: 0.53s, user: 0.44s, system: 0.06s, MEM: 83.91 MB peak
Yosys 0.68+ (git sha1 a5af9d690, Release, GNU /usr/bin/c++ 15.2.0) [github.com/The-OpenROAD-Project/yosys at HEAD]
Time spent: 91% 12x read_liberty (0 sec), 3% 2x read_slang (0 sec), ...
Elapsed time: 0:00.54[h:]min:sec. CPU time: user 0.45 sys 0.07 (96%). Peak memory: 88248KB.
Log                       Ext     Elapsed/s Peak Memory/MB sha1sum result [0:20)
1_1_yosys_canonicalize    .rtlil          0             86 a71bcc0c7c47b2dbc23a
/home/matheus-grossi/OpenROAD/OpenROAD-flow-scripts/flow/scripts/synth.sh /home/matheus-grossi/OpenROAD/OpenROAD-flow-scripts/flow/scripts/synth.tcl /home/matheus-grossi/Projects/CNN/CNN/synth_org/fully_connected/logs/asap7/fully_connected/base/1_2_yosys.log
Using ABC speed script.
Extracting clock period from SDC file: /home/matheus-grossi/Projects/CNN/CNN/synth_org/fully_connected/results/asap7/fully_connected/base/clock_period.txt
Setting clock period to 10000
1. Executing RTLIL frontend.
2. Executing HIERARCHY pass (managing design hierarchy).
2.1. Analyzing design hierarchy..
2.2. Analyzing design hierarchy..
3. Executing SYNTH pass.
3.1. Executing HIERARCHY pass (managing design hierarchy).
3.1.1. Analyzing design hierarchy..
3.1.2. Analyzing design hierarchy..
3.2. Executing PROC pass (convert processes to netlists).
3.2.1. Executing PROC_CLEAN pass (remove empty switches from decision trees).
3.2.2. Executing PROC_RMDEAD pass (remove dead branches from decision trees).
3.2.3. Executing PROC_PRUNE pass (remove redundant assignments in processes).
3.2.4. Executing PROC_INIT pass (extract init attributes).
3.2.5. Executing PROC_ARST pass (detect async resets in processes).
3.2.6. Executing PROC_ROM pass (convert switches to ROMs).
3.2.7. Executing PROC_MUX pass (convert decision trees to multiplexers).
3.2.8. Executing PROC_DLATCH pass (convert process syncs to latches).
3.2.9. Executing PROC_DFF pass (convert process syncs to FFs).
3.2.10. Executing PROC_MEMWR pass (convert process memory writes to cells).
3.2.11. Executing PROC_CLEAN pass (remove empty switches from decision trees).
3.2.12. Executing OPT_EXPR pass (perform const folding).
3.3. Executing CHECK pass (checking for obvious problems).
3.4. Executing FLATTEN pass (flatten design).
3.5. Executing OPT_EXPR pass (perform const folding).
3.6. Executing OPT_CLEAN pass (remove unused cells and wires).
3.7. Executing CHECK pass (checking for obvious problems).
3.8. Executing OPT pass (performing simple optimizations).
3.8.1. Executing OPT_EXPR pass (perform const folding).
3.8.2. Executing OPT_MERGE pass (detect identical cells).
3.8.3. Executing OPT_MUXTREE pass (detect dead branches in mux trees).
3.8.4. Executing OPT_REDUCE pass (consolidate $*mux and $reduce_* inputs).
3.8.5. Executing OPT_MERGE pass (detect identical cells).
3.8.6. Executing OPT_DFF pass (perform DFF optimizations).
3.8.7. Executing OPT_CLEAN pass (remove unused cells and wires).
3.8.8. Executing OPT_EXPR pass (perform const folding).
3.8.9. Finished fast OPT passes. (There is nothing left to do.)
3.9. Executing FSM pass (extract and optimize FSM).
3.9.1. Executing FSM_DETECT pass (finding FSMs in design).
3.9.2. Executing FSM_EXTRACT pass (extracting FSM from design).
3.9.3. Executing FSM_OPT pass (simple optimizations of FSMs).
3.9.4. Executing OPT_CLEAN pass (remove unused cells and wires).
3.9.5. Executing FSM_OPT pass (simple optimizations of FSMs).
3.9.6. Executing FSM_RECODE pass (re-assigning FSM state encoding).
3.9.7. Executing FSM_INFO pass (dumping all available information on FSM cells).
3.9.8. Executing FSM_MAP pass (mapping FSMs to basic logic).
3.10. Executing OPT pass (performing simple optimizations).
3.10.1. Executing OPT_EXPR pass (perform const folding).
3.10.2. Executing OPT_MERGE pass (detect identical cells).
3.10.3. Executing OPT_MUXTREE pass (detect dead branches in mux trees).
3.10.4. Executing OPT_REDUCE pass (consolidate $*mux and $reduce_* inputs).
3.10.5. Executing OPT_MERGE pass (detect identical cells).
3.10.6. Executing OPT_DFF pass (perform DFF optimizations).
3.10.7. Executing OPT_CLEAN pass (remove unused cells and wires).
3.10.8. Executing OPT_EXPR pass (perform const folding).
3.10.9. Rerunning OPT passes. (Maybe there is more to do..)
3.10.10. Executing OPT_MUXTREE pass (detect dead branches in mux trees).
3.10.11. Executing OPT_REDUCE pass (consolidate $*mux and $reduce_* inputs).
3.10.12. Executing OPT_MERGE pass (detect identical cells).
3.10.13. Executing OPT_DFF pass (perform DFF optimizations).
3.10.14. Executing OPT_CLEAN pass (remove unused cells and wires).
3.10.15. Executing OPT_EXPR pass (perform const folding).
3.10.16. Finished fast OPT passes. (There is nothing left to do.)
3.11. Executing WREDUCE pass (reducing word size of cells).
3.12. Executing PEEPOPT pass (run peephole optimizers).
3.13. Executing OPT_CLEAN pass (remove unused cells and wires).
3.14. Executing ALUMACC pass (create $alu and $macc cells).
3.15. Executing SHARE pass (SAT-based resource sharing).
3.16. Executing OPT pass (performing simple optimizations).
3.16.1. Executing OPT_EXPR pass (perform const folding).
3.16.2. Executing OPT_MERGE pass (detect identical cells).
3.16.3. Executing OPT_MUXTREE pass (detect dead branches in mux trees).
3.16.4. Executing OPT_REDUCE pass (consolidate $*mux and $reduce_* inputs).
3.16.5. Executing OPT_MERGE pass (detect identical cells).
3.16.6. Executing OPT_DFF pass (perform DFF optimizations).
3.16.7. Executing OPT_CLEAN pass (remove unused cells and wires).
3.16.8. Executing OPT_EXPR pass (perform const folding).
3.16.9. Rerunning OPT passes. (Maybe there is more to do..)
3.16.10. Executing OPT_MUXTREE pass (detect dead branches in mux trees).
3.16.11. Executing OPT_REDUCE pass (consolidate $*mux and $reduce_* inputs).
3.16.12. Executing OPT_MERGE pass (detect identical cells).
3.16.13. Executing OPT_DFF pass (perform DFF optimizations).
3.16.14. Executing OPT_CLEAN pass (remove unused cells and wires).
3.16.15. Executing OPT_EXPR pass (perform const folding).
3.16.16. Finished fast OPT passes. (There is nothing left to do.)
3.17. Executing MEMORY pass.
3.17.1. Executing OPT_MEM pass (optimize memories).
3.17.2. Executing OPT_MEM_PRIORITY pass (removing unnecessary memory write priority relations).
3.17.3. Executing OPT_MEM_FEEDBACK pass (finding memory read-to-write feedback paths).
3.17.4. Executing MEMORY_BMUX2ROM pass (converting muxes to ROMs).
3.17.5. Executing MEMORY_DFF pass (merging $dff cells to $memrd).
3.17.6. Executing OPT_CLEAN pass (remove unused cells and wires).
3.17.7. Executing MEMORY_SHARE pass (consolidating $memrd/$memwr cells).
3.17.8. Executing OPT_MEM_WIDEN pass (optimize memories where all ports are wide).
3.17.9. Executing OPT_CLEAN pass (remove unused cells and wires).
3.17.10. Executing MEMORY_COLLECT pass (generating $mem cells).
3.18. Executing OPT_CLEAN pass (remove unused cells and wires).
4. Executing SYNTH pass.
4.1. Executing OPT pass (performing simple optimizations).
4.1.1. Executing OPT_EXPR pass (perform const folding).
4.1.2. Executing OPT_MERGE pass (detect identical cells).
4.1.3. Executing OPT_DFF pass (perform DFF optimizations).
4.1.4. Executing OPT_CLEAN pass (remove unused cells and wires).
4.1.5. Finished fast OPT passes.
4.2. Executing MEMORY_MAP pass (converting memories to logic and flip-flops).
4.3. Executing OPT pass (performing simple optimizations).
4.3.1. Executing OPT_EXPR pass (perform const folding).
4.3.2. Executing OPT_MERGE pass (detect identical cells).
4.3.3. Executing OPT_MUXTREE pass (detect dead branches in mux trees).
4.3.4. Executing OPT_REDUCE pass (consolidate $*mux and $reduce_* inputs).
4.3.5. Executing OPT_MERGE pass (detect identical cells).
4.3.6. Executing OPT_SHARE pass.
4.3.7. Executing OPT_DFF pass (perform DFF optimizations).
4.3.8. Executing OPT_CLEAN pass (remove unused cells and wires).
4.3.9. Executing OPT_EXPR pass (perform const folding).
4.3.10. Rerunning OPT passes. (Maybe there is more to do..)
4.3.11. Executing OPT_MUXTREE pass (detect dead branches in mux trees).
4.3.12. Executing OPT_REDUCE pass (consolidate $*mux and $reduce_* inputs).
4.3.13. Executing OPT_MERGE pass (detect identical cells).
4.3.14. Executing OPT_SHARE pass.
4.3.15. Executing OPT_DFF pass (perform DFF optimizations).
4.3.16. Executing OPT_CLEAN pass (remove unused cells and wires).
4.3.17. Executing OPT_EXPR pass (perform const folding).
4.3.18. Finished fast OPT passes. (There is nothing left to do.)
4.4. Executing TECHMAP pass (map to technology primitives).
4.4.1. Executing Verilog-2005 frontend: /home/matheus-grossi/OpenROAD/OpenROAD-flow-scripts/tools/install/yosys/bin/../share/yosys/techmap.v
4.4.2. Executing Verilog-2005 frontend: /home/matheus-grossi/OpenROAD/OpenROAD-flow-scripts/flow/platforms/common/lcu_kogge_stone.v
4.4.3. Continuing TECHMAP pass.
4.5. Executing OPT pass (performing simple optimizations).
4.5.1. Executing OPT_EXPR pass (perform const folding).
4.5.2. Executing OPT_MERGE pass (detect identical cells).
4.5.3. Executing OPT_DFF pass (perform DFF optimizations).
4.5.4. Executing OPT_CLEAN pass (remove unused cells and wires).
4.5.5. Finished fast OPT passes.
4.6. Executing HIERARCHY pass (managing design hierarchy).
4.6.1. Analyzing design hierarchy..
4.6.2. Analyzing design hierarchy..
4.7. Printing statistics.
4.8. Executing CHECK pass (checking for obvious problems).
5. Executing OPT pass (performing simple optimizations).
5.1. Executing OPT_EXPR pass (perform const folding).
5.2. Executing OPT_MERGE pass (detect identical cells).
5.3. Executing OPT_MUXTREE pass (detect dead branches in mux trees).
5.4. Executing OPT_REDUCE pass (consolidate $*mux and $reduce_* inputs).
5.5. Executing OPT_MERGE pass (detect identical cells).
5.6. Executing OPT_DFF pass (perform DFF optimizations).
5.7. Executing OPT_CLEAN pass (remove unused cells and wires).
5.8. Executing OPT_EXPR pass (perform const folding).
5.9. Rerunning OPT passes. (Maybe there is more to do..)
5.10. Executing OPT_MUXTREE pass (detect dead branches in mux trees).
5.11. Executing OPT_REDUCE pass (consolidate $*mux and $reduce_* inputs).
5.12. Executing OPT_MERGE pass (detect identical cells).
5.13. Executing OPT_DFF pass (perform DFF optimizations).
5.14. Executing OPT_CLEAN pass (remove unused cells and wires).
5.15. Executing OPT_EXPR pass (perform const folding).
5.16. Finished fast OPT passes. (There is nothing left to do.)
6. Executing EXTRACT_FA pass (find and extract full/half adders).
7. Executing TECHMAP pass (map to technology primitives).
7.1. Executing Verilog-2005 frontend: /home/matheus-grossi/OpenROAD/OpenROAD-flow-scripts/flow/platforms/asap7/yoSys/cells_adders_R.v
7.2. Continuing TECHMAP pass.
8. Executing TECHMAP pass (map to technology primitives).
8.1. Executing Verilog-2005 frontend: /home/matheus-grossi/OpenROAD/OpenROAD-flow-scripts/tools/install/yosys/bin/../share/yosys/techmap.v
8.2. Continuing TECHMAP pass.
9. Executing OPT pass (performing simple optimizations).
9.1. Executing OPT_EXPR pass (perform const folding).
9.2. Executing OPT_MERGE pass (detect identical cells).
9.3. Executing OPT_DFF pass (perform DFF optimizations).
9.4. Executing OPT_CLEAN pass (remove unused cells and wires).
9.5. Finished fast OPT passes.
10. Executing DFFLEGALIZE pass (convert FFs to types supported by the target).
11. Executing TECHMAP pass (map to technology primitives).
11.1. Executing Verilog-2005 frontend: /home/matheus-grossi/OpenROAD/OpenROAD-flow-scripts/flow/platforms/asap7/yoSys/cells_latch_R.v
11.2. Continuing TECHMAP pass.
12. Executing DFFLIBMAP pass (mapping DFF cells to sequential cells from liberty file).
12.1. Executing DFFLEGALIZE pass (convert FFs to types supported by the target).
13. Executing OPT pass (performing simple optimizations).
13.1. Executing OPT_EXPR pass (perform const folding).
13.2. Executing OPT_MERGE pass (detect identical cells).
13.3. Executing OPT_MUXTREE pass (detect dead branches in mux trees).
13.4. Executing OPT_REDUCE pass (consolidate $*mux and $reduce_* inputs).
13.5. Executing OPT_MERGE pass (detect identical cells).
13.6. Executing OPT_DFF pass (perform DFF optimizations).
13.7. Executing OPT_CLEAN pass (remove unused cells and wires).
13.8. Executing OPT_EXPR pass (perform const folding).
13.9. Finished fast OPT passes. (There is nothing left to do.)
14. Executing SETUNDEF pass (replace undef values with defined constants).
abc -script /home/matheus-grossi/OpenROAD/OpenROAD-flow-scripts/flow/scripts/abc_speed.script -liberty /home/matheus-grossi/OpenROAD/OpenROAD-flow-scripts/flow/platforms/asap7/lib/NLDM/asap7sc7p5t_AO_RVT_FF_nldm_211120.lib.gz -liberty /home/matheus-grossi/OpenROAD/OpenROAD-flow-scripts/flow/platforms/asap7/lib/NLDM/asap7sc7p5t_INVBUF_RVT_FF_nldm_220122.lib.gz -liberty /home/matheus-grossi/OpenROAD/OpenROAD-flow-scripts/flow/platforms/asap7/lib/NLDM/asap7sc7p5t_OA_RVT_FF_nldm_211120.lib.gz -liberty /home/matheus-grossi/OpenROAD/OpenROAD-flow-scripts/flow/platforms/asap7/lib/NLDM/asap7sc7p5t_SIMPLE_RVT_FF_nldm_211120.lib.gz -liberty /home/matheus-grossi/OpenROAD/OpenROAD-flow-scripts/flow/platforms/asap7/lib/NLDM/asap7sc7p5t_SEQ_RVT_FF_nldm_220123.lib -dont_use *x1p*_ASAP7* -dont_use *xp*_ASAP7* -dont_use SDF* -dont_use ICG* -constr /home/matheus-grossi/Projects/CNN/CNN/synth_org/fully_connected/objects/asap7/fully_connected/base/abc.constr -D 10000
15. Executing ABC pass (technology mapping using ABC).
15.1. Extracting gate netlist of module `\FCLayer' to `<abc-temp-dir>/input.blif'..
15.1.1. Executed ABC.
15.1.2. Re-integrating ABC results.
16. Executing SPLITNETS pass (splitting up multi-bit signals).
17. Executing OPT_CLEAN pass (remove unused cells and wires).
18. Executing HILOMAP pass (mapping to constant drivers).
19. Executing INSBUF pass (insert buffer cells for connected wires).
20. Executing CHECK pass (checking for obvious problems).
21. Printing statistics.
22. Executing CHECK pass (checking for obvious problems).
23. Executing Verilog backend.
23.1. Executing BMUXMAP pass.
23.2. Executing DEMUXMAP pass.
End of script. Logfile hash: c9fe349d8b, time: 8.60s, user: 5.40s, system: 0.26s, MEM: 189.52 MB peak
Yosys 0.68+ (git sha1 a5af9d690, Release, GNU /usr/bin/c++ 15.2.0) [github.com/The-OpenROAD-Project/yosys at HEAD]
Time spent: 37% 1x abc (3 sec), 21% 1x extract_fa (1 sec), ...
Elapsed time: 0:08.63[h:]min:sec. CPU time: user 8.68 sys 0.34 (104%). Peak memory: 195232KB.
Log                       Ext     Elapsed/s Peak Memory/MB sha1sum result [0:20)
1_2_yosys                 .v              8            190 c4766cfec9bfed9956f4
cp /home/matheus-grossi/Projects/CNN/CNN/synth_org/fully_connected/constraint.sdc /home/matheus-grossi/Projects/CNN/CNN/synth_org/fully_connected/results/asap7/fully_connected/base/1_2_yosys.sdc
touch -r /home/matheus-grossi/Projects/CNN/CNN/synth_org/fully_connected/constraint.sdc /home/matheus-grossi/Projects/CNN/CNN/synth_org/fully_connected/results/asap7/fully_connected/base/1_2_yosys.sdc
OpenROAD 26Q3-2056-g41a28926b9 
Features included (+) or not (-): +GPU +GUI +Python
This program is licensed under the BSD-3 license. See the LICENSE file for details.
Components of this program may be licensed under more restrictive licenses which must be honored.
[INFO ORD-0030] Using 12 thread(s).
mkdir -p /home/matheus-grossi/Projects/CNN/CNN/synth_org/fully_connected/objects/asap7/fully_connected/base
/home/matheus-grossi/OpenROAD/OpenROAD-flow-scripts/flow/scripts/flow.sh 1_synth synth_odb
Running synth_odb.tcl, stage 1_synth
source /home/matheus-grossi/OpenROAD/OpenROAD-flow-scripts/flow/platforms/asap7/liberty_suppressions.tcl
read_liberty /home/matheus-grossi/OpenROAD/OpenROAD-flow-scripts/flow/platforms/asap7/lib/NLDM/asap7sc7p5t_AO_RVT_FF_nldm_211120.lib.gz
read_liberty /home/matheus-grossi/OpenROAD/OpenROAD-flow-scripts/flow/platforms/asap7/lib/NLDM/asap7sc7p5t_INVBUF_RVT_FF_nldm_220122.lib.gz
read_liberty /home/matheus-grossi/OpenROAD/OpenROAD-flow-scripts/flow/platforms/asap7/lib/NLDM/asap7sc7p5t_OA_RVT_FF_nldm_211120.lib.gz
read_liberty /home/matheus-grossi/OpenROAD/OpenROAD-flow-scripts/flow/platforms/asap7/lib/NLDM/asap7sc7p5t_SIMPLE_RVT_FF_nldm_211120.lib.gz
read_liberty /home/matheus-grossi/OpenROAD/OpenROAD-flow-scripts/flow/platforms/asap7/lib/NLDM/asap7sc7p5t_SEQ_RVT_FF_nldm_220123.lib
[INFO ODB-0227] LEF file: /home/matheus-grossi/OpenROAD/OpenROAD-flow-scripts/flow/platforms/asap7/lef/asap7_tech_1x_201209.lef, created 30 layers, 9 vias
[INFO ODB-0227] LEF file: /home/matheus-grossi/OpenROAD/OpenROAD-flow-scripts/flow/platforms/asap7/lef/asap7sc7p5t_28_R_1x_220121a.lef, created 212 library cells
link_design FCLayer
read_sdc /home/matheus-grossi/Projects/CNN/CNN/synth_org/fully_connected/results/asap7/fully_connected/base/1_2_yosys.sdc
source /home/matheus-grossi/OpenROAD/OpenROAD-flow-scripts/flow/platforms/asap7/setRC.tcl
eliminate_dead_logic
Removed 0 unused instances and 0 unused nets.
Design area 1104 um^2 100% utilization.
write_db /home/matheus-grossi/Projects/CNN/CNN/synth_org/fully_connected/results/asap7/fully_connected/base/1_synth.odb
write_sdc -no_timestamp /home/matheus-grossi/Projects/CNN/CNN/synth_org/fully_connected/results/asap7/fully_connected/base/1_synth.sdc
Elapsed time: 0:01.34[h:]min:sec. CPU time: user 1.22 sys 0.09 (98%). Peak memory: 221436KB.
Log                       Ext     Elapsed/s Peak Memory/MB sha1sum result [0:20)
1_synth                   .odb            1            216 21e0497ce1ec4a457748
1_synth                   .sdc                             fc285a00e353fc18d53b
/home/matheus-grossi/OpenROAD/OpenROAD-flow-scripts/flow/scripts/flow.sh 2_1_floorplan floorplan
Running floorplan.tcl, stage 2_1_floorplan
source /home/matheus-grossi/OpenROAD/OpenROAD-flow-scripts/flow/platforms/asap7/liberty_suppressions.tcl
read_liberty /home/matheus-grossi/OpenROAD/OpenROAD-flow-scripts/flow/platforms/asap7/lib/NLDM/asap7sc7p5t_AO_RVT_FF_nldm_211120.lib.gz
read_liberty /home/matheus-grossi/OpenROAD/OpenROAD-flow-scripts/flow/platforms/asap7/lib/NLDM/asap7sc7p5t_INVBUF_RVT_FF_nldm_220122.lib.gz
read_liberty /home/matheus-grossi/OpenROAD/OpenROAD-flow-scripts/flow/platforms/asap7/lib/NLDM/asap7sc7p5t_OA_RVT_FF_nldm_211120.lib.gz
read_liberty /home/matheus-grossi/OpenROAD/OpenROAD-flow-scripts/flow/platforms/asap7/lib/NLDM/asap7sc7p5t_SIMPLE_RVT_FF_nldm_211120.lib.gz
read_liberty /home/matheus-grossi/OpenROAD/OpenROAD-flow-scripts/flow/platforms/asap7/lib/NLDM/asap7sc7p5t_SEQ_RVT_FF_nldm_220123.lib
read_db /home/matheus-grossi/Projects/CNN/CNN/synth_org/fully_connected/results/asap7/fully_connected/base/1_synth.odb
read_sdc /home/matheus-grossi/Projects/CNN/CNN/synth_org/fully_connected/results/asap7/fully_connected/base/1_synth.sdc
source /home/matheus-grossi/OpenROAD/OpenROAD-flow-scripts/flow/platforms/asap7/setRC.tcl

==========================================================================
Floorplan check_setup
--------------------------------------------------------------------------
number instances in verilog is 10320
initialize_floorplan -utilization 40 -aspect_ratio 1 -core_space 2 -site asap7sc7p5t
[INFO IFP-0107] Defining die area using utilization: 40.00% and aspect ratio: 1.
[WARNING IFP-0028] Core area lower left (2.000, 2.000) snapped to (2.052, 2.160).
[INFO IFP-0001] Added 194 rows of 972 site asap7sc7p5t.
[INFO IFP-0100] Die BBox:  (  0.000  0.000 ) ( 56.540 56.540 ) um
[INFO IFP-0101] Core BBox: (  2.052  2.160 ) ( 54.540 54.540 ) um
[INFO IFP-0102] Core area:                         2749.321 um^2
[INFO IFP-0103] Total instances area:              1104.187 um^2
[INFO IFP-0104] Effective utilization:                0.402
[INFO IFP-0105] Number of instances:                  10320
source /home/matheus-grossi/OpenROAD/OpenROAD-flow-scripts/flow/platforms/asap7/openRoad/make_tracks.tcl
source /home/matheus-grossi/OpenROAD/OpenROAD-flow-scripts/flow/platforms/asap7/fastroute.tcl
set_dont_use "*x1p*_ASAP7* *xp*_ASAP7* SDF* ICG*"
repair_tie_fanout -separation 0 asap7sc7p5t_SIMPLE_RVT_FF_nldm_250407/TIELOx1_ASAP7_75t_R/L
[INFO RSZ-0042] Inserted 10 tie TIELOx1_ASAP7_75t_R instances.
repair_tie_fanout -separation 0 asap7sc7p5t_SIMPLE_RVT_FF_nldm_250407/TIEHIx1_ASAP7_75t_R/H
repair_timing -setup_margin 0 -hold_margin 0 -repair_tns 100 -setup -skip_last_gasp -sequence unbuffer,sizeup,swap,vt_swap -verbose
[WARNING EST-0027] no estimated parasitics. Using wire load models.
[INFO RSZ-0100] Repair move sequence: UnbufferMove SizeUpMove SwapPinsMove 
[INFO RSZ-0098] No setup violations found
[INFO RSZ-0505] Runtime: 0.11s
Default units for flow
 time 1ps
 capacitance 1fF
 resistance 1kohm
 voltage 1v
 current 1mA
 power 1pW
 distance 1um
   Layer   | Unit Resistance | Unit Capacitance 
           |       (kohm/um) |          (fF/um)
------------------------------------------------
        M1 |        7.04e-02 |         1.00e-10
        M2 |        2.97e-02 |         1.75e-01
        M3 |        3.13e-02 |         1.56e-01
        M4 |        1.80e-02 |         1.78e-01
        M5 |        1.90e-02 |         1.64e-01
        M6 |        1.19e-02 |         1.87e-01
        M7 |        1.25e-02 |         1.63e-01
        M8 |        8.45e-03 |         1.04e-01
        M9 |        8.90e-03 |         9.28e-02
       Pad |        0.00e+00 |         0.00e+00
------------------------------------------------

   Layer   | Via Resistance 
           |         (kohm) 
----------------------------
        V1 |       1.72e-02 
        V2 |       1.72e-02 
        V3 |       1.72e-02 
        V4 |       1.18e-02 
        V5 |       1.18e-02 
        V6 |       8.20e-03 
        V7 |       8.20e-03 
        V8 |       6.30e-03 
        V9 |       6.30e-03 
----------------------------
Report metrics stage 2, floorplan final...

==========================================================================
floorplan final report_design_area
--------------------------------------------------------------------------
Design area 1105 um^2 40% utilization.
write_db /home/matheus-grossi/Projects/CNN/CNN/synth_org/fully_connected/results/asap7/fully_connected/base/2_1_floorplan.odb
write_sdc -no_timestamp /home/matheus-grossi/Projects/CNN/CNN/synth_org/fully_connected/results/asap7/fully_connected/base/2_1_floorplan.sdc
Elapsed time: 0:01.79[h:]min:sec. CPU time: user 2.07 sys 0.19 (126%). Peak memory: 249304KB.
Log                       Ext     Elapsed/s Peak Memory/MB sha1sum result [0:20)
2_1_floorplan             .odb            1            243 9573d20c167c4f63bc1c
2_1_floorplan             .sdc                             fc285a00e353fc18d53b
/home/matheus-grossi/OpenROAD/OpenROAD-flow-scripts/flow/scripts/flow.sh 2_2_floorplan_macro macro_place
Running macro_place.tcl, stage 2_2_floorplan_macro
source /home/matheus-grossi/OpenROAD/OpenROAD-flow-scripts/flow/platforms/asap7/liberty_suppressions.tcl
read_liberty /home/matheus-grossi/OpenROAD/OpenROAD-flow-scripts/flow/platforms/asap7/lib/NLDM/asap7sc7p5t_AO_RVT_FF_nldm_211120.lib.gz
read_liberty /home/matheus-grossi/OpenROAD/OpenROAD-flow-scripts/flow/platforms/asap7/lib/NLDM/asap7sc7p5t_INVBUF_RVT_FF_nldm_220122.lib.gz
read_liberty /home/matheus-grossi/OpenROAD/OpenROAD-flow-scripts/flow/platforms/asap7/lib/NLDM/asap7sc7p5t_OA_RVT_FF_nldm_211120.lib.gz
read_liberty /home/matheus-grossi/OpenROAD/OpenROAD-flow-scripts/flow/platforms/asap7/lib/NLDM/asap7sc7p5t_SIMPLE_RVT_FF_nldm_211120.lib.gz
read_liberty /home/matheus-grossi/OpenROAD/OpenROAD-flow-scripts/flow/platforms/asap7/lib/NLDM/asap7sc7p5t_SEQ_RVT_FF_nldm_220123.lib
read_db /home/matheus-grossi/Projects/CNN/CNN/synth_org/fully_connected/results/asap7/fully_connected/base/2_1_floorplan.odb
read_sdc /home/matheus-grossi/Projects/CNN/CNN/synth_org/fully_connected/results/asap7/fully_connected/base/2_1_floorplan.sdc
source /home/matheus-grossi/OpenROAD/OpenROAD-flow-scripts/flow/platforms/asap7/setRC.tcl
No macros found: Skipping macro_placement
Design area 1105 um^2 40% utilization.
write_db /home/matheus-grossi/Projects/CNN/CNN/synth_org/fully_connected/results/asap7/fully_connected/base/2_2_floorplan_macro.odb
Elapsed time: 0:01.17[h:]min:sec. CPU time: user 1.08 sys 0.09 (99%). Peak memory: 206140KB.
Log                       Ext     Elapsed/s Peak Memory/MB sha1sum result [0:20)
2_2_floorplan_macro       .odb            1            201 9573d20c167c4f63bc1c
/home/matheus-grossi/OpenROAD/OpenROAD-flow-scripts/flow/scripts/flow.sh 2_3_floorplan_tapcell tapcell
Running tapcell.tcl, stage 2_3_floorplan_tapcell
source /home/matheus-grossi/OpenROAD/OpenROAD-flow-scripts/flow/platforms/asap7/liberty_suppressions.tcl
read_liberty /home/matheus-grossi/OpenROAD/OpenROAD-flow-scripts/flow/platforms/asap7/lib/NLDM/asap7sc7p5t_AO_RVT_FF_nldm_211120.lib.gz
read_liberty /home/matheus-grossi/OpenROAD/OpenROAD-flow-scripts/flow/platforms/asap7/lib/NLDM/asap7sc7p5t_INVBUF_RVT_FF_nldm_220122.lib.gz
read_liberty /home/matheus-grossi/OpenROAD/OpenROAD-flow-scripts/flow/platforms/asap7/lib/NLDM/asap7sc7p5t_OA_RVT_FF_nldm_211120.lib.gz
read_liberty /home/matheus-grossi/OpenROAD/OpenROAD-flow-scripts/flow/platforms/asap7/lib/NLDM/asap7sc7p5t_SIMPLE_RVT_FF_nldm_211120.lib.gz
read_liberty /home/matheus-grossi/OpenROAD/OpenROAD-flow-scripts/flow/platforms/asap7/lib/NLDM/asap7sc7p5t_SEQ_RVT_FF_nldm_220123.lib
read_db /home/matheus-grossi/Projects/CNN/CNN/synth_org/fully_connected/results/asap7/fully_connected/base/2_2_floorplan_macro.odb
read_sdc /home/matheus-grossi/Projects/CNN/CNN/synth_org/fully_connected/results/asap7/fully_connected/base/2_1_floorplan.sdc
source /home/matheus-grossi/OpenROAD/OpenROAD-flow-scripts/flow/platforms/asap7/setRC.tcl
Tap and End Cap cell insertion
  TAP Cell          : TAPCELL_ASAP7_75t_R
  ENDCAP Cell       : TAPCELL_ASAP7_75t_R
  Halo Around Macro : 2 2
  TAP Cell Distance : 25
[INFO TAP-0004] Inserted 388 endcaps.
[INFO TAP-0005] Inserted 196 tapcells.
Design area 1122 um^2 41% utilization.
write_db /home/matheus-grossi/Projects/CNN/CNN/synth_org/fully_connected/results/asap7/fully_connected/base/2_3_floorplan_tapcell.odb
Elapsed time: 0:01.18[h:]min:sec. CPU time: user 1.08 sys 0.09 (99%). Peak memory: 205452KB.
Log                       Ext     Elapsed/s Peak Memory/MB sha1sum result [0:20)
2_3_floorplan_tapcell     .odb            1            200 81886d41d1c016d223ac
/home/matheus-grossi/OpenROAD/OpenROAD-flow-scripts/flow/scripts/flow.sh 2_4_floorplan_pdn pdn
Running pdn.tcl, stage 2_4_floorplan_pdn
source /home/matheus-grossi/OpenROAD/OpenROAD-flow-scripts/flow/platforms/asap7/liberty_suppressions.tcl
read_liberty /home/matheus-grossi/OpenROAD/OpenROAD-flow-scripts/flow/platforms/asap7/lib/NLDM/asap7sc7p5t_AO_RVT_FF_nldm_211120.lib.gz
read_liberty /home/matheus-grossi/OpenROAD/OpenROAD-flow-scripts/flow/platforms/asap7/lib/NLDM/asap7sc7p5t_INVBUF_RVT_FF_nldm_220122.lib.gz
read_liberty /home/matheus-grossi/OpenROAD/OpenROAD-flow-scripts/flow/platforms/asap7/lib/NLDM/asap7sc7p5t_OA_RVT_FF_nldm_211120.lib.gz
read_liberty /home/matheus-grossi/OpenROAD/OpenROAD-flow-scripts/flow/platforms/asap7/lib/NLDM/asap7sc7p5t_SIMPLE_RVT_FF_nldm_211120.lib.gz
read_liberty /home/matheus-grossi/OpenROAD/OpenROAD-flow-scripts/flow/platforms/asap7/lib/NLDM/asap7sc7p5t_SEQ_RVT_FF_nldm_220123.lib
read_db /home/matheus-grossi/Projects/CNN/CNN/synth_org/fully_connected/results/asap7/fully_connected/base/2_3_floorplan_tapcell.odb
read_sdc /home/matheus-grossi/Projects/CNN/CNN/synth_org/fully_connected/results/asap7/fully_connected/base/2_1_floorplan.sdc
source /home/matheus-grossi/OpenROAD/OpenROAD-flow-scripts/flow/platforms/asap7/setRC.tcl
[WARNING PDN-1051] No instances found for grid (CORE_macro_grid_1).
[WARNING PDN-1051] No instances found for grid (CORE_macro_grid_2).
[INFO PDN-0001] Inserting grid: top
[INFO PDN-0500] Runtime: 0.05s
Design area 1122 um^2 41% utilization.
write_db /home/matheus-grossi/Projects/CNN/CNN/synth_org/fully_connected/results/asap7/fully_connected/base/2_4_floorplan_pdn.odb
Elapsed time: 0:01.26[h:]min:sec. CPU time: user 1.16 sys 0.09 (99%). Peak memory: 209824KB.
Log                       Ext     Elapsed/s Peak Memory/MB sha1sum result [0:20)
2_4_floorplan_pdn         .odb            1            204 e64735835a80b473d51c
cp /home/matheus-grossi/Projects/CNN/CNN/synth_org/fully_connected/results/asap7/fully_connected/base/2_4_floorplan_pdn.odb /home/matheus-grossi/Projects/CNN/CNN/synth_org/fully_connected/results/asap7/fully_connected/base/2_floorplan.odb
cp /home/matheus-grossi/Projects/CNN/CNN/synth_org/fully_connected/results/asap7/fully_connected/base/2_1_floorplan.sdc /home/matheus-grossi/Projects/CNN/CNN/synth_org/fully_connected/results/asap7/fully_connected/base/2_floorplan.sdc
/home/matheus-grossi/OpenROAD/OpenROAD-flow-scripts/flow/scripts/flow.sh 3_1_place_gp_skip_io global_place_skip_io
Running global_place_skip_io.tcl, stage 3_1_place_gp_skip_io
source /home/matheus-grossi/OpenROAD/OpenROAD-flow-scripts/flow/platforms/asap7/liberty_suppressions.tcl
read_liberty /home/matheus-grossi/OpenROAD/OpenROAD-flow-scripts/flow/platforms/asap7/lib/NLDM/asap7sc7p5t_AO_RVT_FF_nldm_211120.lib.gz
read_liberty /home/matheus-grossi/OpenROAD/OpenROAD-flow-scripts/flow/platforms/asap7/lib/NLDM/asap7sc7p5t_INVBUF_RVT_FF_nldm_220122.lib.gz
read_liberty /home/matheus-grossi/OpenROAD/OpenROAD-flow-scripts/flow/platforms/asap7/lib/NLDM/asap7sc7p5t_OA_RVT_FF_nldm_211120.lib.gz
read_liberty /home/matheus-grossi/OpenROAD/OpenROAD-flow-scripts/flow/platforms/asap7/lib/NLDM/asap7sc7p5t_SIMPLE_RVT_FF_nldm_211120.lib.gz
read_liberty /home/matheus-grossi/OpenROAD/OpenROAD-flow-scripts/flow/platforms/asap7/lib/NLDM/asap7sc7p5t_SEQ_RVT_FF_nldm_220123.lib
read_db /home/matheus-grossi/Projects/CNN/CNN/synth_org/fully_connected/results/asap7/fully_connected/base/2_floorplan.odb
read_sdc /home/matheus-grossi/Projects/CNN/CNN/synth_org/fully_connected/results/asap7/fully_connected/base/2_floorplan.sdc
source /home/matheus-grossi/OpenROAD/OpenROAD-flow-scripts/flow/platforms/asap7/setRC.tcl
global_placement -skip_io -density 0.6 -pad_left 0 -pad_right 0
[INFO GPL-0190] Using 6 of 12 threads for placement: one per core, SMT siblings idle.
[INFO GPL-0001] ---- Initialize GPL Main Data Structures
[INFO GPL-0002] DBU: 1000
[INFO GPL-0003] SiteSize: (  0.054  0.270 ) um
[INFO GPL-0004] CoreBBox: (  2.052  2.160 ) ( 54.540 54.540 ) um
[INFO GPL-0016] Core area:                    2749.321 um^2
[INFO GPL-0036] Movable instances area:       1104.581 um^2
[INFO GPL-0037] Total instances area:         1121.610 um^2
[INFO GPL-0035] Pin density area adjust:        33.032 um^2
[INFO GPL-0032] ---- Initialize Region: Top-level
[INFO GPL-0006] Number of instances:             10913
[INFO GPL-0007] Movable instances:               10329
[INFO GPL-0008] Fixed instances:                   584
[INFO GPL-0009] Dummy instances:                     0
[INFO GPL-0010] Number of nets:                  12618
[INFO GPL-0011] Number of pins:                  32619
[INFO GPL-0012] Die BBox:       (  0.000  0.000 ) ( 56.540 56.540 ) um
[INFO GPL-0013] Placement BBox: (  2.052  2.160 ) ( 54.540 54.540 ) um
[INFO GPL-0014] Region name: top-level.
[INFO GPL-0015] Region area:                  2749.321 um^2
[INFO GPL-0017] Fixed instances area:           17.029 um^2
[INFO GPL-0018] Movable instances area:       1137.613 um^2
[INFO GPL-0019] Utilization:                    41.636 %
[INFO GPL-0020] Standard cells area:          1137.613 um^2
[INFO GPL-0021] Large instances area:            0.000 um^2
[INFO GPL-0005] ---- Execute Conjugate Gradient Initial Placement.
[INFO GPL-0051] Source of initial instance position counters:
	Odb location = 0	Core center = 10329	Region center = 0
[INFO GPL-0033] ---- Initialize Nesterov Region: Top-level
[INFO GPL-0023] Placement target density:       0.6000
[INFO GPL-0024] Movable insts average area:      0.110 um^2
[INFO GPL-0025] Ideal bin area:                  0.184 um^2
[INFO GPL-0026] Ideal bin count:                 14977
[INFO GPL-0027] Total bin area:               2749.321 um^2
[INFO GPL-0028] Bin count (X, Y):          64 ,     64
[INFO GPL-0029] Bin size (W * H):       0.820 *  0.818 um
[INFO GPL-0030] Number of bins:                   4096
[INFO GPL-0084] ---- Execute Nesterov Global Placement.
[INFO GPL-0031] HPWL: Half-Perimeter Wirelength
Iteration | Overflow |     HPWL (um) |  HPWL(%) |   Penalty | Group
---------------------------------------------------------------
        0 |   0.9957 |  2.515584e+03 |   +0.00% |  1.69e-13 |      
       10 |   0.9944 |  1.517595e+03 |  -39.67% |  2.75e-13 |      
       20 |   0.9944 |  1.398874e+03 |   -7.82% |  4.48e-13 |      
       30 |   0.9940 |  1.266743e+03 |   -9.45% |  7.30e-13 |      
       40 |   0.9937 |  1.131938e+03 |  -10.64% |  1.19e-12 |      
       50 |   0.9932 |  1.004278e+03 |  -11.28% |  1.94e-12 |      
       60 |   0.9927 |  9.076270e+02 |   -9.62% |  3.16e-12 |      
       70 |   0.9922 |  8.755730e+02 |   -3.53% |  5.14e-12 |      
       80 |   0.9919 |  8.898650e+02 |   +1.63% |  8.37e-12 |      
       90 |   0.9915 |  9.265880e+02 |   +4.13% |  1.36e-11 |      
      100 |   0.9915 |  9.903140e+02 |   +6.88% |  2.22e-11 |      
      110 |   0.9915 |  1.104060e+03 |  +11.49% |  3.62e-11 |      
      120 |   0.9914 |  1.318281e+03 |  +19.40% |  5.90e-11 |      
      130 |   0.9899 |  1.694944e+03 |  +28.57% |  9.60e-11 |      
      140 |   0.9880 |  2.314912e+03 |  +36.58% |  1.56e-10 |      
      150 |   0.9800 |  3.199428e+03 |  +38.21% |  2.55e-10 |      
      160 |   0.9643 |  4.573705e+03 |  +42.95% |  4.15e-10 |      
      170 |   0.9327 |  6.311862e+03 |  +38.00% |  6.76e-10 |      
      180 |   0.8842 |  7.714470e+03 |  +22.22% |  1.10e-09 |      
      190 |   0.8419 |  8.510545e+03 |  +10.32% |  1.79e-09 |      
      200 |   0.8171 |  9.065789e+03 |   +6.52% |  2.92e-09 |      
      210 |   0.7811 |  9.880209e+03 |   +8.98% |  4.75e-09 |      
      220 |   0.7376 |  1.078654e+04 |   +9.17% |  7.74e-09 |      
      230 |   0.7012 |  1.176847e+04 |   +9.10% |  1.26e-08 |      
      240 |   0.6634 |  1.278935e+04 |   +8.67% |  2.05e-08 |      
      250 |   0.6114 |  1.350338e+04 |   +5.58% |  3.35e-08 |      
      260 |   0.5765 |  1.421159e+04 |   +5.24% |  5.45e-08 |      
      270 |   0.5320 |  1.452891e+04 |   +2.23% |  8.88e-08 |      
      280 |   0.5094 |  1.486759e+04 |   +2.33% |  1.45e-07 |      
      290 |   0.4750 |  1.507276e+04 |   +1.38% |  2.36e-07 |      
      300 |   0.4222 |  1.514922e+04 |   +0.51% |  3.84e-07 |      
      310 |   0.3960 |  1.514546e+04 |   -0.02% |  6.25e-07 |      
      320 |   0.3482 |  1.522658e+04 |   +0.54% |  1.02e-06 |      
      330 |   0.3143 |  1.498719e+04 |   -1.57% |  1.51e-06 |      
      340 |   0.2849 |  1.486645e+04 |   -0.81% |  2.23e-06 |      
      350 |   0.2526 |  1.481121e+04 |   -0.37% |  3.29e-06 |      
      360 |   0.2215 |  1.483310e+04 |   +0.15% |  4.84e-06 |      
      370 |   0.1946 |  1.484430e+04 |   +0.08% |  7.13e-06 |      
      380 |   0.1690 |  1.492067e+04 |   +0.51% |  1.05e-05 |      
      390 |   0.1467 |  1.498529e+04 |   +0.43% |  1.55e-05 |      
      400 |   0.1246 |  1.501569e+04 |   +0.20% |  2.28e-05 |      
      410 |   0.1055 |  1.503777e+04 |   +0.15% |  3.36e-05 |      
      414 |   0.0997 |  1.505658e+04 |          |  4.08e-05 |      
---------------------------------------------------------------
[INFO GPL-1001] Global placement finished at iteration 414
[INFO GPL-1002] Placed Cell Area             1137.6132
[INFO GPL-1003] Available Free Area          2732.2920
[INFO GPL-1004] Minimum Feasible Density        0.4200 (cell_area / free_area)
[INFO GPL-1006]   Suggested Target Densities:
[INFO GPL-1007]     - For 90% usage of free space: 0.4626
[INFO GPL-1008]     - For 80% usage of free space: 0.5204
[INFO GPL-1009]     - For 50% usage of free space: 0.8327
[INFO GPL-1014] Final placement area: 1137.61 (+0.00%)
[INFO GPL-1018] Final HPWL (um): 15076.74
Design area 1122 um^2 41% utilization.
write_db /home/matheus-grossi/Projects/CNN/CNN/synth_org/fully_connected/results/asap7/fully_connected/base/3_1_place_gp_skip_io.odb
Elapsed time: 0:01.84[h:]min:sec. CPU time: user 4.85 sys 0.10 (269%). Peak memory: 225864KB.
Log                       Ext     Elapsed/s Peak Memory/MB sha1sum result [0:20)
3_1_place_gp_skip_io      .odb            1            220 f3b1ab835fdf4fab0286
/home/matheus-grossi/OpenROAD/OpenROAD-flow-scripts/flow/scripts/flow.sh 3_2_place_iop io_placement
Running io_placement.tcl, stage 3_2_place_iop
source /home/matheus-grossi/OpenROAD/OpenROAD-flow-scripts/flow/platforms/asap7/liberty_suppressions.tcl
read_liberty /home/matheus-grossi/OpenROAD/OpenROAD-flow-scripts/flow/platforms/asap7/lib/NLDM/asap7sc7p5t_AO_RVT_FF_nldm_211120.lib.gz
read_liberty /home/matheus-grossi/OpenROAD/OpenROAD-flow-scripts/flow/platforms/asap7/lib/NLDM/asap7sc7p5t_INVBUF_RVT_FF_nldm_220122.lib.gz
read_liberty /home/matheus-grossi/OpenROAD/OpenROAD-flow-scripts/flow/platforms/asap7/lib/NLDM/asap7sc7p5t_OA_RVT_FF_nldm_211120.lib.gz
read_liberty /home/matheus-grossi/OpenROAD/OpenROAD-flow-scripts/flow/platforms/asap7/lib/NLDM/asap7sc7p5t_SIMPLE_RVT_FF_nldm_211120.lib.gz
read_liberty /home/matheus-grossi/OpenROAD/OpenROAD-flow-scripts/flow/platforms/asap7/lib/NLDM/asap7sc7p5t_SEQ_RVT_FF_nldm_220123.lib
read_db /home/matheus-grossi/Projects/CNN/CNN/synth_org/fully_connected/results/asap7/fully_connected/base/3_1_place_gp_skip_io.odb
read_sdc /home/matheus-grossi/Projects/CNN/CNN/synth_org/fully_connected/results/asap7/fully_connected/base/2_floorplan.sdc
source /home/matheus-grossi/OpenROAD/OpenROAD-flow-scripts/flow/platforms/asap7/setRC.tcl
place_pins -hor_layers M4 -ver_layers M5
Found 0 macro blocks.
Using 2 tracks default min distance between IO pins.
[INFO PPL-0001] Number of available slots 2292
[INFO PPL-0002] Number of I/O             340
[INFO PPL-0003] Number of I/O w/sink      340
[INFO PPL-0004] Number of I/O w/o sink    0
[INFO PPL-0005] Slots per section         200
[INFO PPL-0008] Successfully assigned pins to sections.
[INFO PPL-0012] I/O nets HPWL: 4869.92 um.
Design area 1122 um^2 41% utilization.
write_db /home/matheus-grossi/Projects/CNN/CNN/synth_org/fully_connected/results/asap7/fully_connected/base/3_2_place_iop.odb
Elapsed time: 0:01.20[h:]min:sec. CPU time: user 1.12 sys 0.08 (99%). Peak memory: 208456KB.
Log                       Ext     Elapsed/s Peak Memory/MB sha1sum result [0:20)
3_2_place_iop             .odb            1            203 88e18f45092d25458947
/home/matheus-grossi/OpenROAD/OpenROAD-flow-scripts/flow/scripts/flow.sh 3_3_place_gp global_place
Running global_place.tcl, stage 3_3_place_gp
source /home/matheus-grossi/OpenROAD/OpenROAD-flow-scripts/flow/platforms/asap7/liberty_suppressions.tcl
read_liberty /home/matheus-grossi/OpenROAD/OpenROAD-flow-scripts/flow/platforms/asap7/lib/NLDM/asap7sc7p5t_AO_RVT_FF_nldm_211120.lib.gz
read_liberty /home/matheus-grossi/OpenROAD/OpenROAD-flow-scripts/flow/platforms/asap7/lib/NLDM/asap7sc7p5t_INVBUF_RVT_FF_nldm_220122.lib.gz
read_liberty /home/matheus-grossi/OpenROAD/OpenROAD-flow-scripts/flow/platforms/asap7/lib/NLDM/asap7sc7p5t_OA_RVT_FF_nldm_211120.lib.gz
read_liberty /home/matheus-grossi/OpenROAD/OpenROAD-flow-scripts/flow/platforms/asap7/lib/NLDM/asap7sc7p5t_SIMPLE_RVT_FF_nldm_211120.lib.gz
read_liberty /home/matheus-grossi/OpenROAD/OpenROAD-flow-scripts/flow/platforms/asap7/lib/NLDM/asap7sc7p5t_SEQ_RVT_FF_nldm_220123.lib
read_db /home/matheus-grossi/Projects/CNN/CNN/synth_org/fully_connected/results/asap7/fully_connected/base/3_2_place_iop.odb
read_sdc /home/matheus-grossi/Projects/CNN/CNN/synth_org/fully_connected/results/asap7/fully_connected/base/2_floorplan.sdc
source /home/matheus-grossi/OpenROAD/OpenROAD-flow-scripts/flow/platforms/asap7/setRC.tcl
[INFO RSZ-0026] Removed 193 buffers.
Perform port buffering...
[INFO RSZ-0027] Inserted 258 BUFx2_ASAP7_75t_R input buffers.
[INFO RSZ-0028] Inserted 71 BUFx2_ASAP7_75t_R output buffers.
global_placement -density 0.6 -pad_left 0 -pad_right 0 -routability_driven -timing_driven -force_center_initial_place -min_phi_coef 0.95 -max_phi_coef 1.05
[INFO GPL-0190] Using 6 of 12 threads for placement: one per core, SMT siblings idle.
[INFO GPL-0001] ---- Initialize GPL Main Data Structures
[INFO GPL-0002] DBU: 1000
[INFO GPL-0003] SiteSize: (  0.054  0.270 ) um
[INFO GPL-0004] CoreBBox: (  2.052  2.160 ) ( 54.540 54.540 ) um
[INFO GPL-0016] Core area:                    2749.321 um^2
[INFO GPL-0036] Movable instances area:       1114.393 um^2
[INFO GPL-0037] Total instances area:         1131.423 um^2
[INFO GPL-0035] Pin density area adjust:        33.036 um^2
[INFO GPL-0032] ---- Initialize Region: Top-level
[INFO GPL-0006] Number of instances:             11049
[INFO GPL-0007] Movable instances:               10465
[INFO GPL-0008] Fixed instances:                   584
[INFO GPL-0009] Dummy instances:                     0
[INFO GPL-0010] Number of nets:                  12754
[INFO GPL-0011] Number of pins:                  33231
[INFO GPL-0012] Die BBox:       (  0.000  0.000 ) ( 56.540 56.540 ) um
[INFO GPL-0013] Placement BBox: (  2.052  2.160 ) ( 54.540 54.540 ) um
[INFO GPL-0014] Region name: top-level.
[INFO GPL-0015] Region area:                  2749.321 um^2
[INFO GPL-0017] Fixed instances area:           17.029 um^2
[INFO GPL-0018] Movable instances area:       1147.430 um^2
[INFO GPL-0019] Utilization:                    41.995 %
[INFO GPL-0020] Standard cells area:          1147.430 um^2
[INFO GPL-0021] Large instances area:            0.000 um^2
[INFO GPL-0005] ---- Execute Conjugate Gradient Initial Placement.
[INFO GPL-0051] Source of initial instance position counters:
	Odb location = 0	Core center = 10465	Region center = 0
[InitialPlace]  Iter: 1 conjugate gradient residual: 0.00010356 HPWL: 27717595
[InitialPlace]  Iter: 2 conjugate gradient residual: 0.00003556 HPWL: 22983147
[InitialPlace]  Iter: 3 conjugate gradient residual: 0.00003297 HPWL: 22276337
[InitialPlace]  Iter: 4 conjugate gradient residual: 0.00001760 HPWL: 21832942
[InitialPlace]  Iter: 5 conjugate gradient residual: 0.00001060 HPWL: 21465448
[InitialPlace]  Iter: 6 conjugate gradient residual: 0.00012428 HPWL: 21285730
[InitialPlace]  Iter: 7 conjugate gradient residual: 0.00000667 HPWL: 21123912
[INFO GPL-0033] ---- Initialize Nesterov Region: Top-level
[INFO GPL-0023] Placement target density:       0.6000
[INFO GPL-0024] Movable insts average area:      0.110 um^2
[INFO GPL-0025] Ideal bin area:                  0.183 um^2
[INFO GPL-0026] Ideal bin count:                 15044
[INFO GPL-0027] Total bin area:               2749.321 um^2
[INFO GPL-0028] Bin count (X, Y):          64 ,     64
[INFO GPL-0029] Bin size (W * H):       0.820 *  0.818 um
[INFO GPL-0030] Number of bins:                   4096
[INFO GPL-0084] ---- Execute Nesterov Global Placement.
[INFO GPL-0031] HPWL: Half-Perimeter Wirelength
Iteration | Overflow |     HPWL (um) |  HPWL(%) |   Penalty | Group
---------------------------------------------------------------
        0 |   0.7999 |  1.225093e+04 |   +0.00% |  2.09e-12 |      
       10 |   0.7429 |  1.364016e+04 |  +11.34% |  3.40e-12 |      
       20 |   0.7006 |  1.408031e+04 |   +3.23% |  5.54e-12 |      
       30 |   0.6755 |  1.407227e+04 |   -0.06% |  9.02e-12 |      
       40 |   0.6599 |  1.397081e+04 |   -0.72% |  1.47e-11 |      
       50 |   0.6486 |  1.396782e+04 |   -0.02% |  2.39e-11 |      
       60 |   0.6475 |  1.402149e+04 |   +0.38% |  3.90e-11 |      
       70 |   0.6503 |  1.410674e+04 |   +0.61% |  6.35e-11 |      
       80 |   0.6512 |  1.417281e+04 |   +0.47% |  1.03e-10 |      
       90 |   0.6499 |  1.419533e+04 |   +0.16% |  1.69e-10 |      
      100 |   0.6470 |  1.417677e+04 |   -0.13% |  2.75e-10 |      
      110 |   0.6463 |  1.413748e+04 |   -0.28% |  4.47e-10 |      
      120 |   0.6463 |  1.409424e+04 |   -0.31% |  7.28e-10 |      
      130 |   0.6459 |  1.405751e+04 |   -0.26% |  1.19e-09 |      
      140 |   0.6425 |  1.404389e+04 |   -0.10% |  1.93e-09 |      
      150 |   0.6368 |  1.407504e+04 |   +0.22% |  3.15e-09 |      
[INFO GPL-0100] Timing-driven iteration 1/2, virtual: false.
[INFO GPL-0101]    Iter: 155, overflow: 0.634, keep resizer changes at: 1, HPWL: 14104085
Iteration |   Area    | Resized | Buffers | Nets repaired | Remaining
---------------------------------------------------------------------
        0 |     +0.0% |       0 |       0 |             0 |     12754
    final |     +0.1% |       0 |      16 |            16 |         0
---------------------------------------------------------------------
[INFO RSZ-0035] Found 16 fanout violations.
[INFO RSZ-0038] Inserted 16 buffers in 16 nets.
   Iter   |    Area   | Removed | Inserted |   Pins
          |           | Buffers | Buffers  | Remaining
-------------------------------------------------------
        0 |     +0.0% |       0 |        0 |     12485
     1200 |     +0.0% |       0 |        0 |     11285
     2400 |     +0.0% |       0 |        0 |     10085
     3600 |     +0.0% |       0 |        0 |      8885
     4800 |     +0.0% |       0 |        0 |      7685
     6000 |     +0.0% |       0 |        0 |      6485
     7200 |     +0.0% |       0 |        0 |      5285
     8400 |     +0.0% |       0 |        0 |      4085
     9600 |     +0.0% |       0 |        0 |      2885
    10800 |     +0.0% |       0 |        0 |      1685
    12000 |     +0.0% |       0 |        0 |       485
    final |     +0.0% |      16 |       16 |         0
-------------------------------------------------------
[INFO GPL-0106] Timing-driven: worst slack 5.4632223e-09
[INFO GPL-0107] Timing-driven: repair_design delta area: 1.400 um^2 (+0.12%)
[INFO GPL-0108] Timing-driven: repair_design, gpl delta gcells: 16 (+0.15%)
[INFO GPL-0109] Timing-driven: repair_design, gcells created: 32, deleted: 16
[INFO GPL-0110] Timing-driven: new target density: 0.6005123
Iteration | Overflow |     HPWL (um) |  HPWL(%) |   Penalty | Group
---------------------------------------------------------------
      160 |   0.6261 |  1.485623e+04 |   +5.55% |  5.13e-09 |      
      170 |   0.6180 |  1.487468e+04 |   +0.12% |  8.35e-09 |      
      180 |   0.6163 |  1.480985e+04 |   -0.44% |  1.36e-08 |      
      190 |   0.6057 |  1.489338e+04 |   +0.56% |  2.22e-08 |      
[INFO GPL-0038] Routability snapshot saved at iter = 195
      194 |   0.5979 |  1.497033e+04 |          |           |      
      200 |   0.5806 |  1.511332e+04 |   +1.48% |  3.61e-08 |      
      210 |   0.5543 |  1.526439e+04 |   +1.00% |  5.88e-08 |      
      220 |   0.5252 |  1.540088e+04 |   +0.89% |  9.58e-08 |      
      230 |   0.4868 |  1.560104e+04 |   +1.30% |  1.56e-07 |      
      240 |   0.4540 |  1.578705e+04 |   +1.19% |  2.54e-07 |      
      250 |   0.4215 |  1.597650e+04 |   +1.20% |  4.14e-07 |      
      260 |   0.3865 |  1.614597e+04 |   +1.06% |  6.74e-07 |      
      270 |   0.3467 |  1.630913e+04 |   +1.01% |  1.10e-06 |      
      280 |   0.3127 |  1.638996e+04 |   +0.50% |  1.63e-06 |      
[INFO GPL-0040] Routability iteration: 1
[INFO GPL-0041] Total routing overflow: 0.0000
[INFO GPL-0042] Number of overflowed tiles: 0 (0.00%)
[INFO GPL-0043] Average top 0.5% routing congestion: 0.6456
[INFO GPL-0044] Average top 1.0% routing congestion: 0.6149
[INFO GPL-0045] Average top 2.0% routing congestion: 0.5842
[INFO GPL-0046] Average top 5.0% routing congestion: 0.5421
[INFO GPL-0047] Routability iteration weighted routing congestion: 0.6303
[INFO GPL-0050] Weighted routing congestion is lower than target routing congestion(1.0100), end routability optimization.
[INFO GPL-0090] Routability finished. Target routing congestion achieved succesfully.
Iteration | Overflow |     HPWL (um) |  HPWL(%) |   Penalty | Group
---------------------------------------------------------------
      290 |   0.2889 |  1.641988e+04 |   +0.18% |  2.41e-06 |      
      300 |   0.2546 |  1.650798e+04 |   +0.54% |  3.55e-06 |      
      310 |   0.2271 |  1.651005e+04 |   +0.01% |  5.22e-06 |      
      320 |   0.1984 |  1.656709e+04 |   +0.35% |  7.70e-06 |      
[INFO GPL-0100] Timing-driven iteration 2/2, virtual: false.
[INFO GPL-0101]    Iter: 323, overflow: 0.194, keep resizer changes at: 1, HPWL: 16578008
Iteration |   Area    | Resized | Buffers | Nets repaired | Remaining
---------------------------------------------------------------------
        0 |     +0.0% |       0 |       0 |             0 |     12770
    final |     +0.0% |       0 |       0 |             0 |         0
---------------------------------------------------------------------
   Iter   |    Area   | Removed | Inserted |   Pins
          |           | Buffers | Buffers  | Remaining
-------------------------------------------------------
        0 |     +0.0% |       0 |        0 |     12485
     1200 |     +0.0% |       0 |        0 |     11285
     2400 |     +0.0% |       0 |        0 |     10085
     3600 |     +0.0% |       0 |        0 |      8885
     4800 |     +0.0% |       0 |        0 |      7685
     6000 |     +0.0% |       0 |        0 |      6485
     7200 |     +0.0% |       0 |        0 |      5285
     8400 |     +0.0% |       0 |        0 |      4085
     9600 |     +0.0% |       0 |        0 |      2885
    10800 |     +0.0% |       0 |        0 |      1685
    12000 |     +0.0% |       0 |        0 |       485
    final |     +0.0% |      16 |       16 |         0
-------------------------------------------------------
[INFO GPL-0106] Timing-driven: worst slack 5.4519793e-09
[INFO GPL-0107] Timing-driven: repair_design delta area: 0.000 um^2 (+0.00%)
[INFO GPL-0108] Timing-driven: repair_design, gpl delta gcells: 0 (+0.00%)
[INFO GPL-0109] Timing-driven: repair_design, gcells created: 16, deleted: 16
[INFO GPL-0110] Timing-driven: new target density: 0.6005123
Iteration | Overflow |     HPWL (um) |  HPWL(%) |   Penalty | Group
---------------------------------------------------------------
      330 |   0.1768 |  1.669019e+04 |   +0.74% |  1.13e-05 |      
      340 |   0.1545 |  1.677755e+04 |   +0.52% |  1.67e-05 |      
      350 |   0.1336 |  1.689282e+04 |   +0.69% |  2.46e-05 |      
      360 |   0.1147 |  1.700614e+04 |   +0.67% |  3.62e-05 |      
      368 |   0.0997 |  1.708413e+04 |          |  5.14e-05 |      
---------------------------------------------------------------
[INFO GPL-1001] Global placement finished at iteration 368
[INFO GPL-1017] Routability mode iteration count: 91
[INFO GPL-1005] Routability final weighted congestion: 0.5782
[INFO GPL-1002] Placed Cell Area             1148.8293
[INFO GPL-1003] Available Free Area          2732.2920
[INFO GPL-1004] Minimum Feasible Density        0.4200 (cell_area / free_area)
[INFO GPL-1006]   Suggested Target Densities:
[INFO GPL-1007]     - For 90% usage of free space: 0.4672
[INFO GPL-1008]     - For 80% usage of free space: 0.5256
[INFO GPL-1009]     - For 50% usage of free space: 0.8409
[INFO GPL-1011] Original area (um^2): 1147.43
[INFO GPL-1012] Total routability artificial inflation: 0.00 (+0.00%)
[INFO GPL-1013] Total timing-driven delta area: 1.40 (+0.12%)
[INFO GPL-1014] Final placement area: 1148.83 (+0.12%)
[INFO GPL-1018] Final HPWL (um): 17118.27
Took 5 seconds: global_placement -density 0.6 -pad_left 0 -pad_right 0 -routability_driven -timing_driven -force_center_initial_place -min_phi_coef 0.95 -max_phi_coef 1.05
estimate_parasitics -placement
Report metrics stage 3, global place...

==========================================================================
global place report_design_area
--------------------------------------------------------------------------
Design area 1133 um^2 41% utilization.
write_db /home/matheus-grossi/Projects/CNN/CNN/synth_org/fully_connected/results/asap7/fully_connected/base/3_3_place_gp.odb
Elapsed time: 0:07.34[h:]min:sec. CPU time: user 16.77 sys 1.66 (250%). Peak memory: 437072KB.
Log                       Ext     Elapsed/s Peak Memory/MB sha1sum result [0:20)
3_3_place_gp              .odb            7            426 25046569a7fe06509159
/home/matheus-grossi/OpenROAD/OpenROAD-flow-scripts/flow/scripts/flow.sh 3_4_place_resized resize
Running resize.tcl, stage 3_4_place_resized
source /home/matheus-grossi/OpenROAD/OpenROAD-flow-scripts/flow/platforms/asap7/liberty_suppressions.tcl
read_liberty /home/matheus-grossi/OpenROAD/OpenROAD-flow-scripts/flow/platforms/asap7/lib/NLDM/asap7sc7p5t_AO_RVT_FF_nldm_211120.lib.gz
read_liberty /home/matheus-grossi/OpenROAD/OpenROAD-flow-scripts/flow/platforms/asap7/lib/NLDM/asap7sc7p5t_INVBUF_RVT_FF_nldm_220122.lib.gz
read_liberty /home/matheus-grossi/OpenROAD/OpenROAD-flow-scripts/flow/platforms/asap7/lib/NLDM/asap7sc7p5t_OA_RVT_FF_nldm_211120.lib.gz
read_liberty /home/matheus-grossi/OpenROAD/OpenROAD-flow-scripts/flow/platforms/asap7/lib/NLDM/asap7sc7p5t_SIMPLE_RVT_FF_nldm_211120.lib.gz
read_liberty /home/matheus-grossi/OpenROAD/OpenROAD-flow-scripts/flow/platforms/asap7/lib/NLDM/asap7sc7p5t_SEQ_RVT_FF_nldm_220123.lib
read_db /home/matheus-grossi/Projects/CNN/CNN/synth_org/fully_connected/results/asap7/fully_connected/base/3_3_place_gp.odb
read_sdc /home/matheus-grossi/Projects/CNN/CNN/synth_org/fully_connected/results/asap7/fully_connected/base/2_floorplan.sdc
source /home/matheus-grossi/OpenROAD/OpenROAD-flow-scripts/flow/platforms/asap7/setRC.tcl
estimate_parasitics -placement
Perform buffer insertion and gate resizing...
repair_design -verbose
Iteration |   Area    | Resized | Buffers | Nets repaired | Remaining
---------------------------------------------------------------------
        0 |     +0.0% |       0 |       0 |             0 |     12770
     1000 |     +0.0% |       0 |       0 |             0 |     11770
     2000 |     +0.0% |       0 |       0 |             0 |     10770
     3000 |     +0.0% |       0 |       0 |             0 |      9770
     4000 |     +0.0% |       0 |       0 |             0 |      8770
     5000 |     +0.0% |       0 |       0 |             0 |      7770
     6000 |     +0.0% |       0 |       0 |             0 |      6770
     7000 |     +0.0% |       0 |       0 |             0 |      5770
     8000 |     +0.0% |       0 |       0 |             0 |      4770
     9000 |     +0.0% |       0 |       0 |             0 |      3770
    10000 |     +0.0% |       0 |       0 |             0 |      2770
    11000 |     +0.0% |       0 |       0 |             0 |      1770
    12000 |     +0.0% |       0 |       0 |             0 |       770
    final |     +0.0% |       0 |       0 |             0 |         0
---------------------------------------------------------------------
[INFO RSZ-0504] Runtime: 0.86s
Floating nets: 
Report metrics stage 3, resizer...

==========================================================================
resizer report_design_area
--------------------------------------------------------------------------
Design area 1133 um^2 41% utilization.
Instance count before 11065, after 11065
Pin count before 32923, after 32923
write_db /home/matheus-grossi/Projects/CNN/CNN/synth_org/fully_connected/results/asap7/fully_connected/base/3_4_place_resized.odb
Elapsed time: 0:03.75[h:]min:sec. CPU time: user 5.89 sys 0.59 (172%). Peak memory: 260032KB.
Log                       Ext     Elapsed/s Peak Memory/MB sha1sum result [0:20)
3_4_place_resized         .odb            3            253 25046569a7fe06509159
/home/matheus-grossi/OpenROAD/OpenROAD-flow-scripts/flow/scripts/flow.sh 3_5_place_dp detail_place
Running detail_place.tcl, stage 3_5_place_dp
source /home/matheus-grossi/OpenROAD/OpenROAD-flow-scripts/flow/platforms/asap7/liberty_suppressions.tcl
read_liberty /home/matheus-grossi/OpenROAD/OpenROAD-flow-scripts/flow/platforms/asap7/lib/NLDM/asap7sc7p5t_AO_RVT_FF_nldm_211120.lib.gz
read_liberty /home/matheus-grossi/OpenROAD/OpenROAD-flow-scripts/flow/platforms/asap7/lib/NLDM/asap7sc7p5t_INVBUF_RVT_FF_nldm_220122.lib.gz
read_liberty /home/matheus-grossi/OpenROAD/OpenROAD-flow-scripts/flow/platforms/asap7/lib/NLDM/asap7sc7p5t_OA_RVT_FF_nldm_211120.lib.gz
read_liberty /home/matheus-grossi/OpenROAD/OpenROAD-flow-scripts/flow/platforms/asap7/lib/NLDM/asap7sc7p5t_SIMPLE_RVT_FF_nldm_211120.lib.gz
read_liberty /home/matheus-grossi/OpenROAD/OpenROAD-flow-scripts/flow/platforms/asap7/lib/NLDM/asap7sc7p5t_SEQ_RVT_FF_nldm_220123.lib
read_db /home/matheus-grossi/Projects/CNN/CNN/synth_org/fully_connected/results/asap7/fully_connected/base/3_4_place_resized.odb
read_sdc /home/matheus-grossi/Projects/CNN/CNN/synth_org/fully_connected/results/asap7/fully_connected/base/2_floorplan.sdc
source /home/matheus-grossi/OpenROAD/OpenROAD-flow-scripts/flow/platforms/asap7/setRC.tcl
detailed_placement
[INFO DPL-0006] Core area: 2749.32 um^2
[INFO DPL-0007] Movable instances area: 1115.79 um^2
[INFO DPL-0008] Fixed instances area within core: 17.03 um^2
[INFO DPL-0009] Utilization: 41.2%
[INFO DPL-0005] Diamond search max displacement: +/- 500 sites horizontally, +/- 100 rows vertically.
[INFO DPL-1102] Legalizing using negotiation legalizer.
[INFO DPL-1103] Negotiation base search window: +/-20 sites horizontally, +/-5 rows vertically 
	Automatic search window extension enabled.
	Search window extendable up to the max displacement cap of +/-500 sites, +/-100 rows near walls.
[INFO DPL-1104] NegotiationLegalizer DRC penalty: 5.
[INFO DPL-0392] Negotiation cell height distribution (1 unique row-count(s)):
[INFO DPL-0393]   height 1 row(s): 11065 cells
          |      Total |  Illegal |  Illegal
Iteration | Violations |    Cells |    Sites
---------------------------------------------
        0 |       3826 |       982 |      2806
        1 |         16 |         6 |        10
        2 |          0 |         0 |         0
Negotiation phase 1 converged at iteration 2.
[INFO DPL-0500] Runtime: 0.13s
Placement Analysis
---------------------------------
total displacement       3020.3 u
average displacement        0.3 u
max displacement            1.3 u
original HPWL           17118.3 u
legalized HPWL          19350.1 u
delta HPWL                   13 %

improve_placement -max_displacement "5 1"
Detailed placement improvement.
[INFO DPL-0401] Setting random seed to 1.
[INFO DPL-0402] Setting maximum displacement 5 1 to 1350 270 units.
[INFO DPL-0320] Collected 924 fixed cells.
[INFO DPL-0318] Collected 10481 single height cells.
[INFO DPL-0321] Collected 0 wide cells.
[INFO DPL-0322] Image (2052, 2160) - (54540, 54540)
[INFO DPL-0310] Assigned 10481 cells into segments.  Movement in X-direction is 0.000000, movement in Y-direction is 0.000000.
[INFO DPL-0313] Found 0 cells in wrong regions.
[INFO DPL-0315] Found 0 row alignment problems.
[INFO DPL-0314] Found 0 site alignment problems.
[INFO DPL-0311] Found 0 overlaps between adjacent cells.
[INFO DPL-0312] Found 0 edge spacing violations and 0 padding violations.
[INFO DPL-0303] Running algorithm for independent set matching.
[INFO DPL-0300] Set matching objective is wirelength.
[INFO DPL-0301] Pass   1 of matching; objective is 1.932918e+07.
[INFO DPL-0302] End of matching; objective is 1.926000e+07, improvement is 0.36 percent.
[INFO DPL-0303] Running algorithm for global swaps.
[INFO DPL-0306] Pass   1 of global swaps; hpwl is 1.895638e+07.
[INFO DPL-0306] Pass   2 of global swaps; hpwl is 1.890284e+07.
[INFO DPL-0307] End of global swaps; objective is 1.890284e+07, improvement is 1.85 percent.
[INFO DPL-0303] Running algorithm for vertical swaps.
[INFO DPL-0308] Pass   1 of vertical swaps; hpwl is 1.882559e+07.
[INFO DPL-0309] End of vertical swaps; objective is 1.882559e+07, improvement is 0.41 percent.
[INFO DPL-0303] Running algorithm for reordering.
[INFO DPL-0304] Pass   1 of reordering; objective is 1.877234e+07.
[INFO DPL-0305] End of reordering; objective is 1.877234e+07, improvement is 0.28 percent.
[INFO DPL-0303] Running algorithm for random improvement.
[INFO DPL-0324] Random improver is using random generator.
[INFO DPL-0325] Random improver is using hpwl objective.
[INFO DPL-0326] Random improver cost string is (a).
[INFO DPL-0332] End of pass, Generator random called 209620 times.
[INFO DPL-0335] Generator random, Cumulative attempts 209620, swaps 30355, moves 56528 since last reset.
[INFO DPL-0333] End of pass, Objective hpwl, Initial cost 1.867095e+07, Scratch cost 1.843291e+07, Incremental cost 1.843291e+07, Mismatch? N
[INFO DPL-0338] End of pass, Total cost is 1.843291e+07.
[INFO DPL-0327] Pass   1 of random improver; improvement in cost is 1.27 percent.
[INFO DPL-0332] End of pass, Generator random called 209620 times.
[INFO DPL-0335] Generator random, Cumulative attempts 419240, swaps 59522, moves 113609 since last reset.
[INFO DPL-0333] End of pass, Objective hpwl, Initial cost 1.843291e+07, Scratch cost 1.833529e+07, Incremental cost 1.833529e+07, Mismatch? N
[INFO DPL-0338] End of pass, Total cost is 1.833529e+07.
[INFO DPL-0327] Pass   2 of random improver; improvement in cost is 0.53 percent.
[INFO DPL-0328] End of random improver; improvement is 1.797782 percent.
[INFO DPL-0380] Cell flipping.
[INFO DPL-0382] Changed 0 cell orientations for row compatibility.
[INFO DPL-0383] Performed 3153 cell flips.
[INFO DPL-0384] End of flipping; objective is 1.785424e+07, improvement is 3.16 percent.
[INFO DPL-0313] Found 0 cells in wrong regions.
[INFO DPL-0315] Found 0 row alignment problems.
[INFO DPL-0314] Found 0 site alignment problems.
[INFO DPL-0311] Found 0 overlaps between adjacent cells.
[INFO DPL-0312] Found 0 edge spacing violations and 0 padding violations.
Detailed Improvement Results
------------------------------------------
Original HPWL            19350.1 u (    9610.9,     9739.2)
Final HPWL               17833.0 u (    8628.7,     9204.4)
Delta HPWL                  -7.8 % (     -10.2,       -5.5)

optimize_mirroring
[INFO DPL-0020] Mirrored 1049 instances
[INFO DPL-0021] HPWL before           17833.0 u
[INFO DPL-0022] HPWL after            17789.1 u
[INFO DPL-0023] HPWL delta               -0.2 %
[INFO FLW-0012] Placement violations .
estimate_parasitics -placement
Report metrics stage 3, detailed place...

==========================================================================
detailed place report_design_area
--------------------------------------------------------------------------
Design area 1133 um^2 41% utilization.
write_db /home/matheus-grossi/Projects/CNN/CNN/synth_org/fully_connected/results/asap7/fully_connected/base/3_5_place_dp.odb
write_sdc -no_timestamp /home/matheus-grossi/Projects/CNN/CNN/synth_org/fully_connected/results/asap7/fully_connected/base/3_place.sdc
Elapsed time: 0:05.22[h:]min:sec. CPU time: user 6.89 sys 0.55 (142%). Peak memory: 366828KB.
Log                       Ext     Elapsed/s Peak Memory/MB sha1sum result [0:20)
3_5_place_dp              .odb            5            358 f87b7107ee344b4431e1
cp /home/matheus-grossi/Projects/CNN/CNN/synth_org/fully_connected/results/asap7/fully_connected/base/3_5_place_dp.odb /home/matheus-grossi/Projects/CNN/CNN/synth_org/fully_connected/results/asap7/fully_connected/base/3_place.odb
/home/matheus-grossi/OpenROAD/OpenROAD-flow-scripts/flow/scripts/flow.sh 4_1_cts cts
Running cts.tcl, stage 4_1_cts
source /home/matheus-grossi/OpenROAD/OpenROAD-flow-scripts/flow/platforms/asap7/liberty_suppressions.tcl
read_liberty /home/matheus-grossi/OpenROAD/OpenROAD-flow-scripts/flow/platforms/asap7/lib/NLDM/asap7sc7p5t_AO_RVT_FF_nldm_211120.lib.gz
read_liberty /home/matheus-grossi/OpenROAD/OpenROAD-flow-scripts/flow/platforms/asap7/lib/NLDM/asap7sc7p5t_INVBUF_RVT_FF_nldm_220122.lib.gz
read_liberty /home/matheus-grossi/OpenROAD/OpenROAD-flow-scripts/flow/platforms/asap7/lib/NLDM/asap7sc7p5t_OA_RVT_FF_nldm_211120.lib.gz
read_liberty /home/matheus-grossi/OpenROAD/OpenROAD-flow-scripts/flow/platforms/asap7/lib/NLDM/asap7sc7p5t_SIMPLE_RVT_FF_nldm_211120.lib.gz
read_liberty /home/matheus-grossi/OpenROAD/OpenROAD-flow-scripts/flow/platforms/asap7/lib/NLDM/asap7sc7p5t_SEQ_RVT_FF_nldm_220123.lib
read_db /home/matheus-grossi/Projects/CNN/CNN/synth_org/fully_connected/results/asap7/fully_connected/base/3_place.odb
read_sdc /home/matheus-grossi/Projects/CNN/CNN/synth_org/fully_connected/results/asap7/fully_connected/base/3_place.sdc
source /home/matheus-grossi/OpenROAD/OpenROAD-flow-scripts/flow/platforms/asap7/setRC.tcl
clock_tree_synthesis -sink_clustering_enable -repair_clock_nets
[INFO CTS-0050] Root buffer is BUFx16f_ASAP7_75t_R.
[INFO CTS-0051] Sink buffer is BUFx24_ASAP7_75t_R.
[INFO CTS-0052] The following clock buffers will be used for CTS:
                    BUFx16f_ASAP7_75t_R
                    BUFx24_ASAP7_75t_R
[INFO CTS-0049] Characterization buffer is BUFx24_ASAP7_75t_R.
[INFO CTS-0007] Net "clk" found for clock "core_clk".
[INFO CTS-0010]  Clock net "clk" has 492 sinks.
[INFO CTS-0008] TritonCTS found 1 clock nets.
[INFO CTS-0097] Characterization used 2 buffer(s) types.
[INFO CTS-0201] 0 blockages from hard placement blockages and placed macros will be used.
[INFO CTS-0027] Generating H-Tree topology for net clk.
[INFO CTS-0028]  Total number of sinks: 492.
[INFO CTS-0090]  Sinks will be clustered based on buffer max cap.
[INFO CTS-0030]  Number of static layers: 0.
[INFO CTS-0020]  Wire segment unit: 1350  dbu (1 um).
[INFO CTS-0206] Best clustering solution was found from max clustering size of 23 and max clustering diameter of 19.
[INFO CTS-0019]  Total number of sinks after clustering: 28.
[INFO CTS-0024]  Normalized sink region: [(4.81963, 5.79524), (35.9519, 37.9095)].
[INFO CTS-0025]     Width:  31.1322.
[INFO CTS-0026]     Height: 32.1143.
 Level 1
    Direction: Vertical
    Sinks per sub-region: 14
    Sub-region size: 31.1322 X 16.0571
[INFO CTS-0034]     Segment length (rounded): 8.
[INFO CTS-0038]  Stop criterion found. Sink region hpwl is smaller than max wirelength (137.460 um) and max number of sinks is 15.
[INFO CTS-0035]  Number of sinks covered: 28.
[INFO CTS-0018]     Created 31 clock buffers.
[INFO CTS-0012]     Minimum number of buffers in the clock path: 3.
[INFO CTS-0013]     Maximum number of buffers in the clock path: 3.
[INFO CTS-0015]     Created 31 clock nets.
[INFO CTS-0016]     Fanout distribution for the current clock = 4:1, 10:2, 13:1, 14:1, 15:1, 16:2, 17:5, 18:4, 19:3, 20:5, 21:3, 22:1, 23:1..
[INFO CTS-0017]     Max level of the clock tree: 1.
[INFO CTS-0098] Clock net "clk"
[INFO CTS-0099]  Sinks 518
[INFO CTS-0100]  Leaf buffers 28
[INFO CTS-0101]  Average sink wire length 84.09 um
[INFO CTS-0102]  Path depth 2 - 3
[INFO CTS-0207]  Dummy loads inserted 26
[INFO CTS-0500] Runtime: 2.55s
estimate_parasitics -placement
detailed_placement
[INFO DPL-0006] Core area: 2749.32 um^2
[INFO DPL-0007] Movable instances area: 1134.24 um^2
[INFO DPL-0008] Fixed instances area within core: 17.03 um^2
[INFO DPL-0009] Utilization: 41.9%
[INFO DPL-0005] Diamond search max displacement: +/- 500 sites horizontally, +/- 100 rows vertically.
[INFO DPL-1102] Legalizing using negotiation legalizer.
[INFO DPL-1103] Negotiation base search window: +/-20 sites horizontally, +/-5 rows vertically 
	Automatic search window extension enabled.
	Search window extendable up to the max displacement cap of +/-500 sites, +/-100 rows near walls.
[INFO DPL-1104] NegotiationLegalizer DRC penalty: 5.
[INFO DPL-0392] Negotiation cell height distribution (1 unique row-count(s)):
[INFO DPL-0393]   height 1 row(s): 11122 cells
          |      Total |  Illegal |  Illegal
Iteration | Violations |    Cells |    Sites
---------------------------------------------
        0 |        188 |        32 |       156
        1 |         12 |         2 |        10
        2 |          0 |         0 |         0
Negotiation phase 1 converged at iteration 2.
[INFO DPL-0500] Runtime: 0.07s
Placement Analysis
---------------------------------
total displacement       1397.4 u
average displacement        0.1 u
max displacement            1.5 u
original HPWL           18278.5 u
legalized HPWL          18969.1 u
delta HPWL                    4 %

estimate_parasitics -placement
repair_timing -setup_margin 0 -hold_margin 0 -repair_tns 100 -verbose
[INFO RSZ-0100] Repair move sequence: UnbufferMove SizeUpMove SwapPinsMove BufferMove CloneMove SplitLoadMove 
[INFO RSZ-0098] No setup violations found
[INFO RSZ-0505] Runtime: 0.30s
[INFO RSZ-0033] No hold violations found.
[INFO RSZ-0506] Runtime: 0.04s
Repair timing output passed lec test
detailed_placement
[INFO DPL-0006] Core area: 2749.32 um^2
[INFO DPL-0007] Movable instances area: 1134.24 um^2
[INFO DPL-0008] Fixed instances area within core: 17.03 um^2
[INFO DPL-0009] Utilization: 41.9%
[INFO DPL-0005] Diamond search max displacement: +/- 500 sites horizontally, +/- 100 rows vertically.
[INFO DPL-1102] Legalizing using negotiation legalizer.
[INFO DPL-1103] Negotiation base search window: +/-20 sites horizontally, +/-5 rows vertically 
	Automatic search window extension enabled.
	Search window extendable up to the max displacement cap of +/-500 sites, +/-100 rows near walls.
[INFO DPL-1104] NegotiationLegalizer DRC penalty: 5.
[INFO DPL-0392] Negotiation cell height distribution (1 unique row-count(s)):
[INFO DPL-0393]   height 1 row(s): 11122 cells
[INFO DPL-0500] Runtime: 0.05s
Placement Analysis
---------------------------------
total displacement          0.0 u
average displacement        0.0 u
max displacement            0.0 u
original HPWL           18969.1 u
legalized HPWL          18969.1 u
delta HPWL                    0 %

estimate_parasitics -placement
Report metrics stage 4, cts final...

==========================================================================
cts final report_design_area
--------------------------------------------------------------------------
Design area 1151 um^2 42% utilization.
write_db /home/matheus-grossi/Projects/CNN/CNN/synth_org/fully_connected/results/asap7/fully_connected/base/4_1_cts.odb
write_sdc -no_timestamp /home/matheus-grossi/Projects/CNN/CNN/synth_org/fully_connected/results/asap7/fully_connected/base/4_cts.sdc
Elapsed time: 0:07.74[h:]min:sec. CPU time: user 11.73 sys 1.06 (165%). Peak memory: 387752KB.
Log                       Ext     Elapsed/s Peak Memory/MB sha1sum result [0:20)
4_1_cts                   .odb            7            378 d8b96976a2f166027f81
cp /home/matheus-grossi/Projects/CNN/CNN/synth_org/fully_connected/results/asap7/fully_connected/base/4_1_cts.odb /home/matheus-grossi/Projects/CNN/CNN/synth_org/fully_connected/results/asap7/fully_connected/base/4_cts.odb
/home/matheus-grossi/OpenROAD/OpenROAD-flow-scripts/flow/scripts/flow.sh 5_1_grt global_route
Running global_route.tcl, stage 5_1_grt
source /home/matheus-grossi/OpenROAD/OpenROAD-flow-scripts/flow/platforms/asap7/liberty_suppressions.tcl
read_liberty /home/matheus-grossi/OpenROAD/OpenROAD-flow-scripts/flow/platforms/asap7/lib/NLDM/asap7sc7p5t_AO_RVT_FF_nldm_211120.lib.gz
read_liberty /home/matheus-grossi/OpenROAD/OpenROAD-flow-scripts/flow/platforms/asap7/lib/NLDM/asap7sc7p5t_INVBUF_RVT_FF_nldm_220122.lib.gz
read_liberty /home/matheus-grossi/OpenROAD/OpenROAD-flow-scripts/flow/platforms/asap7/lib/NLDM/asap7sc7p5t_OA_RVT_FF_nldm_211120.lib.gz
read_liberty /home/matheus-grossi/OpenROAD/OpenROAD-flow-scripts/flow/platforms/asap7/lib/NLDM/asap7sc7p5t_SIMPLE_RVT_FF_nldm_211120.lib.gz
read_liberty /home/matheus-grossi/OpenROAD/OpenROAD-flow-scripts/flow/platforms/asap7/lib/NLDM/asap7sc7p5t_SEQ_RVT_FF_nldm_220123.lib
read_db /home/matheus-grossi/Projects/CNN/CNN/synth_org/fully_connected/results/asap7/fully_connected/base/4_cts.odb
read_sdc /home/matheus-grossi/Projects/CNN/CNN/synth_org/fully_connected/results/asap7/fully_connected/base/4_cts.sdc
source /home/matheus-grossi/OpenROAD/OpenROAD-flow-scripts/flow/platforms/asap7/setRC.tcl
pin_access
[INFO DRT-0149] Reading tech and libs.

Units:                1000
Number of layers:     21
Number of macros:     212
Number of vias:       14
Number of viarulegen: 11

[INFO DRT-0150] Reading design.

Design:                   FCLayer
Die area:                 ( 0 0 ) ( 56540 56540 )
Number of track patterns: 32
Number of DEF vias:       0
Number of components:     11122
Number of terminals:      342
Number of snets:          2
Number of nets:           12801

[INFO DRT-0167] List of default vias:
  Layer V2
    default via: VIA23
  Layer V3
    default via: VIA34
  Layer V4
    default via: VIA45
  Layer V5
    default via: VIA56
  Layer V6
    default via: VIA67
  Layer V7
    default via: VIA78
  Layer V8
    default via: VIA89
  Layer V9
    default via: VIA9Pad
[INFO DRT-0162] Library cell analysis.
[INFO DRT-0163] Instance analysis.
[INFO DRT-0164] Number of unique instances = 171.
[INFO DRT-0168] Init region query.
[INFO DRT-0024]   Complete Active.
[INFO DRT-0024]   Complete V0.
[INFO DRT-0024]   Complete M1.
[INFO DRT-0024]   Complete V1.
[INFO DRT-0024]   Complete M2.
[INFO DRT-0024]   Complete V2.
[INFO DRT-0024]   Complete M3.
[INFO DRT-0024]   Complete V3.
[INFO DRT-0024]   Complete M4.
[INFO DRT-0024]   Complete V4.
[INFO DRT-0024]   Complete M5.
[INFO DRT-0024]   Complete V5.
[INFO DRT-0024]   Complete M6.
[INFO DRT-0024]   Complete V6.
[INFO DRT-0024]   Complete M7.
[INFO DRT-0024]   Complete V7.
[INFO DRT-0024]   Complete M8.
[INFO DRT-0024]   Complete V8.
[INFO DRT-0024]   Complete M9.
[INFO DRT-0024]   Complete V9.
[INFO DRT-0024]   Complete Pad.
[INFO DRT-0033] Active shape region query size = 0.
[INFO DRT-0033] V0 shape region query size = 0.
[INFO DRT-0033] M1 shape region query size = 181817.
[INFO DRT-0033] V1 shape region query size = 301288.
[INFO DRT-0033] M2 shape region query size = 8381.
[INFO DRT-0033] V2 shape region query size = 5850.
[INFO DRT-0033] M3 shape region query size = 5850.
[INFO DRT-0033] V3 shape region query size = 3900.
[INFO DRT-0033] M4 shape region query size = 4064.
[INFO DRT-0033] V4 shape region query size = 3900.
[INFO DRT-0033] M5 shape region query size = 2346.
[INFO DRT-0033] V5 shape region query size = 400.
[INFO DRT-0033] M6 shape region query size = 240.
[INFO DRT-0033] V6 shape region query size = 0.
[INFO DRT-0033] M7 shape region query size = 0.
[INFO DRT-0033] V7 shape region query size = 0.
[INFO DRT-0033] M8 shape region query size = 0.
[INFO DRT-0033] V8 shape region query size = 0.
[INFO DRT-0033] M9 shape region query size = 0.
[INFO DRT-0033] V9 shape region query size = 0.
[INFO DRT-0033] Pad shape region query size = 0.
[INFO DRT-0165] Start pin access.
[INFO DRT-0078]   Complete 995 pins.
[INFO DRT-0079]   Complete 100 unique inst patterns.
[INFO DRT-0081]   Complete 171 unique inst patterns.
[INFO DRT-0084]   Complete 6245 groups.
#scanned instances     = 11122
#unique  instances     = 171
#stdCellGenAp          = 4866
#stdCellValidPlanarAp  = 62
#stdCellValidViaAp     = 3979
#stdCellPinNoAp        = 0
#stdCellPinCnt         = 33001
#instTermValidViaApCnt = 0
#macroGenAp            = 0
#macroValidPlanarAp    = 0
#macroValidViaAp       = 0
#macroNoAp             = 0
[INFO DRT-0166] Complete pin access.
[INFO DRT-0267] cpu time = 00:02:56, elapsed time = 00:00:16, memory = 250.43 (MB), peak = 248.94 (MB)
Took 17 seconds: pin_access
global_route -congestion_report_file /home/matheus-grossi/Projects/CNN/CNN/synth_org/fully_connected/reports/asap7/fully_connected/base/congestion.rpt -congestion_iterations 30 -congestion_report_iter_step 5 -verbose -resistance_aware
[INFO GRT-0020] Min routing layer: M2
[INFO GRT-0021] Max routing layer: M7
[INFO GRT-0022] Global adjustment: 0%
[INFO GRT-0023] Grid origin: (0, 0)
[INFO GRT-0088] Layer M1      Track-Pitch = 0.0360  line-2-Via Pitch: 0.0360
[INFO GRT-0088] Layer M2      Track-Pitch = 0.0390  line-2-Via Pitch: 0.0360
[INFO GRT-0088] Layer M3      Track-Pitch = 0.0360  line-2-Via Pitch: 0.0360
[INFO GRT-0088] Layer M4      Track-Pitch = 0.0480  line-2-Via Pitch: 0.0480
[INFO GRT-0088] Layer M5      Track-Pitch = 0.0480  line-2-Via Pitch: 0.0480
[INFO GRT-0088] Layer M6      Track-Pitch = 0.0640  line-2-Via Pitch: 0.0640
[INFO GRT-0088] Layer M7      Track-Pitch = 0.0640  line-2-Via Pitch: 0.0640
[INFO GRT-0003] Macros: 0
[INFO GRT-0004] Blockages: 1476
[INFO GRT-0019] Found 32 clock nets.
[INFO GRT-0001] Minimum degree: 2
[INFO GRT-0002] Maximum degree: 49

[INFO GRT-0053] Routing resources analysis:
          Routing      Original      Derated      Resource
Layer     Direction    Resources     Resources    Reduction (%)
---------------------------------------------------------------
M1         Vertical            0             0          0.00%
M2         Horizontal     128303         91517          28.67%
M3         Vertical       148867        110791          25.58%
M4         Horizontal     114026         84822          25.61%
M5         Vertical       110444         82069          25.69%
M6         Horizontal      77242         52514          32.01%
M7         Vertical        86534         58310          32.62%
---------------------------------------------------------------

[INFO GRT-0197] Via related to pin nodes: 56909
[INFO GRT-0198] Via related Steiner nodes: 676
[INFO GRT-0199] Via filling finished.
[INFO GRT-0111] Final number of vias: 71956
[INFO GRT-0112] Final usage 3D: 254719

[INFO GRT-0096] Final congestion report:
Layer         Resource        Demand        Usage (%)    Max H / Max V / Total Congestion
---------------------------------------------------------------------------------------
M1                   0             0            0.00%             0 /  0 /  0
M2               91517         16794           18.35%             0 /  0 /  0
M3              110791         17506           15.80%             0 /  0 /  0
M4               84822          2249            2.65%             0 /  0 /  0
M5               82069          1126            1.37%             0 /  0 /  0
M6               52514           600            1.14%             0 /  0 /  0
M7               58310           576            0.99%             0 /  0 /  0
---------------------------------------------------------------------------------------
Total           480023         38851            8.09%             0 /  0 /  0

[INFO GRT-0018] Total wirelength: 34214 um
[INFO GRT-0014] Routed nets: 12801
[INFO GRT-0303] Global routing runtime = 00:00:02
estimate_parasitics -global_routing
Perform buffer insertion and gate resizing...
repair_design -verbose
Iteration |   Area    | Resized | Buffers | Nets repaired | Remaining
---------------------------------------------------------------------
        0 |     +0.0% |       0 |       0 |             0 |     12827
     1000 |     +0.0% |       0 |       0 |             0 |     11827
     2000 |     +0.0% |       0 |       0 |             0 |     10827
     3000 |     +0.0% |       0 |       0 |             0 |      9827
     4000 |     +0.0% |       0 |       0 |             0 |      8827
     5000 |     +0.0% |       0 |       0 |             0 |      7827
     6000 |     +0.0% |       0 |       0 |             0 |      6827
     7000 |     +0.0% |       0 |       0 |             0 |      5827
     8000 |     +0.0% |       0 |       0 |             0 |      4827
     9000 |     +0.0% |       0 |       0 |             0 |      3827
    10000 |     +0.0% |       0 |       0 |             0 |      2827
    11000 |     +0.0% |       0 |       0 |             0 |      1827
    12000 |     +0.0% |       0 |       0 |             0 |       827
    final |     +0.0% |       0 |       0 |             0 |         0
---------------------------------------------------------------------
[INFO RSZ-0504] Runtime: 1.05s
global_route -start_incremental
detailed_placement
[INFO DPL-0006] Core area: 2749.32 um^2
[INFO DPL-0007] Movable instances area: 1134.24 um^2
[INFO DPL-0008] Fixed instances area within core: 17.03 um^2
[INFO DPL-0009] Utilization: 41.9%
[INFO DPL-0005] Diamond search max displacement: +/- 500 sites horizontally, +/- 100 rows vertically.
[INFO DPL-1102] Legalizing using negotiation legalizer.
[INFO DPL-1103] Negotiation base search window: +/-20 sites horizontally, +/-5 rows vertically 
	Automatic search window extension enabled.
	Search window extendable up to the max displacement cap of +/-500 sites, +/-100 rows near walls.
[INFO DPL-1104] NegotiationLegalizer DRC penalty: 5.
[INFO DPL-0392] Negotiation cell height distribution (1 unique row-count(s)):
[INFO DPL-0393]   height 1 row(s): 11122 cells
[INFO DPL-0500] Runtime: 0.06s
Placement Analysis
---------------------------------
total displacement          0.0 u
average displacement        0.0 u
max displacement            0.0 u
original HPWL           18969.1 u
legalized HPWL          18969.1 u
delta HPWL                    0 %

global_route -end_incremental -resistance_aware -congestion_report_file /home/matheus-grossi/Projects/CNN/CNN/synth_org/fully_connected/reports/asap7/fully_connected/base/congestion_post_repair_design.rpt
Repair setup and hold violations...
estimate_parasitics -global_routing
repair_timing -setup_margin 0 -hold_margin 0 -repair_tns 100 -verbose
[INFO RSZ-0100] Repair move sequence: UnbufferMove SizeUpMove SwapPinsMove BufferMove CloneMove SplitLoadMove 
[INFO RSZ-0098] No setup violations found
[INFO RSZ-0505] Runtime: 0.31s
[INFO RSZ-0033] No hold violations found.
[INFO RSZ-0506] Runtime: 0.08s
global_route -start_incremental
detailed_placement
[INFO DPL-0006] Core area: 2749.32 um^2
[INFO DPL-0007] Movable instances area: 1134.24 um^2
[INFO DPL-0008] Fixed instances area within core: 17.03 um^2
[INFO DPL-0009] Utilization: 41.9%
[INFO DPL-0005] Diamond search max displacement: +/- 500 sites horizontally, +/- 100 rows vertically.
[INFO DPL-1102] Legalizing using negotiation legalizer.
[INFO DPL-1103] Negotiation base search window: +/-20 sites horizontally, +/-5 rows vertically 
	Automatic search window extension enabled.
	Search window extendable up to the max displacement cap of +/-500 sites, +/-100 rows near walls.
[INFO DPL-1104] NegotiationLegalizer DRC penalty: 5.
[INFO DPL-0392] Negotiation cell height distribution (1 unique row-count(s)):
[INFO DPL-0393]   height 1 row(s): 11122 cells
[INFO DPL-0500] Runtime: 0.07s
Placement Analysis
---------------------------------
total displacement          0.0 u
average displacement        0.0 u
max displacement            0.0 u
original HPWL           18969.1 u
legalized HPWL          18969.1 u
delta HPWL                    0 %

check_placement -verbose
global_route -end_incremental -resistance_aware -congestion_report_file /home/matheus-grossi/Projects/CNN/CNN/synth_org/fully_connected/reports/asap7/fully_connected/base/congestion_post_repair_timing.rpt
estimate_parasitics -global_routing
repair_timing -setup -sequence "vt_swap reroute" -skip_last_gasp -repair_tns 0 -verbose
[INFO RSZ-0100] Repair move sequence: RerouteMove 
[INFO RSZ-0098] No setup violations found
[INFO RSZ-0505] Runtime: 0.35s
Repair antennas...
[WARNING GRT-0246] No diode with LEF class CORE ANTENNACELL found.
[INFO ANT-0002] Found 0 net violations.
[INFO ANT-0001] Found 0 pin violations.
Estimate parasitics...
estimate_parasitics -global_routing
Report metrics stage 5, global route...

==========================================================================
global route report_design_area
--------------------------------------------------------------------------
Design area 1151 um^2 42% utilization.
[INFO FLW-0007] clock core_clk period 10000.000000
[INFO FLW-0008] Clock core_clk period 4347.988
[INFO FLW-0009] Clock core_clk slack 5423.171
write_sdc -no_timestamp /home/matheus-grossi/Projects/CNN/CNN/synth_org/fully_connected/results/asap7/fully_connected/base/updated_clks.sdc
[INFO FLW-0011] Path endpoint path count 589
write_db /home/matheus-grossi/Projects/CNN/CNN/synth_org/fully_connected/results/asap7/fully_connected/base/5_1_grt.odb
write_sdc -no_timestamp /home/matheus-grossi/Projects/CNN/CNN/synth_org/fully_connected/results/asap7/fully_connected/base/5_1_grt.sdc
Elapsed time: 0:25.93[h:]min:sec. CPU time: user 201.08 sys 2.24 (784%). Peak memory: 493836KB.
Log                       Ext     Elapsed/s Peak Memory/MB sha1sum result [0:20)
5_1_grt                   .odb           25            482 da510b2bf7056da70c98
5_1_grt                   .sdc                             d40b3d89c2f03ba4df89
/home/matheus-grossi/OpenROAD/OpenROAD-flow-scripts/flow/scripts/flow.sh 5_2_route detail_route
Running detail_route.tcl, stage 5_2_route
source /home/matheus-grossi/OpenROAD/OpenROAD-flow-scripts/flow/platforms/asap7/liberty_suppressions.tcl
read_liberty /home/matheus-grossi/OpenROAD/OpenROAD-flow-scripts/flow/platforms/asap7/lib/NLDM/asap7sc7p5t_AO_RVT_FF_nldm_211120.lib.gz
read_liberty /home/matheus-grossi/OpenROAD/OpenROAD-flow-scripts/flow/platforms/asap7/lib/NLDM/asap7sc7p5t_INVBUF_RVT_FF_nldm_220122.lib.gz
read_liberty /home/matheus-grossi/OpenROAD/OpenROAD-flow-scripts/flow/platforms/asap7/lib/NLDM/asap7sc7p5t_OA_RVT_FF_nldm_211120.lib.gz
read_liberty /home/matheus-grossi/OpenROAD/OpenROAD-flow-scripts/flow/platforms/asap7/lib/NLDM/asap7sc7p5t_SIMPLE_RVT_FF_nldm_211120.lib.gz
read_liberty /home/matheus-grossi/OpenROAD/OpenROAD-flow-scripts/flow/platforms/asap7/lib/NLDM/asap7sc7p5t_SEQ_RVT_FF_nldm_220123.lib
read_db /home/matheus-grossi/Projects/CNN/CNN/synth_org/fully_connected/results/asap7/fully_connected/base/5_1_grt.odb
read_sdc /home/matheus-grossi/Projects/CNN/CNN/synth_org/fully_connected/results/asap7/fully_connected/base/5_1_grt.sdc
source /home/matheus-grossi/OpenROAD/OpenROAD-flow-scripts/flow/platforms/asap7/setRC.tcl
detailed_route -output_drc /home/matheus-grossi/Projects/CNN/CNN/synth_org/fully_connected/reports/asap7/fully_connected/base/5_route_drc.rpt -output_maze /home/matheus-grossi/Projects/CNN/CNN/synth_org/fully_connected/results/asap7/fully_connected/base/maze.log -droute_end_iter 64 -verbose 1 -drc_report_iter_step 5
[INFO DRT-0149] Reading tech and libs.

Units:                1000
Number of layers:     21
Number of macros:     212
Number of vias:       14
Number of viarulegen: 11

[INFO DRT-0150] Reading design.

Design:                   FCLayer
Die area:                 ( 0 0 ) ( 56540 56540 )
Number of track patterns: 32
Number of DEF vias:       0
Number of components:     11122
Number of terminals:      342
Number of snets:          2
Number of nets:           12801

[INFO DRT-0167] List of default vias:
  Layer V2
    default via: VIA23
  Layer V3
    default via: VIA34
  Layer V4
    default via: VIA45
  Layer V5
    default via: VIA56
  Layer V6
    default via: VIA67
  Layer V7
    default via: VIA78
  Layer V8
    default via: VIA89
  Layer V9
    default via: VIA9Pad
[INFO DRT-0162] Library cell analysis.
[INFO DRT-0163] Instance analysis.
[INFO DRT-0164] Number of unique instances = 171.
[INFO DRT-0168] Init region query.
[INFO DRT-0024]   Complete Active.
[INFO DRT-0024]   Complete V0.
[INFO DRT-0024]   Complete M1.
[INFO DRT-0024]   Complete V1.
[INFO DRT-0024]   Complete M2.
[INFO DRT-0024]   Complete V2.
[INFO DRT-0024]   Complete M3.
[INFO DRT-0024]   Complete V3.
[INFO DRT-0024]   Complete M4.
[INFO DRT-0024]   Complete V4.
[INFO DRT-0024]   Complete M5.
[INFO DRT-0024]   Complete V5.
[INFO DRT-0024]   Complete M6.
[INFO DRT-0024]   Complete V6.
[INFO DRT-0024]   Complete M7.
[INFO DRT-0024]   Complete V7.
[INFO DRT-0024]   Complete M8.
[INFO DRT-0024]   Complete V8.
[INFO DRT-0024]   Complete M9.
[INFO DRT-0024]   Complete V9.
[INFO DRT-0024]   Complete Pad.
[INFO DRT-0033] Active shape region query size = 0.
[INFO DRT-0033] V0 shape region query size = 0.
[INFO DRT-0033] M1 shape region query size = 181817.
[INFO DRT-0033] V1 shape region query size = 301288.
[INFO DRT-0033] M2 shape region query size = 8381.
[INFO DRT-0033] V2 shape region query size = 5850.
[INFO DRT-0033] M3 shape region query size = 5850.
[INFO DRT-0033] V3 shape region query size = 3900.
[INFO DRT-0033] M4 shape region query size = 4064.
[INFO DRT-0033] V4 shape region query size = 3900.
[INFO DRT-0033] M5 shape region query size = 2346.
[INFO DRT-0033] V5 shape region query size = 400.
[INFO DRT-0033] M6 shape region query size = 240.
[INFO DRT-0033] V6 shape region query size = 0.
[INFO DRT-0033] M7 shape region query size = 0.
[INFO DRT-0033] V7 shape region query size = 0.
[INFO DRT-0033] M8 shape region query size = 0.
[INFO DRT-0033] V8 shape region query size = 0.
[INFO DRT-0033] M9 shape region query size = 0.
[INFO DRT-0033] V9 shape region query size = 0.
[INFO DRT-0033] Pad shape region query size = 0.
[INFO DRT-0165] Start pin access.
[INFO DRT-0078]   Complete 995 pins.
[INFO DRT-0079]   Complete 100 unique inst patterns.
[INFO DRT-0081]   Complete 171 unique inst patterns.
[INFO DRT-0084]   Complete 6245 groups.
#scanned instances     = 11122
#unique  instances     = 171
#stdCellGenAp          = 4866
#stdCellValidPlanarAp  = 62
#stdCellValidViaAp     = 3979
#stdCellPinNoAp        = 0
#stdCellPinCnt         = 33001
#instTermValidViaApCnt = 0
#macroGenAp            = 0
#macroValidPlanarAp    = 0
#macroValidViaAp       = 0
#macroNoAp             = 0
[INFO DRT-0166] Complete pin access.
[INFO DRT-0267] cpu time = 00:02:57, elapsed time = 00:00:16, memory = 396.52 (MB), peak = 395.46 (MB)

[INFO DRT-0157] Number of guides:     74230

[INFO DRT-0169] Post process guides.
[INFO DRT-0176] GCELLGRID X 0 DO 99 STEP 570 ;
[INFO DRT-0177] GCELLGRID Y 0 DO 99 STEP 570 ;
[INFO DRT-0028]   Complete Active.
[INFO DRT-0028]   Complete V0.
[INFO DRT-0028]   Complete M1.
[INFO DRT-0028]   Complete V1.
[INFO DRT-0028]   Complete M2.
[INFO DRT-0028]   Complete V2.
[INFO DRT-0028]   Complete M3.
[INFO DRT-0028]   Complete V3.
[INFO DRT-0028]   Complete M4.
[INFO DRT-0028]   Complete V4.
[INFO DRT-0028]   Complete M5.
[INFO DRT-0028]   Complete V5.
[INFO DRT-0028]   Complete M6.
[INFO DRT-0028]   Complete V6.
[INFO DRT-0028]   Complete M7.
[INFO DRT-0028]   Complete V7.
[INFO DRT-0028]   Complete M8.
[INFO DRT-0028]   Complete V8.
[INFO DRT-0028]   Complete M9.
[INFO DRT-0028]   Complete V9.
[INFO DRT-0028]   Complete Pad.
[INFO DRT-0178] Init guide query.
[INFO DRT-0035]   Complete Active (guide).
[INFO DRT-0035]   Complete V0 (guide).
[INFO DRT-0035]   Complete M1 (guide).
[INFO DRT-0035]   Complete V1 (guide).
[INFO DRT-0035]   Complete M2 (guide).
[INFO DRT-0035]   Complete V2 (guide).
[INFO DRT-0035]   Complete M3 (guide).
[INFO DRT-0035]   Complete V3 (guide).
[INFO DRT-0035]   Complete M4 (guide).
[INFO DRT-0035]   Complete V4 (guide).
[INFO DRT-0035]   Complete M5 (guide).
[INFO DRT-0035]   Complete V5 (guide).
[INFO DRT-0035]   Complete M6 (guide).
[INFO DRT-0035]   Complete V6 (guide).
[INFO DRT-0035]   Complete M7 (guide).
[INFO DRT-0035]   Complete V7 (guide).
[INFO DRT-0035]   Complete M8 (guide).
[INFO DRT-0035]   Complete V8 (guide).
[INFO DRT-0035]   Complete M9 (guide).
[INFO DRT-0035]   Complete V9 (guide).
[INFO DRT-0035]   Complete Pad (guide).
[INFO DRT-0036] Active guide region query size = 0.
[INFO DRT-0036] V0 guide region query size = 0.
[INFO DRT-0036] M1 guide region query size = 24068.
[INFO DRT-0036] V1 guide region query size = 0.
[INFO DRT-0036] M2 guide region query size = 21602.
[INFO DRT-0036] V2 guide region query size = 0.
[INFO DRT-0036] M3 guide region query size = 9784.
[INFO DRT-0036] V3 guide region query size = 0.
[INFO DRT-0036] M4 guide region query size = 769.
[INFO DRT-0036] V4 guide region query size = 0.
[INFO DRT-0036] M5 guide region query size = 455.
[INFO DRT-0036] V5 guide region query size = 0.
[INFO DRT-0036] M6 guide region query size = 162.
[INFO DRT-0036] V6 guide region query size = 0.
[INFO DRT-0036] M7 guide region query size = 74.
[INFO DRT-0036] V7 guide region query size = 0.
[INFO DRT-0036] M8 guide region query size = 0.
[INFO DRT-0036] V8 guide region query size = 0.
[INFO DRT-0036] M9 guide region query size = 0.
[INFO DRT-0036] V9 guide region query size = 0.
[INFO DRT-0036] Pad guide region query size = 0.
[INFO DRT-0179] Init gr pin query.
[INFO DRT-0267] cpu time = 00:00:00, elapsed time = 00:00:00, memory = 417.76 (MB), peak = 416.46 (MB)
[INFO DRT-0245] skipped writing guide updates to database.
[INFO DRT-0181] Start track assignment.
[INFO DRT-0184] Done with 34381 vertical wires in 2 frboxes and 22533 horizontal wires in 2 frboxes.
[INFO DRT-0186] Done with 3036 vertical wires in 2 frboxes and 4882 horizontal wires in 2 frboxes.
[INFO DRT-0182] Complete track assignment.
[INFO DRT-0267] cpu time = 00:00:02, elapsed time = 00:00:01, memory = 610.45 (MB), peak = 609.36 (MB)
[INFO DRT-0187] Start routing data preparation.
[INFO DRT-0267] cpu time = 00:00:00, elapsed time = 00:00:00, memory = 610.46 (MB), peak = 609.36 (MB)
[INFO DRT-0194] Start detail routing.
[INFO DRT-0195] Start 0th optimization iteration.
    Completing 10% with 0 violations.
    elapsed time = 00:00:01, memory = 1285.81 (MB).
    Completing 20% with 0 violations.
    elapsed time = 00:00:02, memory = 1585.92 (MB).
    Completing 30% with 243 violations.
    elapsed time = 00:00:03, memory = 1215.12 (MB).
    Completing 40% with 243 violations.
    elapsed time = 00:00:04, memory = 1653.12 (MB).
    Completing 50% with 243 violations.
    elapsed time = 00:00:05, memory = 1650.25 (MB).
    Completing 60% with 491 violations.
    elapsed time = 00:00:07, memory = 1964.23 (MB).
    Completing 70% with 491 violations.
    elapsed time = 00:00:08, memory = 2056.16 (MB).
    Completing 80% with 654 violations.
    elapsed time = 00:00:10, memory = 2082.47 (MB).
    Completing 90% with 654 violations.
    elapsed time = 00:00:12, memory = 2045.53 (MB).
    Completing 100% with 977 violations.
    elapsed time = 00:00:14, memory = 1696.41 (MB).
[INFO DRT-0199]   Number of violations = 1286.
Viol/Layer          M1     M2     M3     V3     M4     V4     M5     V5     M6     V6     M7
CutSpcTbl            0      0      0      6      0      2      0      2      0      2      0
EOL                  0     33      5      0      3      0      0      0      0      0      0
Metal Spacing      402     15     70      0      0      0      1      0      0      0      0
Recheck              3    170     80      0     24      0     18      0     12      0      2
Short              115     37     11      0      0      1      4      1      6      0      0
eolKeepOut           0    228     24      0      9      0      0      0      0      0      0
[INFO DRT-0267] cpu time = 00:02:11, elapsed time = 00:00:14, memory = 2108.76 (MB), peak = 2131.24 (MB)
Total wire length = 21363 um.
Total wire length on LAYER M1 = 0 um.
Total wire length on LAYER M2 = 8010 um.
Total wire length on LAYER M3 = 9907 um.
Total wire length on LAYER M4 = 2342 um.
Total wire length on LAYER M5 = 627 um.
Total wire length on LAYER M6 = 269 um.
Total wire length on LAYER M7 = 206 um.
Total wire length on LAYER M8 = 0 um.
Total wire length on LAYER M9 = 0 um.
Total wire length on LAYER Pad = 0 um.
Total number of vias = 74315.
Up-via summary (total 74315):

----------------
 Active        0
     M1    28477
     M2    41317
     M3     3680
     M4      541
     M5      175
     M6      125
     M7        0
     M8        0
     M9        0
----------------
       74315


[INFO DRT-0195] Start 1st optimization iteration.
    Completing 10% with 1286 violations.
    elapsed time = 00:00:01, memory = 2615.55 (MB).
    Completing 20% with 1286 violations.
    elapsed time = 00:00:02, memory = 2695.70 (MB).
    Completing 30% with 1038 violations.
    elapsed time = 00:00:03, memory = 2205.52 (MB).
    Completing 40% with 1038 violations.
    elapsed time = 00:00:05, memory = 2654.12 (MB).
    Completing 50% with 1038 violations.
    elapsed time = 00:00:06, memory = 2478.32 (MB).
    Completing 60% with 704 violations.
    elapsed time = 00:00:07, memory = 2627.56 (MB).
    Completing 70% with 704 violations.
    elapsed time = 00:00:09, memory = 2619.95 (MB).
    Completing 80% with 394 violations.
    elapsed time = 00:00:10, memory = 2288.23 (MB).
    Completing 90% with 394 violations.
    elapsed time = 00:00:12, memory = 2293.23 (MB).
    Completing 100% with 61 violations.
    elapsed time = 00:00:14, memory = 1801.64 (MB).
[INFO DRT-0199]   Number of violations = 80.
Viol/Layer          M1     M2     M3     V3     M4     V4
CutSpcTbl            0      0      0      6      0      2
EOL                  0      3      0      0      0      0
Metal Spacing       14      2     12      0      0      0
Recheck              1     10      7      0      1      0
Short                3      2      4      0      0      0
eolKeepOut           0     12      1      0      0      0
[INFO DRT-0267] cpu time = 00:02:14, elapsed time = 00:00:14, memory = 2219.07 (MB), peak = 2717.06 (MB)
Total wire length = 21131 um.
Total wire length on LAYER M1 = 0 um.
Total wire length on LAYER M2 = 7915 um.
Total wire length on LAYER M3 = 9780 um.
Total wire length on LAYER M4 = 2376 um.
Total wire length on LAYER M5 = 609 um.
Total wire length on LAYER M6 = 260 um.
Total wire length on LAYER M7 = 189 um.
Total wire length on LAYER M8 = 0 um.
Total wire length on LAYER M9 = 0 um.
Total wire length on LAYER Pad = 0 um.
Total number of vias = 71666.
Up-via summary (total 71666):

----------------
 Active        0
     M1    28469
     M2    39157
     M3     3314
     M4      490
     M5      138
     M6       98
     M7        0
     M8        0
     M9        0
----------------
       71666


[INFO DRT-0195] Start 2nd optimization iteration.
    Completing 10% with 80 violations.
    elapsed time = 00:00:00, memory = 2219.07 (MB).
    Completing 20% with 80 violations.
    elapsed time = 00:00:00, memory = 2219.07 (MB).
    Completing 30% with 61 violations.
    elapsed time = 00:00:01, memory = 2226.26 (MB).
    Completing 40% with 61 violations.
    elapsed time = 00:00:01, memory = 2226.26 (MB).
    Completing 50% with 61 violations.
    elapsed time = 00:00:01, memory = 2537.36 (MB).
    Completing 60% with 33 violations.
    elapsed time = 00:00:02, memory = 2227.33 (MB).
    Completing 70% with 33 violations.
    elapsed time = 00:00:02, memory = 2227.33 (MB).
    Completing 80% with 24 violations.
    elapsed time = 00:00:03, memory = 2142.33 (MB).
    Completing 90% with 24 violations.
    elapsed time = 00:00:03, memory = 2142.33 (MB).
    Completing 100% with 15 violations.
    elapsed time = 00:00:03, memory = 2142.33 (MB).
[INFO DRT-0199]   Number of violations = 23.
Viol/Layer          M1     M2     M3     V3     M4     V4
CutSpcTbl            0      0      0      4      0      1
EOL                  0      1      0      0      0      0
Metal Spacing        1      0      3      0      0      0
Recheck              0      1      6      0      1      0
Short                0      1      1      0      0      0
eolKeepOut           0      3      0      0      0      0
[INFO DRT-0267] cpu time = 00:00:21, elapsed time = 00:00:04, memory = 2227.18 (MB), peak = 2717.06 (MB)
Total wire length = 21124 um.
Total wire length on LAYER M1 = 0 um.
Total wire length on LAYER M2 = 7916 um.
Total wire length on LAYER M3 = 9784 um.
Total wire length on LAYER M4 = 2365 um.
Total wire length on LAYER M5 = 609 um.
Total wire length on LAYER M6 = 259 um.
Total wire length on LAYER M7 = 189 um.
Total wire length on LAYER M8 = 0 um.
Total wire length on LAYER M9 = 0 um.
Total wire length on LAYER Pad = 0 um.
Total number of vias = 71661.
Up-via summary (total 71661):

----------------
 Active        0
     M1    28467
     M2    39128
     M3     3352
     M4      478
     M5      139
     M6       97
     M7        0
     M8        0
     M9        0
----------------
       71661


[INFO DRT-0195] Start 3rd guides tiles iteration.
    Completing 10% with 23 violations.
    elapsed time = 00:00:00, memory = 2273.54 (MB).
    Completing 20% with 23 violations.
    elapsed time = 00:00:00, memory = 2273.54 (MB).
    Completing 30% with 23 violations.
    elapsed time = 00:00:00, memory = 2273.54 (MB).
    Completing 40% with 23 violations.
    elapsed time = 00:00:00, memory = 2273.54 (MB).
    Completing 50% with 11 violations.
    elapsed time = 00:00:00, memory = 2236.77 (MB).
    Completing 60% with 11 violations.
    elapsed time = 00:00:00, memory = 2236.77 (MB).
    Completing 70% with 11 violations.
    elapsed time = 00:00:00, memory = 2236.77 (MB).
    Completing 80% with 11 violations.
    elapsed time = 00:00:00, memory = 2236.77 (MB).
    Completing 90% with 1 violations.
    elapsed time = 00:00:00, memory = 2236.77 (MB).
    Completing 100% with 0 violations.
    elapsed time = 00:00:00, memory = 1813.31 (MB).
[INFO DRT-0199]   Number of violations = 0.
[INFO DRT-0267] cpu time = 00:00:03, elapsed time = 00:00:01, memory = 2236.76 (MB), peak = 2717.06 (MB)
Total wire length = 21124 um.
Total wire length on LAYER M1 = 0 um.
Total wire length on LAYER M2 = 7922 um.
Total wire length on LAYER M3 = 9785 um.
Total wire length on LAYER M4 = 2359 um.
Total wire length on LAYER M5 = 608 um.
Total wire length on LAYER M6 = 259 um.
Total wire length on LAYER M7 = 189 um.
Total wire length on LAYER M8 = 0 um.
Total wire length on LAYER M9 = 0 um.
Total wire length on LAYER Pad = 0 um.
Total number of vias = 71679.
Up-via summary (total 71679):

----------------
 Active        0
     M1    28467
     M2    39130
     M3     3368
     M4      478
     M5      139
     M6       97
     M7        0
     M8        0
     M9        0
----------------
       71679


[INFO DRT-0198] Complete detail routing.
Total wire length = 21124 um.
Total wire length on LAYER M1 = 0 um.
Total wire length on LAYER M2 = 7922 um.
Total wire length on LAYER M3 = 9785 um.
Total wire length on LAYER M4 = 2359 um.
Total wire length on LAYER M5 = 608 um.
Total wire length on LAYER M6 = 259 um.
Total wire length on LAYER M7 = 189 um.
Total wire length on LAYER M8 = 0 um.
Total wire length on LAYER M9 = 0 um.
Total wire length on LAYER Pad = 0 um.
Total number of vias = 71679.
Up-via summary (total 71679):

----------------
 Active        0
     M1    28467
     M2    39130
     M3     3368
     M4      478
     M5      139
     M6       97
     M7        0
     M8        0
     M9        0
----------------
       71679


[INFO DRT-0267] cpu time = 00:04:50, elapsed time = 00:00:34, memory = 2236.85 (MB), peak = 2717.06 (MB)

[INFO DRT-0180] Post processing.
[INFO DRT-0501] Runtime: 52.97s
Took 53 seconds: detailed_route -output_drc /home/matheus-grossi/Projects/CNN/CNN/synth_org/fully_connected/reports/asap7/fully_connected/base/5_route_drc.rpt -output_maze /home/matheus-grossi/Projects/CNN/CNN/synth_org/fully_connected/results/asap7/fully_connected/base/maze.log -droute_end_iter 64 -verbose 1 -drc_report_iter_step 5
[WARNING GRT-0246] No diode with LEF class CORE ANTENNACELL found.
[INFO ANT-0002] Found 0 net violations.
[INFO ANT-0001] Found 0 pin violations.
[INFO ANT-0002] Found 0 net violations.
[INFO ANT-0001] Found 0 pin violations.
Design area 1151 um^2 42% utilization.
write_db /home/matheus-grossi/Projects/CNN/CNN/synth_org/fully_connected/results/asap7/fully_connected/base/5_2_route.odb
Elapsed time: 0:56.00[h:]min:sec. CPU time: user 474.00 sys 10.98 (866%). Peak memory: 2782268KB.
Log                       Ext     Elapsed/s Peak Memory/MB sha1sum result [0:20)
5_2_route                 .odb           56           2717 12ca95a62c77937db251
/home/matheus-grossi/OpenROAD/OpenROAD-flow-scripts/flow/scripts/flow.sh 5_3_fillcell fillcell
Running fillcell.tcl, stage 5_3_fillcell
source /home/matheus-grossi/OpenROAD/OpenROAD-flow-scripts/flow/platforms/asap7/liberty_suppressions.tcl
read_liberty /home/matheus-grossi/OpenROAD/OpenROAD-flow-scripts/flow/platforms/asap7/lib/NLDM/asap7sc7p5t_AO_RVT_FF_nldm_211120.lib.gz
read_liberty /home/matheus-grossi/OpenROAD/OpenROAD-flow-scripts/flow/platforms/asap7/lib/NLDM/asap7sc7p5t_INVBUF_RVT_FF_nldm_220122.lib.gz
read_liberty /home/matheus-grossi/OpenROAD/OpenROAD-flow-scripts/flow/platforms/asap7/lib/NLDM/asap7sc7p5t_OA_RVT_FF_nldm_211120.lib.gz
read_liberty /home/matheus-grossi/OpenROAD/OpenROAD-flow-scripts/flow/platforms/asap7/lib/NLDM/asap7sc7p5t_SIMPLE_RVT_FF_nldm_211120.lib.gz
read_liberty /home/matheus-grossi/OpenROAD/OpenROAD-flow-scripts/flow/platforms/asap7/lib/NLDM/asap7sc7p5t_SEQ_RVT_FF_nldm_220123.lib
read_db /home/matheus-grossi/Projects/CNN/CNN/synth_org/fully_connected/results/asap7/fully_connected/base/5_2_route.odb
read_sdc /home/matheus-grossi/Projects/CNN/CNN/synth_org/fully_connected/results/asap7/fully_connected/base/5_1_grt.sdc
source /home/matheus-grossi/OpenROAD/OpenROAD-flow-scripts/flow/platforms/asap7/setRC.tcl
filler_placement "FILLERxp5_ASAP7_75t_R FILLER_ASAP7_75t_R DECAPx1_ASAP7_75t_R DECAPx2_ASAP7_75t_R DECAPx4_ASAP7_75t_R DECAPx6_ASAP7_75t_R DECAPx10_ASAP7_75t_R"
[INFO DPL-0001] Placed 13475 filler instances.
Design area 1151 um^2 42% utilization.
write_db /home/matheus-grossi/Projects/CNN/CNN/synth_org/fully_connected/results/asap7/fully_connected/base/5_3_fillcell.odb
Elapsed time: 0:01.39[h:]min:sec. CPU time: user 1.26 sys 0.13 (99%). Peak memory: 247720KB.
Log                       Ext     Elapsed/s Peak Memory/MB sha1sum result [0:20)
5_3_fillcell              .odb            1            241 e5201a8a9b4fed8c5375
cp /home/matheus-grossi/Projects/CNN/CNN/synth_org/fully_connected/results/asap7/fully_connected/base/5_3_fillcell.odb /home/matheus-grossi/Projects/CNN/CNN/synth_org/fully_connected/results/asap7/fully_connected/base/5_route.odb
cp /home/matheus-grossi/Projects/CNN/CNN/synth_org/fully_connected/results/asap7/fully_connected/base/5_1_grt.sdc /home/matheus-grossi/Projects/CNN/CNN/synth_org/fully_connected/results/asap7/fully_connected/base/5_route.sdc
/home/matheus-grossi/OpenROAD/OpenROAD-flow-scripts/flow/scripts/flow.sh 6_1_fill density_fill
Running density_fill.tcl, stage 6_1_fill
source /home/matheus-grossi/OpenROAD/OpenROAD-flow-scripts/flow/platforms/asap7/liberty_suppressions.tcl
read_liberty /home/matheus-grossi/OpenROAD/OpenROAD-flow-scripts/flow/platforms/asap7/lib/NLDM/asap7sc7p5t_AO_RVT_FF_nldm_211120.lib.gz
read_liberty /home/matheus-grossi/OpenROAD/OpenROAD-flow-scripts/flow/platforms/asap7/lib/NLDM/asap7sc7p5t_INVBUF_RVT_FF_nldm_220122.lib.gz
read_liberty /home/matheus-grossi/OpenROAD/OpenROAD-flow-scripts/flow/platforms/asap7/lib/NLDM/asap7sc7p5t_OA_RVT_FF_nldm_211120.lib.gz
read_liberty /home/matheus-grossi/OpenROAD/OpenROAD-flow-scripts/flow/platforms/asap7/lib/NLDM/asap7sc7p5t_SIMPLE_RVT_FF_nldm_211120.lib.gz
read_liberty /home/matheus-grossi/OpenROAD/OpenROAD-flow-scripts/flow/platforms/asap7/lib/NLDM/asap7sc7p5t_SEQ_RVT_FF_nldm_220123.lib
read_db /home/matheus-grossi/Projects/CNN/CNN/synth_org/fully_connected/results/asap7/fully_connected/base/5_route.odb
read_sdc /home/matheus-grossi/Projects/CNN/CNN/synth_org/fully_connected/results/asap7/fully_connected/base/5_route.sdc
source /home/matheus-grossi/OpenROAD/OpenROAD-flow-scripts/flow/platforms/asap7/setRC.tcl
exec cp /home/matheus-grossi/Projects/CNN/CNN/synth_org/fully_connected/results/asap7/fully_connected/base/5_route.odb /home/matheus-grossi/Projects/CNN/CNN/synth_org/fully_connected/results/asap7/fully_connected/base/6_1_fill.odb
Elapsed time: 0:01.33[h:]min:sec. CPU time: user 1.22 sys 0.11 (99%). Peak memory: 224376KB.
Log                       Ext     Elapsed/s Peak Memory/MB sha1sum result [0:20)
6_1_fill                  .odb            1            219 e5201a8a9b4fed8c5375
cp /home/matheus-grossi/Projects/CNN/CNN/synth_org/fully_connected/results/asap7/fully_connected/base/5_route.sdc /home/matheus-grossi/Projects/CNN/CNN/synth_org/fully_connected/results/asap7/fully_connected/base/6_1_fill.sdc
/home/matheus-grossi/OpenROAD/OpenROAD-flow-scripts/flow/scripts/flow.sh 6_report final_report
Running final_report.tcl, stage 6_report
source /home/matheus-grossi/OpenROAD/OpenROAD-flow-scripts/flow/platforms/asap7/liberty_suppressions.tcl
read_liberty /home/matheus-grossi/OpenROAD/OpenROAD-flow-scripts/flow/platforms/asap7/lib/NLDM/asap7sc7p5t_AO_RVT_FF_nldm_211120.lib.gz
read_liberty /home/matheus-grossi/OpenROAD/OpenROAD-flow-scripts/flow/platforms/asap7/lib/NLDM/asap7sc7p5t_INVBUF_RVT_FF_nldm_220122.lib.gz
read_liberty /home/matheus-grossi/OpenROAD/OpenROAD-flow-scripts/flow/platforms/asap7/lib/NLDM/asap7sc7p5t_OA_RVT_FF_nldm_211120.lib.gz
read_liberty /home/matheus-grossi/OpenROAD/OpenROAD-flow-scripts/flow/platforms/asap7/lib/NLDM/asap7sc7p5t_SIMPLE_RVT_FF_nldm_211120.lib.gz
read_liberty /home/matheus-grossi/OpenROAD/OpenROAD-flow-scripts/flow/platforms/asap7/lib/NLDM/asap7sc7p5t_SEQ_RVT_FF_nldm_220123.lib
read_db /home/matheus-grossi/Projects/CNN/CNN/synth_org/fully_connected/results/asap7/fully_connected/base/6_1_fill.odb
read_sdc /home/matheus-grossi/Projects/CNN/CNN/synth_org/fully_connected/results/asap7/fully_connected/base/6_1_fill.sdc
source /home/matheus-grossi/OpenROAD/OpenROAD-flow-scripts/flow/platforms/asap7/setRC.tcl
write_db /home/matheus-grossi/Projects/CNN/CNN/synth_org/fully_connected/results/asap7/fully_connected/base/6_final.odb
write_sdc -no_timestamp /home/matheus-grossi/Projects/CNN/CNN/synth_org/fully_connected/results/asap7/fully_connected/base/6_final.sdc
Deleted 0 routing obstructions
Global output passed lec test
[INFO RCX-0431] Defined process_corner X with ext_model_index 0
[INFO RCX-0029] Defined extraction corner X
[INFO RCX-0435] Reading extraction model file /home/matheus-grossi/OpenROAD/OpenROAD-flow-scripts/flow/platforms/asap7/rcx_patterns.rules ...
[INFO RCX-0436] RC segment generation FCLayer (max_merge_res 50.0) ...
[INFO RCX-0040] Final 52200 rc segments
[INFO RCX-0439] Coupling Cap extraction FCLayer ...
[INFO RCX-0440] Coupling threshhold is 0.1000 fF, coupling capacitance less than 0.1000 fF will be grounded.
[INFO RCX-0442] 55% of 52540 wires extracted
[INFO RCX-0442] 100% of 52540 wires extracted
[INFO RCX-0045] Extract 12801 nets, 64998 rsegs, 64998 caps, 58405 ccs
[INFO RCX-0443] 12801 nets finished
[INFO PSM-0040] All shapes on net VDD are connected.
########## IR report #################
Net              : VDD
Corner           : default
Total power      : 1.26e-03 W
Supply voltage   : 7.70e-01 V
Worstcase voltage: 7.70e-01 V
Average voltage  : 7.70e-01 V
Average IR drop  : 8.65e-05 V
Worstcase IR drop: 3.09e-04 V
Percentage drop  : 0.04 %
######################################
[INFO PSM-0040] All shapes on net VSS are connected.
########## IR report #################
Net              : VSS
Corner           : default
Total power      : 1.26e-03 W
Supply voltage   : 0.00e+00 V
Worstcase voltage: 2.97e-04 V
Average voltage  : 8.68e-05 V
Average IR drop  : 8.68e-05 V
Worstcase IR drop: 2.97e-04 V
Percentage drop  : 0.04 %
######################################
Cell type report:                       Count       Area
  Fill cell                             13475    1598.06
  Tap cell                                584      17.03
  Tie cell                                 10       0.44
  Clock buffer                             45      16.26
  Timing Repair Buffer                    345      25.38
  Inverter                               3523     154.10
  Clock inverter                           12       2.19
  Sequential cell                         492     143.47
  Multi-Input combinational cell         6111     792.41
  Total                                 24597    2749.32
Report metrics stage 6, finish...

==========================================================================
finish report_design_area
--------------------------------------------------------------------------
Design area 1151 um^2 42% utilization.
[WARNING GUI-0076] Could not find the Qt platform plugin "wayland" in ""
Elapsed time: 0:10.71[h:]min:sec. CPU time: user 12.75 sys 1.00 (128%). Peak memory: 546788KB.
Log                       Ext     Elapsed/s Peak Memory/MB sha1sum result [0:20)
6_report                                 10            533                  N/A
cp /home/matheus-grossi/OpenROAD/OpenROAD-flow-scripts/flow/platforms/asap7/lef/asap7_tech_1x_201209.lef /home/matheus-grossi/Projects/CNN/CNN/synth_org/fully_connected/objects/asap7/fully_connected/base/klayout_tech.lef
/usr/bin/python3 /home/matheus-grossi/OpenROAD/OpenROAD-flow-scripts/flow/util/generate_klayout_tech.py \
	--template /home/matheus-grossi/OpenROAD/OpenROAD-flow-scripts/flow/platforms/asap7/KLayout/asap7.lyt \
	--output /home/matheus-grossi/Projects/CNN/CNN/synth_org/fully_connected/objects/asap7/fully_connected/base/klayout.lyt \
	--lef-files /home/matheus-grossi/Projects/CNN/CNN/synth_org/fully_connected/objects/asap7/fully_connected/base/klayout_tech.lef /home/matheus-grossi/OpenROAD/OpenROAD-flow-scripts/flow/platforms/asap7/lef/asap7sc7p5t_28_R_1x_220121a.lef   \
	--map-files 
/usr/bin/python3 /home/matheus-grossi/OpenROAD/OpenROAD-flow-scripts/flow/scripts/run_command.py --log /home/matheus-grossi/Projects/CNN/CNN/synth_org/fully_connected/logs/asap7/fully_connected/base/6_1_merge.log --tee -- \
        /home/matheus-grossi/OpenROAD/OpenROAD-flow-scripts/flow/scripts/klayout.sh -zz -rd design_name=FCLayer \
        -rd in_def=/home/matheus-grossi/Projects/CNN/CNN/synth_org/fully_connected/results/asap7/fully_connected/base/6_final.def \
        -rd in_files="/home/matheus-grossi/OpenROAD/OpenROAD-flow-scripts/flow/platforms/asap7/gds/asap7sc7p5t_28_R_220121a.gds  " \
        -rd seal_file="" \
        -rd out_file=/home/matheus-grossi/Projects/CNN/CNN/synth_org/fully_connected/results/asap7/fully_connected/base/6_1_merged.gds \
        -rd tech_file=/home/matheus-grossi/Projects/CNN/CNN/synth_org/fully_connected/objects/asap7/fully_connected/base/klayout.lyt \
        -rd layer_map= \
        -r /home/matheus-grossi/OpenROAD/OpenROAD-flow-scripts/flow/util/def2stream.py
KLayout 0.30.0
Warning: DEF UNITS does not match reader DBU (DEF UNITS is 1000 and corresponds to a DBU of 0.001, but reader DBU is set to 0.00025) (line=5, cell=, file=6_final.def)
[INFO] Reporting cells prior to loading DEF ...
	/home/matheus-grossi/OpenROAD/OpenROAD-flow-scripts/flow/platforms/asap7/gds/asap7sc7p5t_28_R_220121a.gds
[INFO] GDS_ALLOW_EMPTY=fakeram.*
[INFO] All LEF cells have matching GDS/OAS cells
[INFO] No orphan cells in the final layout
Elapsed time: 0:01.85[h:]min:sec. CPU time: user 1.51 sys 0.25 (94%). Peak memory: 439336KB.
cp /home/matheus-grossi/Projects/CNN/CNN/synth_org/fully_connected/results/asap7/fully_connected/base/6_1_merged.gds /home/matheus-grossi/Projects/CNN/CNN/synth_org/fully_connected/results/asap7/fully_connected/base/6_final.gds
No elapsed time found in /home/matheus-grossi/Projects/CNN/CNN/synth_org/fully_connected/logs/asap7/fully_connected/base/6_final_lec_check.log
/home/matheus-grossi/Projects/CNN/CNN/synth_org/fully_connected/logs/asap7/fully_connected/base
Log                       Ext     Elapsed/s Peak Memory/MB sha1sum result [0:20)
1_1_yosys_canonicalize    .rtlil          0             86 a71bcc0c7c47b2dbc23a
1_2_yosys                 .v              8            190 c4766cfec9bfed9956f4
1_2_yosys                 .sdc                             e9dd0e6d48726e91a82d
1_synth                   .odb            1            216 21e0497ce1ec4a457748
1_synth                   .sdc                             fc285a00e353fc18d53b
2_1_floorplan             .odb            1            243 9573d20c167c4f63bc1c
2_1_floorplan             .sdc                             fc285a00e353fc18d53b
2_2_floorplan_macro       .odb            1            201 9573d20c167c4f63bc1c
2_3_floorplan_tapcell     .odb            1            200 81886d41d1c016d223ac
2_4_floorplan_pdn         .odb            1            204 e64735835a80b473d51c
3_1_place_gp_skip_io      .odb            1            220 f3b1ab835fdf4fab0286
3_2_place_iop             .odb            1            203 88e18f45092d25458947
3_3_place_gp              .odb            7            426 25046569a7fe06509159
3_4_place_resized         .odb            3            253 25046569a7fe06509159
3_5_place_dp              .odb            5            358 f87b7107ee344b4431e1
4_1_cts                   .odb            7            378 d8b96976a2f166027f81
5_1_grt                   .odb           25            482 da510b2bf7056da70c98
5_1_grt                   .sdc                             d40b3d89c2f03ba4df89
5_2_route                 .odb           56           2717 12ca95a62c77937db251
5_3_fillcell              .odb            1            241 e5201a8a9b4fed8c5375
6_1_fill                  .odb            1            219 e5201a8a9b4fed8c5375
6_1_fill                  .sdc                             d40b3d89c2f03ba4df89
6_1_merge                                 1            429                  N/A
6_report                                 10            533                  N/A
Total                                   131           2717                     

Fluxo concluído.
GDS gerado:
-rw-rw-r-- 1 matheus-grossi matheus-grossi 9.5M Sep 21 16:54 /home/matheus-grossi/Projects/CNN/CNN/synth_org/fully_connected/results/asap7/fully_connected/base/6_final.gds
