========================================
 ASAP7 - Fluxo completo RTL -> GDS
 Projeto: /home/matheus-grossi/Projects/CNN/CNN/synth_org/pooling
========================================
mkdir -p /home/matheus-grossi/Projects/CNN/CNN/synth_org/pooling/results/asap7/pooling/base/
echo 10.0 > /home/matheus-grossi/Projects/CNN/CNN/synth_org/pooling/results/asap7/pooling/base/clock_period.txt
/home/matheus-grossi/OpenROAD/OpenROAD-flow-scripts/flow/scripts/synth.sh /home/matheus-grossi/OpenROAD/OpenROAD-flow-scripts/flow/scripts/synth_canonicalize.tcl /home/matheus-grossi/Projects/CNN/CNN/synth_org/pooling/logs/asap7/pooling/base/1_1_yosys_canonicalize.log
Using ABC speed script.
Extracting clock period from SDC file: /home/matheus-grossi/Projects/CNN/CNN/synth_org/pooling/results/asap7/pooling/base/clock_period.txt
Setting clock period to 10.0
1. Executing Liberty frontend: /home/matheus-grossi/OpenROAD/OpenROAD-flow-scripts/flow/platforms/asap7/lib/NLDM/asap7sc7p5t_AO_RVT_FF_nldm_211120.lib.gz
2. Executing Liberty frontend: /home/matheus-grossi/OpenROAD/OpenROAD-flow-scripts/flow/platforms/asap7/lib/NLDM/asap7sc7p5t_INVBUF_RVT_FF_nldm_220122.lib.gz
3. Executing Liberty frontend: /home/matheus-grossi/OpenROAD/OpenROAD-flow-scripts/flow/platforms/asap7/lib/NLDM/asap7sc7p5t_OA_RVT_FF_nldm_211120.lib.gz
4. Executing Liberty frontend: /home/matheus-grossi/OpenROAD/OpenROAD-flow-scripts/flow/platforms/asap7/lib/NLDM/asap7sc7p5t_SIMPLE_RVT_FF_nldm_211120.lib.gz
5. Executing Liberty frontend: /home/matheus-grossi/OpenROAD/OpenROAD-flow-scripts/flow/platforms/asap7/lib/NLDM/asap7sc7p5t_SEQ_RVT_FF_nldm_220123.lib
6. Executing Liberty frontend: /home/matheus-grossi/OpenROAD/OpenROAD-flow-scripts/flow/platforms/asap7/lib/NLDM/asap7sc7p5t_AO_RVT_FF_nldm_211120.lib.gz
7. Executing Liberty frontend: /home/matheus-grossi/OpenROAD/OpenROAD-flow-scripts/flow/platforms/asap7/lib/NLDM/asap7sc7p5t_INVBUF_RVT_FF_nldm_220122.lib.gz
8. Executing Liberty frontend: /home/matheus-grossi/OpenROAD/OpenROAD-flow-scripts/flow/platforms/asap7/lib/NLDM/asap7sc7p5t_OA_RVT_FF_nldm_211120.lib.gz
9. Executing Liberty frontend: /home/matheus-grossi/OpenROAD/OpenROAD-flow-scripts/flow/platforms/asap7/lib/NLDM/asap7sc7p5t_SIMPLE_RVT_FF_nldm_211120.lib.gz
10. Executing Liberty frontend: /home/matheus-grossi/OpenROAD/OpenROAD-flow-scripts/flow/platforms/asap7/lib/NLDM/asap7sc7p5t_SEQ_RVT_FF_nldm_220123.lib
11. Executing SLANG frontend.
11.1. Executing PROC_CLEAN pass (remove empty switches from decision trees).
11.2. Executing TRIBUF pass.
11.3. Executing PROC_RMDEAD pass (remove dead branches from decision trees).
11.4. Executing PROC_PRUNE pass (remove redundant assignments in processes).
11.5. Executing PROC_INIT pass (extract init attributes).
11.6. Executing PROC_ROM pass (convert switches to ROMs).
11.7. Executing PROC_MUX pass (convert decision trees to multiplexers).
11.8. Executing PROC_CLEAN pass (remove empty switches from decision trees).
11.9. Executing OPT_EXPR pass (perform const folding).
12. Executing HIERARCHY pass (managing design hierarchy).
12.1. Analyzing design hierarchy..
12.2. Analyzing design hierarchy..
13. Executing OPT_CLEAN pass (remove unused cells and wires).
14. Executing RTLIL backend.
End of script. Logfile hash: 02637a8788, time: 0.47s, user: 0.41s, system: 0.03s, MEM: 83.91 MB peak
Yosys 0.68+ (git sha1 a5af9d690, Release, GNU /usr/bin/c++ 15.2.0) [github.com/The-OpenROAD-Project/yosys at HEAD]
Time spent: 96% 12x read_liberty (0 sec), 1% 2x read_slang (0 sec), ...
Elapsed time: 0:00.47[h:]min:sec. CPU time: user 0.42 sys 0.04 (98%). Peak memory: 89076KB.
Log                       Ext     Elapsed/s Peak Memory/MB sha1sum result [0:20)
1_1_yosys_canonicalize    .rtlil          0             86 1feb979c845e9be68a54
/home/matheus-grossi/OpenROAD/OpenROAD-flow-scripts/flow/scripts/synth.sh /home/matheus-grossi/OpenROAD/OpenROAD-flow-scripts/flow/scripts/synth.tcl /home/matheus-grossi/Projects/CNN/CNN/synth_org/pooling/logs/asap7/pooling/base/1_2_yosys.log
Using ABC speed script.
Extracting clock period from SDC file: /home/matheus-grossi/Projects/CNN/CNN/synth_org/pooling/results/asap7/pooling/base/clock_period.txt
Setting clock period to 10.0
1. Executing RTLIL frontend.
2. Executing HIERARCHY pass (managing design hierarchy).
2.1. Analyzing design hierarchy..
2.2. Analyzing design hierarchy..
3. Executing SYNTH pass.
3.1. Executing HIERARCHY pass (managing design hierarchy).
3.1.1. Analyzing design hierarchy..
3.1.2. Analyzing design hierarchy..
3.2. Executing PROC pass (convert processes to netlists).
3.2.1. Executing PROC_CLEAN pass (remove empty switches from decision trees).
3.2.2. Executing PROC_RMDEAD pass (remove dead branches from decision trees).
3.2.3. Executing PROC_PRUNE pass (remove redundant assignments in processes).
3.2.4. Executing PROC_INIT pass (extract init attributes).
3.2.5. Executing PROC_ARST pass (detect async resets in processes).
3.2.6. Executing PROC_ROM pass (convert switches to ROMs).
3.2.7. Executing PROC_MUX pass (convert decision trees to multiplexers).
3.2.8. Executing PROC_DLATCH pass (convert process syncs to latches).
3.2.9. Executing PROC_DFF pass (convert process syncs to FFs).
3.2.10. Executing PROC_MEMWR pass (convert process memory writes to cells).
3.2.11. Executing PROC_CLEAN pass (remove empty switches from decision trees).
3.2.12. Executing OPT_EXPR pass (perform const folding).
3.3. Executing CHECK pass (checking for obvious problems).
3.4. Executing FLATTEN pass (flatten design).
3.5. Executing OPT_EXPR pass (perform const folding).
3.6. Executing OPT_CLEAN pass (remove unused cells and wires).
3.7. Executing CHECK pass (checking for obvious problems).
3.8. Executing OPT pass (performing simple optimizations).
3.8.1. Executing OPT_EXPR pass (perform const folding).
3.8.2. Executing OPT_MERGE pass (detect identical cells).
3.8.3. Executing OPT_MUXTREE pass (detect dead branches in mux trees).
3.8.4. Executing OPT_REDUCE pass (consolidate $*mux and $reduce_* inputs).
3.8.5. Executing OPT_MERGE pass (detect identical cells).
3.8.6. Executing OPT_DFF pass (perform DFF optimizations).
3.8.7. Executing OPT_CLEAN pass (remove unused cells and wires).
3.8.8. Executing OPT_EXPR pass (perform const folding).
3.8.9. Rerunning OPT passes. (Maybe there is more to do..)
3.8.10. Executing OPT_MUXTREE pass (detect dead branches in mux trees).
3.8.11. Executing OPT_REDUCE pass (consolidate $*mux and $reduce_* inputs).
3.8.12. Executing OPT_MERGE pass (detect identical cells).
3.8.13. Executing OPT_DFF pass (perform DFF optimizations).
3.8.14. Executing OPT_CLEAN pass (remove unused cells and wires).
3.8.15. Executing OPT_EXPR pass (perform const folding).
3.8.16. Finished fast OPT passes. (There is nothing left to do.)
3.9. Executing FSM pass (extract and optimize FSM).
3.9.1. Executing FSM_DETECT pass (finding FSMs in design).
3.9.2. Executing FSM_EXTRACT pass (extracting FSM from design).
3.9.3. Executing FSM_OPT pass (simple optimizations of FSMs).
3.9.4. Executing OPT_CLEAN pass (remove unused cells and wires).
3.9.5. Executing FSM_OPT pass (simple optimizations of FSMs).
3.9.6. Executing FSM_RECODE pass (re-assigning FSM state encoding).
3.9.7. Executing FSM_INFO pass (dumping all available information on FSM cells).
3.9.8. Executing FSM_MAP pass (mapping FSMs to basic logic).
3.10. Executing OPT pass (performing simple optimizations).
3.10.1. Executing OPT_EXPR pass (perform const folding).
3.10.2. Executing OPT_MERGE pass (detect identical cells).
3.10.3. Executing OPT_MUXTREE pass (detect dead branches in mux trees).
3.10.4. Executing OPT_REDUCE pass (consolidate $*mux and $reduce_* inputs).
3.10.5. Executing OPT_MERGE pass (detect identical cells).
3.10.6. Executing OPT_DFF pass (perform DFF optimizations).
3.10.7. Executing OPT_CLEAN pass (remove unused cells and wires).
3.10.8. Executing OPT_EXPR pass (perform const folding).
3.10.9. Finished fast OPT passes. (There is nothing left to do.)
3.11. Executing WREDUCE pass (reducing word size of cells).
3.12. Executing PEEPOPT pass (run peephole optimizers).
3.13. Executing OPT_CLEAN pass (remove unused cells and wires).
3.14. Executing ALUMACC pass (create $alu and $macc cells).
3.15. Executing SHARE pass (SAT-based resource sharing).
3.16. Executing OPT pass (performing simple optimizations).
3.16.1. Executing OPT_EXPR pass (perform const folding).
3.16.2. Executing OPT_MERGE pass (detect identical cells).
3.16.3. Executing OPT_MUXTREE pass (detect dead branches in mux trees).
3.16.4. Executing OPT_REDUCE pass (consolidate $*mux and $reduce_* inputs).
3.16.5. Executing OPT_MERGE pass (detect identical cells).
3.16.6. Executing OPT_DFF pass (perform DFF optimizations).
3.16.7. Executing OPT_CLEAN pass (remove unused cells and wires).
3.16.8. Executing OPT_EXPR pass (perform const folding).
3.16.9. Rerunning OPT passes. (Maybe there is more to do..)
3.16.10. Executing OPT_MUXTREE pass (detect dead branches in mux trees).
3.16.11. Executing OPT_REDUCE pass (consolidate $*mux and $reduce_* inputs).
3.16.12. Executing OPT_MERGE pass (detect identical cells).
3.16.13. Executing OPT_DFF pass (perform DFF optimizations).
3.16.14. Executing OPT_CLEAN pass (remove unused cells and wires).
3.16.15. Executing OPT_EXPR pass (perform const folding).
3.16.16. Finished fast OPT passes. (There is nothing left to do.)
3.17. Executing MEMORY pass.
3.17.1. Executing OPT_MEM pass (optimize memories).
3.17.2. Executing OPT_MEM_PRIORITY pass (removing unnecessary memory write priority relations).
3.17.3. Executing OPT_MEM_FEEDBACK pass (finding memory read-to-write feedback paths).
3.17.4. Executing MEMORY_BMUX2ROM pass (converting muxes to ROMs).
3.17.5. Executing MEMORY_DFF pass (merging $dff cells to $memrd).
3.17.6. Executing OPT_CLEAN pass (remove unused cells and wires).
3.17.7. Executing MEMORY_SHARE pass (consolidating $memrd/$memwr cells).
3.17.8. Executing OPT_MEM_WIDEN pass (optimize memories where all ports are wide).
3.17.9. Executing OPT_CLEAN pass (remove unused cells and wires).
3.17.10. Executing MEMORY_COLLECT pass (generating $mem cells).
3.18. Executing OPT_CLEAN pass (remove unused cells and wires).
4. Executing SYNTH pass.
4.1. Executing OPT pass (performing simple optimizations).
4.1.1. Executing OPT_EXPR pass (perform const folding).
4.1.2. Executing OPT_MERGE pass (detect identical cells).
4.1.3. Executing OPT_DFF pass (perform DFF optimizations).
4.1.4. Executing OPT_CLEAN pass (remove unused cells and wires).
4.1.5. Finished fast OPT passes.
4.2. Executing MEMORY_MAP pass (converting memories to logic and flip-flops).
4.3. Executing OPT pass (performing simple optimizations).
4.3.1. Executing OPT_EXPR pass (perform const folding).
4.3.2. Executing OPT_MERGE pass (detect identical cells).
4.3.3. Executing OPT_MUXTREE pass (detect dead branches in mux trees).
4.3.4. Executing OPT_REDUCE pass (consolidate $*mux and $reduce_* inputs).
4.3.5. Executing OPT_MERGE pass (detect identical cells).
4.3.6. Executing OPT_SHARE pass.
4.3.7. Executing OPT_DFF pass (perform DFF optimizations).
4.3.8. Executing OPT_CLEAN pass (remove unused cells and wires).
4.3.9. Executing OPT_EXPR pass (perform const folding).
4.3.10. Finished fast OPT passes. (There is nothing left to do.)
4.4. Executing TECHMAP pass (map to technology primitives).
4.4.1. Executing Verilog-2005 frontend: /home/matheus-grossi/OpenROAD/OpenROAD-flow-scripts/tools/install/yosys/bin/../share/yosys/techmap.v
4.4.2. Executing Verilog-2005 frontend: /home/matheus-grossi/OpenROAD/OpenROAD-flow-scripts/flow/platforms/common/lcu_kogge_stone.v
4.4.3. Continuing TECHMAP pass.
4.5. Executing OPT pass (performing simple optimizations).
4.5.1. Executing OPT_EXPR pass (perform const folding).
4.5.2. Executing OPT_MERGE pass (detect identical cells).
4.5.3. Executing OPT_DFF pass (perform DFF optimizations).
4.5.4. Executing OPT_CLEAN pass (remove unused cells and wires).
4.5.5. Finished fast OPT passes.
4.6. Executing HIERARCHY pass (managing design hierarchy).
4.6.1. Analyzing design hierarchy..
4.6.2. Analyzing design hierarchy..
4.7. Printing statistics.
4.8. Executing CHECK pass (checking for obvious problems).
5. Executing OPT pass (performing simple optimizations).
5.1. Executing OPT_EXPR pass (perform const folding).
5.2. Executing OPT_MERGE pass (detect identical cells).
5.3. Executing OPT_MUXTREE pass (detect dead branches in mux trees).
5.4. Executing OPT_REDUCE pass (consolidate $*mux and $reduce_* inputs).
5.5. Executing OPT_MERGE pass (detect identical cells).
5.6. Executing OPT_DFF pass (perform DFF optimizations).
5.7. Executing OPT_CLEAN pass (remove unused cells and wires).
5.8. Executing OPT_EXPR pass (perform const folding).
5.9. Finished fast OPT passes. (There is nothing left to do.)
6. Executing EXTRACT_FA pass (find and extract full/half adders).
7. Executing TECHMAP pass (map to technology primitives).
7.1. Executing Verilog-2005 frontend: /home/matheus-grossi/OpenROAD/OpenROAD-flow-scripts/flow/platforms/asap7/yoSys/cells_adders_R.v
7.2. Continuing TECHMAP pass.
8. Executing TECHMAP pass (map to technology primitives).
8.1. Executing Verilog-2005 frontend: /home/matheus-grossi/OpenROAD/OpenROAD-flow-scripts/tools/install/yosys/bin/../share/yosys/techmap.v
8.2. Continuing TECHMAP pass.
9. Executing OPT pass (performing simple optimizations).
9.1. Executing OPT_EXPR pass (perform const folding).
9.2. Executing OPT_MERGE pass (detect identical cells).
9.3. Executing OPT_DFF pass (perform DFF optimizations).
9.4. Executing OPT_CLEAN pass (remove unused cells and wires).
9.5. Finished fast OPT passes.
10. Executing DFFLEGALIZE pass (convert FFs to types supported by the target).
11. Executing TECHMAP pass (map to technology primitives).
11.1. Executing Verilog-2005 frontend: /home/matheus-grossi/OpenROAD/OpenROAD-flow-scripts/flow/platforms/asap7/yoSys/cells_latch_R.v
11.2. Continuing TECHMAP pass.
12. Executing DFFLIBMAP pass (mapping DFF cells to sequential cells from liberty file).
12.1. Executing DFFLEGALIZE pass (convert FFs to types supported by the target).
13. Executing OPT pass (performing simple optimizations).
13.1. Executing OPT_EXPR pass (perform const folding).
13.2. Executing OPT_MERGE pass (detect identical cells).
13.3. Executing OPT_MUXTREE pass (detect dead branches in mux trees).
13.4. Executing OPT_REDUCE pass (consolidate $*mux and $reduce_* inputs).
13.5. Executing OPT_MERGE pass (detect identical cells).
13.6. Executing OPT_DFF pass (perform DFF optimizations).
13.7. Executing OPT_CLEAN pass (remove unused cells and wires).
13.8. Executing OPT_EXPR pass (perform const folding).
13.9. Finished fast OPT passes. (There is nothing left to do.)
14. Executing SETUNDEF pass (replace undef values with defined constants).
abc -script /home/matheus-grossi/OpenROAD/OpenROAD-flow-scripts/flow/scripts/abc_speed.script -liberty /home/matheus-grossi/OpenROAD/OpenROAD-flow-scripts/flow/platforms/asap7/lib/NLDM/asap7sc7p5t_AO_RVT_FF_nldm_211120.lib.gz -liberty /home/matheus-grossi/OpenROAD/OpenROAD-flow-scripts/flow/platforms/asap7/lib/NLDM/asap7sc7p5t_INVBUF_RVT_FF_nldm_220122.lib.gz -liberty /home/matheus-grossi/OpenROAD/OpenROAD-flow-scripts/flow/platforms/asap7/lib/NLDM/asap7sc7p5t_OA_RVT_FF_nldm_211120.lib.gz -liberty /home/matheus-grossi/OpenROAD/OpenROAD-flow-scripts/flow/platforms/asap7/lib/NLDM/asap7sc7p5t_SIMPLE_RVT_FF_nldm_211120.lib.gz -liberty /home/matheus-grossi/OpenROAD/OpenROAD-flow-scripts/flow/platforms/asap7/lib/NLDM/asap7sc7p5t_SEQ_RVT_FF_nldm_220123.lib -dont_use *x1p*_ASAP7* -dont_use *xp*_ASAP7* -dont_use SDF* -dont_use ICG* -constr /home/matheus-grossi/Projects/CNN/CNN/synth_org/pooling/objects/asap7/pooling/base/abc.constr -D 10.0
15. Executing ABC pass (technology mapping using ABC).
15.1. Extracting gate netlist of module `\MaxPooling' to `<abc-temp-dir>/input.blif'..
15.1.1. Executed ABC.
15.1.2. Re-integrating ABC results.
16. Executing SPLITNETS pass (splitting up multi-bit signals).
17. Executing OPT_CLEAN pass (remove unused cells and wires).
18. Executing HILOMAP pass (mapping to constant drivers).
19. Executing INSBUF pass (insert buffer cells for connected wires).
20. Executing CHECK pass (checking for obvious problems).
21. Printing statistics.
22. Executing CHECK pass (checking for obvious problems).
23. Executing Verilog backend.
23.1. Executing BMUXMAP pass.
23.2. Executing DEMUXMAP pass.
End of script. Logfile hash: d44d1baa6c, time: 1.19s, user: 0.67s, system: 0.18s, MEM: 147.93 MB peak
Yosys 0.68+ (git sha1 a5af9d690, Release, GNU /usr/bin/c++ 15.2.0) [github.com/The-OpenROAD-Project/yosys at HEAD]
Time spent: 25% 1x abc (0 sec), 21% 1x dfflibmap (0 sec), ...
Elapsed time: 0:01.21[h:]min:sec. CPU time: user 0.99 sys 0.21 (98%). Peak memory: 153292KB.
Log                       Ext     Elapsed/s Peak Memory/MB sha1sum result [0:20)
1_2_yosys                 .v              1            149 b301a827817a3d89a0c3
cp /home/matheus-grossi/Projects/CNN/CNN/synth_org/pooling/constraint.sdc /home/matheus-grossi/Projects/CNN/CNN/synth_org/pooling/results/asap7/pooling/base/1_2_yosys.sdc
touch -r /home/matheus-grossi/Projects/CNN/CNN/synth_org/pooling/constraint.sdc /home/matheus-grossi/Projects/CNN/CNN/synth_org/pooling/results/asap7/pooling/base/1_2_yosys.sdc
OpenROAD 26Q3-2056-g41a28926b9 
Features included (+) or not (-): +GPU +GUI +Python
This program is licensed under the BSD-3 license. See the LICENSE file for details.
Components of this program may be licensed under more restrictive licenses which must be honored.
[INFO ORD-0030] Using 12 thread(s).
mkdir -p /home/matheus-grossi/Projects/CNN/CNN/synth_org/pooling/objects/asap7/pooling/base
/home/matheus-grossi/OpenROAD/OpenROAD-flow-scripts/flow/scripts/flow.sh 1_synth synth_odb
Running synth_odb.tcl, stage 1_synth
source /home/matheus-grossi/OpenROAD/OpenROAD-flow-scripts/flow/platforms/asap7/liberty_suppressions.tcl
read_liberty /home/matheus-grossi/OpenROAD/OpenROAD-flow-scripts/flow/platforms/asap7/lib/NLDM/asap7sc7p5t_AO_RVT_FF_nldm_211120.lib.gz
read_liberty /home/matheus-grossi/OpenROAD/OpenROAD-flow-scripts/flow/platforms/asap7/lib/NLDM/asap7sc7p5t_INVBUF_RVT_FF_nldm_220122.lib.gz
read_liberty /home/matheus-grossi/OpenROAD/OpenROAD-flow-scripts/flow/platforms/asap7/lib/NLDM/asap7sc7p5t_OA_RVT_FF_nldm_211120.lib.gz
read_liberty /home/matheus-grossi/OpenROAD/OpenROAD-flow-scripts/flow/platforms/asap7/lib/NLDM/asap7sc7p5t_SIMPLE_RVT_FF_nldm_211120.lib.gz
read_liberty /home/matheus-grossi/OpenROAD/OpenROAD-flow-scripts/flow/platforms/asap7/lib/NLDM/asap7sc7p5t_SEQ_RVT_FF_nldm_220123.lib
[INFO ODB-0227] LEF file: /home/matheus-grossi/OpenROAD/OpenROAD-flow-scripts/flow/platforms/asap7/lef/asap7_tech_1x_201209.lef, created 30 layers, 9 vias
[INFO ODB-0227] LEF file: /home/matheus-grossi/OpenROAD/OpenROAD-flow-scripts/flow/platforms/asap7/lef/asap7sc7p5t_28_R_1x_220121a.lef, created 212 library cells
link_design MaxPooling
read_sdc /home/matheus-grossi/Projects/CNN/CNN/synth_org/pooling/results/asap7/pooling/base/1_2_yosys.sdc
source /home/matheus-grossi/OpenROAD/OpenROAD-flow-scripts/flow/platforms/asap7/setRC.tcl
eliminate_dead_logic
Removed 0 unused instances and 0 unused nets.
Design area 56 um^2 100% utilization.
write_db /home/matheus-grossi/Projects/CNN/CNN/synth_org/pooling/results/asap7/pooling/base/1_synth.odb
write_sdc -no_timestamp /home/matheus-grossi/Projects/CNN/CNN/synth_org/pooling/results/asap7/pooling/base/1_synth.sdc
Elapsed time: 0:01.15[h:]min:sec. CPU time: user 1.06 sys 0.08 (99%). Peak memory: 200480KB.
Log                       Ext     Elapsed/s Peak Memory/MB sha1sum result [0:20)
1_synth                   .odb            1            195 3c01c2a0ab35e4391810
1_synth                   .sdc                             d92a38ce241bac97179e
/home/matheus-grossi/OpenROAD/OpenROAD-flow-scripts/flow/scripts/flow.sh 2_1_floorplan floorplan
Running floorplan.tcl, stage 2_1_floorplan
source /home/matheus-grossi/OpenROAD/OpenROAD-flow-scripts/flow/platforms/asap7/liberty_suppressions.tcl
read_liberty /home/matheus-grossi/OpenROAD/OpenROAD-flow-scripts/flow/platforms/asap7/lib/NLDM/asap7sc7p5t_AO_RVT_FF_nldm_211120.lib.gz
read_liberty /home/matheus-grossi/OpenROAD/OpenROAD-flow-scripts/flow/platforms/asap7/lib/NLDM/asap7sc7p5t_INVBUF_RVT_FF_nldm_220122.lib.gz
read_liberty /home/matheus-grossi/OpenROAD/OpenROAD-flow-scripts/flow/platforms/asap7/lib/NLDM/asap7sc7p5t_OA_RVT_FF_nldm_211120.lib.gz
read_liberty /home/matheus-grossi/OpenROAD/OpenROAD-flow-scripts/flow/platforms/asap7/lib/NLDM/asap7sc7p5t_SIMPLE_RVT_FF_nldm_211120.lib.gz
read_liberty /home/matheus-grossi/OpenROAD/OpenROAD-flow-scripts/flow/platforms/asap7/lib/NLDM/asap7sc7p5t_SEQ_RVT_FF_nldm_220123.lib
read_db /home/matheus-grossi/Projects/CNN/CNN/synth_org/pooling/results/asap7/pooling/base/1_synth.odb
read_sdc /home/matheus-grossi/Projects/CNN/CNN/synth_org/pooling/results/asap7/pooling/base/1_synth.sdc
source /home/matheus-grossi/OpenROAD/OpenROAD-flow-scripts/flow/platforms/asap7/setRC.tcl

==========================================================================
Floorplan check_setup
--------------------------------------------------------------------------
number instances in verilog is 601
initialize_floorplan -utilization 40 -aspect_ratio 1 -core_space 2 -site asap7sc7p5t
[INFO IFP-0107] Defining die area using utilization: 40.00% and aspect ratio: 1.
[WARNING IFP-0028] Core area lower left (2.000, 2.000) snapped to (2.052, 2.160).
[INFO IFP-0001] Added 43 rows of 218 site asap7sc7p5t.
[INFO IFP-0100] Die BBox:  (  0.000  0.000 ) ( 15.863 15.863 ) um
[INFO IFP-0101] Core BBox: (  2.052  2.160 ) ( 13.824 13.770 ) um
[INFO IFP-0102] Core area:                          136.673 um^2
[INFO IFP-0103] Total instances area:                56.293 um^2
[INFO IFP-0104] Effective utilization:                0.412
[INFO IFP-0105] Number of instances:                    601
source /home/matheus-grossi/OpenROAD/OpenROAD-flow-scripts/flow/platforms/asap7/openRoad/make_tracks.tcl
source /home/matheus-grossi/OpenROAD/OpenROAD-flow-scripts/flow/platforms/asap7/fastroute.tcl
set_dont_use "*x1p*_ASAP7* *xp*_ASAP7* SDF* ICG*"
repair_tie_fanout -separation 0 asap7sc7p5t_SIMPLE_RVT_FF_nldm_250407/TIELOx1_ASAP7_75t_R/L
repair_tie_fanout -separation 0 asap7sc7p5t_SIMPLE_RVT_FF_nldm_250407/TIEHIx1_ASAP7_75t_R/H
repair_timing -setup_margin 0 -hold_margin 0 -repair_tns 100 -setup -skip_last_gasp -sequence unbuffer,sizeup,swap,vt_swap -verbose
[WARNING EST-0027] no estimated parasitics. Using wire load models.
[INFO RSZ-0100] Repair move sequence: UnbufferMove SizeUpMove SwapPinsMove 
[INFO RSZ-0094] Found 32 endpoints with setup violations.
[INFO RSZ-0099] Repairing 32 out of 32 (100.00%) violating endpoints...
   Iter   | Removed | Resized | Inserted | Cloned |  Pin  |   Area   |    WNS   |   StTNS    |   EnTNS    |  Viol  |  Worst  
          | Buffers |  Gates  | Buffers  |  Gates | Swaps |          |          |            |            | Endpts | St/EnPt 
------------------------------------------------------------------------------------------------------------------------------
       0* |       0 |       0 |        0 |      0 |     0 |    +0.0% | -359.768 |   -39359.0 |   -10970.5 |     32 | imagem_out[5]
      10* |       0 |       5 |        0 |      0 |     4 |    +0.2% | -348.755 |   -38700.3 |   -10775.5 |     32 | imagem_out[5]
      20* |       0 |       6 |        0 |      0 |    13 |    +0.2% | -347.528 |   -38567.4 |   -10738.6 |     32 | imagem_out[29]
      30* |       0 |       6 |        0 |      0 |    23 |    +0.2% | -348.941 |   -38576.2 |   -10751.3 |     32 | imagem_out[18]
      40* |       0 |       9 |        0 |      0 |    30 |    +0.3% | -345.125 |   -38558.2 |   -10681.2 |     32 | imagem_out[16]
      50* |       0 |      14 |        0 |      0 |    35 |    +0.7% | -340.204 |   -38215.6 |   -10583.7 |     32 | imagem_out[25]
      60* |       0 |      23 |        0 |      0 |    36 |    +1.1% | -338.538 |   -38114.9 |   -10540.2 |     32 | imagem_out[25]
      60* |       0 |      22 |        0 |      0 |    36 |    +1.1% | -338.351 |   -38114.7 |   -10538.7 |     32 | imagem_out[25]
      70* |       0 |      26 |        0 |      0 |    41 |    +1.3% | -338.351 |   -37893.9 |   -10485.0 |     32 | imagem_out[25]
      75* |       0 |      26 |        0 |      0 |    40 |    +1.3% | -338.351 |   -37839.2 |   -10471.4 |     32 | imagem_out[25]
      80* |       0 |      30 |        0 |      0 |    40 |    +1.4% | -338.351 |   -37835.9 |   -10445.3 |     32 | imagem_out[25]
      80* |       0 |      30 |        0 |      0 |    40 |    +1.4% | -338.351 |   -37835.9 |   -10445.3 |     32 | imagem_out[25]
      82* |       0 |      30 |        0 |      0 |    40 |    +1.4% | -338.351 |   -37835.9 |   -10445.3 |     32 | imagem_out[25]
      84* |       0 |      30 |        0 |      0 |    40 |    +1.4% | -338.351 |   -37835.9 |   -10445.3 |     32 | imagem_out[25]
      86* |       0 |      30 |        0 |      0 |    40 |    +1.4% | -338.351 |   -37835.9 |   -10445.3 |     32 | imagem_out[25]
      88* |       0 |      30 |        0 |      0 |    40 |    +1.4% | -338.351 |   -37835.9 |   -10445.3 |     32 | imagem_out[25]
      90* |       0 |      31 |        0 |      0 |    40 |    +1.5% | -338.538 |   -37836.1 |   -10446.8 |     32 | imagem_out[25]
      90* |       0 |      30 |        0 |      0 |    40 |    +1.4% | -338.351 |   -37835.9 |   -10445.3 |     32 | imagem_out[25]
      92* |       0 |      30 |        0 |      0 |    40 |    +1.4% | -338.351 |   -37835.9 |   -10445.3 |     32 | imagem_out[25]
      94* |       0 |      30 |        0 |      0 |    40 |    +1.4% | -338.351 |   -37835.9 |   -10445.3 |     32 | imagem_out[25]
     100* |       0 |      33 |        0 |      0 |    42 |    +1.5% | -338.351 |   -37827.7 |   -10432.6 |     32 | imagem_out[25]
     104* |       0 |      36 |        0 |      0 |    42 |    +1.6% | -338.351 |   -37815.3 |   -10426.0 |     32 | imagem_out[25]
     106* |       0 |      36 |        0 |      0 |    42 |    +1.6% | -338.351 |   -37815.3 |   -10426.0 |     32 | imagem_out[25]
     108* |       0 |      36 |        0 |      0 |    42 |    +1.6% | -338.351 |   -37815.3 |   -10426.0 |     32 | imagem_out[25]
     110* |       0 |      37 |        0 |      0 |    42 |    +1.6% | -338.351 |   -37815.5 |   -10427.5 |     32 | imagem_out[25]
     110* |       0 |      36 |        0 |      0 |    42 |    +1.6% | -338.351 |   -37815.3 |   -10426.0 |     32 | imagem_out[25]
     112* |       0 |      36 |        0 |      0 |    42 |    +1.6% | -338.351 |   -37815.3 |   -10426.0 |     32 | imagem_out[25]
     114* |       0 |      36 |        0 |      0 |    42 |    +1.6% | -338.351 |   -37815.3 |   -10426.0 |     32 | imagem_out[25]
     116* |       0 |      36 |        0 |      0 |    42 |    +1.6% | -338.351 |   -37815.3 |   -10426.0 |     32 | imagem_out[25]
     118* |       0 |      36 |        0 |      0 |    42 |    +1.6% | -338.351 |   -37815.3 |   -10426.0 |     32 | imagem_out[25]
     120* |       0 |      36 |        0 |      0 |    43 |    +1.6% | -338.356 |   -37815.4 |   -10426.1 |     32 | imagem_out[25]
     122* |       0 |      36 |        0 |      0 |    42 |    +1.6% | -338.351 |   -37815.3 |   -10426.0 |     32 | imagem_out[25]
     124* |       0 |      36 |        0 |      0 |    43 |    +1.6% | -338.351 |   -37813.5 |   -10425.0 |     32 | imagem_out[25]
     126* |       0 |      36 |        0 |      0 |    44 |    +1.6% | -338.351 |   -37811.8 |   -10424.0 |     32 | imagem_out[25]
     128* |       0 |      36 |        0 |      0 |    44 |    +1.6% | -338.351 |   -37811.8 |   -10424.0 |     32 | imagem_out[25]
     130* |       0 |      36 |        0 |      0 |    45 |    +1.6% | -338.351 |   -37813.5 |   -10425.0 |     32 | imagem_out[25]
     130* |       0 |      36 |        0 |      0 |    44 |    +1.6% | -338.351 |   -37811.8 |   -10424.0 |     32 | imagem_out[25]
     132* |       0 |      36 |        0 |      0 |    44 |    +1.6% | -338.351 |   -37811.8 |   -10424.0 |     32 | imagem_out[25]
     140* |       0 |      37 |        0 |      0 |    50 |    +1.6% | -338.351 |   -37680.0 |   -10366.0 |     32 | imagem_out[25]
     150* |       0 |      40 |        0 |      0 |    57 |    +1.9% | -338.351 |   -37725.5 |   -10380.0 |     32 | imagem_out[25]
     157* |       0 |      44 |        0 |      0 |    60 |    +2.0% | -338.351 |   -37707.5 |   -10346.4 |     32 | imagem_out[25]
     159* |       0 |      44 |        0 |      0 |    61 |    +2.0% | -338.351 |   -37709.7 |   -10345.9 |     32 | imagem_out[25]
     160* |       0 |      44 |        0 |      0 |    61 |    +2.0% | -338.351 |   -37709.7 |   -10345.9 |     32 | imagem_out[25]
     161* |       0 |      44 |        0 |      0 |    62 |    +2.0% | -338.351 |   -37711.9 |   -10345.2 |     32 | imagem_out[25]
     163* |       0 |      44 |        0 |      0 |    63 |    +2.0% | -338.351 |   -37714.1 |   -10344.4 |     32 | imagem_out[25]
     165* |       0 |      44 |        0 |      0 |    64 |    +2.0% | -338.351 |   -37716.3 |   -10343.5 |     32 | imagem_out[25]
     167* |       0 |      44 |        0 |      0 |    65 |    +2.0% | -338.351 |   -37718.6 |   -10342.5 |     32 | imagem_out[25]
     169* |       0 |      44 |        0 |      0 |    66 |    +2.0% | -338.351 |   -37720.8 |   -10341.4 |     32 | imagem_out[25]
     170* |       0 |      44 |        0 |      0 |    66 |    +2.0% | -338.351 |   -37720.8 |   -10341.4 |     32 | imagem_out[25]
     171* |       0 |      44 |        0 |      0 |    67 |    +2.0% | -338.351 |   -37678.8 |   -10340.3 |     32 | imagem_out[25]
     171* |       0 |      44 |        0 |      0 |    67 |    +2.0% | -338.351 |   -37678.8 |   -10340.3 |     32 | imagem_out[25]
    final |       0 |      44 |        0 |      0 |    67 |    +2.0% | -338.351 |   -37678.8 |   -10340.3 |     32 | imagem_out[25]
------------------------------------------------------------------------------------------------------------------------------
[INFO RSZ-0051] Resized 44 instances: 44 up, 0 up match, 0 down, 0 VT
[INFO RSZ-0043] Swapped pins on 67 instances.
[WARNING RSZ-0062] Unable to repair all setup violations.
[INFO RSZ-0505] Runtime: 0.40s
Default units for flow
 time 1ps
 capacitance 1fF
 resistance 1kohm
 voltage 1v
 current 1mA
 power 1pW
 distance 1um
   Layer   | Unit Resistance | Unit Capacitance 
           |       (kohm/um) |          (fF/um)
------------------------------------------------
        M1 |        7.04e-02 |         1.00e-10
        M2 |        2.97e-02 |         1.75e-01
        M3 |        3.13e-02 |         1.56e-01
        M4 |        1.80e-02 |         1.78e-01
        M5 |        1.90e-02 |         1.64e-01
        M6 |        1.19e-02 |         1.87e-01
        M7 |        1.25e-02 |         1.63e-01
        M8 |        8.45e-03 |         1.04e-01
        M9 |        8.90e-03 |         9.28e-02
       Pad |        0.00e+00 |         0.00e+00
------------------------------------------------

   Layer   | Via Resistance 
           |         (kohm) 
----------------------------
        V1 |       1.72e-02 
        V2 |       1.72e-02 
        V3 |       1.72e-02 
        V4 |       1.18e-02 
        V5 |       1.18e-02 
        V6 |       8.20e-03 
        V7 |       8.20e-03 
        V8 |       6.30e-03 
        V9 |       6.30e-03 
----------------------------
Report metrics stage 2, floorplan final...

==========================================================================
floorplan final report_design_area
--------------------------------------------------------------------------
Design area 57 um^2 42% utilization.
write_db /home/matheus-grossi/Projects/CNN/CNN/synth_org/pooling/results/asap7/pooling/base/2_1_floorplan.odb
write_sdc -no_timestamp /home/matheus-grossi/Projects/CNN/CNN/synth_org/pooling/results/asap7/pooling/base/2_1_floorplan.sdc
Elapsed time: 0:01.59[h:]min:sec. CPU time: user 1.55 sys 0.18 (109%). Peak memory: 219128KB.
Log                       Ext     Elapsed/s Peak Memory/MB sha1sum result [0:20)
2_1_floorplan             .odb            1            213 ae70060a9e2b8b958d75
2_1_floorplan             .sdc                             d92a38ce241bac97179e
/home/matheus-grossi/OpenROAD/OpenROAD-flow-scripts/flow/scripts/flow.sh 2_2_floorplan_macro macro_place
Running macro_place.tcl, stage 2_2_floorplan_macro
source /home/matheus-grossi/OpenROAD/OpenROAD-flow-scripts/flow/platforms/asap7/liberty_suppressions.tcl
read_liberty /home/matheus-grossi/OpenROAD/OpenROAD-flow-scripts/flow/platforms/asap7/lib/NLDM/asap7sc7p5t_AO_RVT_FF_nldm_211120.lib.gz
read_liberty /home/matheus-grossi/OpenROAD/OpenROAD-flow-scripts/flow/platforms/asap7/lib/NLDM/asap7sc7p5t_INVBUF_RVT_FF_nldm_220122.lib.gz
read_liberty /home/matheus-grossi/OpenROAD/OpenROAD-flow-scripts/flow/platforms/asap7/lib/NLDM/asap7sc7p5t_OA_RVT_FF_nldm_211120.lib.gz
read_liberty /home/matheus-grossi/OpenROAD/OpenROAD-flow-scripts/flow/platforms/asap7/lib/NLDM/asap7sc7p5t_SIMPLE_RVT_FF_nldm_211120.lib.gz
read_liberty /home/matheus-grossi/OpenROAD/OpenROAD-flow-scripts/flow/platforms/asap7/lib/NLDM/asap7sc7p5t_SEQ_RVT_FF_nldm_220123.lib
read_db /home/matheus-grossi/Projects/CNN/CNN/synth_org/pooling/results/asap7/pooling/base/2_1_floorplan.odb
read_sdc /home/matheus-grossi/Projects/CNN/CNN/synth_org/pooling/results/asap7/pooling/base/2_1_floorplan.sdc
source /home/matheus-grossi/OpenROAD/OpenROAD-flow-scripts/flow/platforms/asap7/setRC.tcl
No macros found: Skipping macro_placement
Design area 57 um^2 42% utilization.
write_db /home/matheus-grossi/Projects/CNN/CNN/synth_org/pooling/results/asap7/pooling/base/2_2_floorplan_macro.odb
Elapsed time: 0:01.13[h:]min:sec. CPU time: user 1.04 sys 0.08 (99%). Peak memory: 197172KB.
Log                       Ext     Elapsed/s Peak Memory/MB sha1sum result [0:20)
2_2_floorplan_macro       .odb            1            192 ae70060a9e2b8b958d75
/home/matheus-grossi/OpenROAD/OpenROAD-flow-scripts/flow/scripts/flow.sh 2_3_floorplan_tapcell tapcell
Running tapcell.tcl, stage 2_3_floorplan_tapcell
source /home/matheus-grossi/OpenROAD/OpenROAD-flow-scripts/flow/platforms/asap7/liberty_suppressions.tcl
read_liberty /home/matheus-grossi/OpenROAD/OpenROAD-flow-scripts/flow/platforms/asap7/lib/NLDM/asap7sc7p5t_AO_RVT_FF_nldm_211120.lib.gz
read_liberty /home/matheus-grossi/OpenROAD/OpenROAD-flow-scripts/flow/platforms/asap7/lib/NLDM/asap7sc7p5t_INVBUF_RVT_FF_nldm_220122.lib.gz
read_liberty /home/matheus-grossi/OpenROAD/OpenROAD-flow-scripts/flow/platforms/asap7/lib/NLDM/asap7sc7p5t_OA_RVT_FF_nldm_211120.lib.gz
read_liberty /home/matheus-grossi/OpenROAD/OpenROAD-flow-scripts/flow/platforms/asap7/lib/NLDM/asap7sc7p5t_SIMPLE_RVT_FF_nldm_211120.lib.gz
read_liberty /home/matheus-grossi/OpenROAD/OpenROAD-flow-scripts/flow/platforms/asap7/lib/NLDM/asap7sc7p5t_SEQ_RVT_FF_nldm_220123.lib
read_db /home/matheus-grossi/Projects/CNN/CNN/synth_org/pooling/results/asap7/pooling/base/2_2_floorplan_macro.odb
read_sdc /home/matheus-grossi/Projects/CNN/CNN/synth_org/pooling/results/asap7/pooling/base/2_1_floorplan.sdc
source /home/matheus-grossi/OpenROAD/OpenROAD-flow-scripts/flow/platforms/asap7/setRC.tcl
Tap and End Cap cell insertion
  TAP Cell          : TAPCELL_ASAP7_75t_R
  ENDCAP Cell       : TAPCELL_ASAP7_75t_R
  Halo Around Macro : 2 2
  TAP Cell Distance : 25
[INFO TAP-0004] Inserted 86 endcaps.
[INFO TAP-0005] Inserted 0 tapcells.
Design area 60 um^2 44% utilization.
write_db /home/matheus-grossi/Projects/CNN/CNN/synth_org/pooling/results/asap7/pooling/base/2_3_floorplan_tapcell.odb
Elapsed time: 0:01.13[h:]min:sec. CPU time: user 1.05 sys 0.08 (99%). Peak memory: 197180KB.
Log                       Ext     Elapsed/s Peak Memory/MB sha1sum result [0:20)
2_3_floorplan_tapcell     .odb            1            192 2f289d278ad5b4728447
/home/matheus-grossi/OpenROAD/OpenROAD-flow-scripts/flow/scripts/flow.sh 2_4_floorplan_pdn pdn
Running pdn.tcl, stage 2_4_floorplan_pdn
source /home/matheus-grossi/OpenROAD/OpenROAD-flow-scripts/flow/platforms/asap7/liberty_suppressions.tcl
read_liberty /home/matheus-grossi/OpenROAD/OpenROAD-flow-scripts/flow/platforms/asap7/lib/NLDM/asap7sc7p5t_AO_RVT_FF_nldm_211120.lib.gz
read_liberty /home/matheus-grossi/OpenROAD/OpenROAD-flow-scripts/flow/platforms/asap7/lib/NLDM/asap7sc7p5t_INVBUF_RVT_FF_nldm_220122.lib.gz
read_liberty /home/matheus-grossi/OpenROAD/OpenROAD-flow-scripts/flow/platforms/asap7/lib/NLDM/asap7sc7p5t_OA_RVT_FF_nldm_211120.lib.gz
read_liberty /home/matheus-grossi/OpenROAD/OpenROAD-flow-scripts/flow/platforms/asap7/lib/NLDM/asap7sc7p5t_SIMPLE_RVT_FF_nldm_211120.lib.gz
read_liberty /home/matheus-grossi/OpenROAD/OpenROAD-flow-scripts/flow/platforms/asap7/lib/NLDM/asap7sc7p5t_SEQ_RVT_FF_nldm_220123.lib
read_db /home/matheus-grossi/Projects/CNN/CNN/synth_org/pooling/results/asap7/pooling/base/2_3_floorplan_tapcell.odb
read_sdc /home/matheus-grossi/Projects/CNN/CNN/synth_org/pooling/results/asap7/pooling/base/2_1_floorplan.sdc
source /home/matheus-grossi/OpenROAD/OpenROAD-flow-scripts/flow/platforms/asap7/setRC.tcl
[WARNING PDN-1051] No instances found for grid (CORE_macro_grid_1).
[WARNING PDN-1051] No instances found for grid (CORE_macro_grid_2).
[INFO PDN-0001] Inserting grid: top
[INFO PDN-0500] Runtime: 0.00s
Design area 60 um^2 44% utilization.
write_db /home/matheus-grossi/Projects/CNN/CNN/synth_org/pooling/results/asap7/pooling/base/2_4_floorplan_pdn.odb
Elapsed time: 0:01.15[h:]min:sec. CPU time: user 1.06 sys 0.08 (99%). Peak memory: 198792KB.
Log                       Ext     Elapsed/s Peak Memory/MB sha1sum result [0:20)
2_4_floorplan_pdn         .odb            1            194 8df742057d3625711c92
cp /home/matheus-grossi/Projects/CNN/CNN/synth_org/pooling/results/asap7/pooling/base/2_4_floorplan_pdn.odb /home/matheus-grossi/Projects/CNN/CNN/synth_org/pooling/results/asap7/pooling/base/2_floorplan.odb
cp /home/matheus-grossi/Projects/CNN/CNN/synth_org/pooling/results/asap7/pooling/base/2_1_floorplan.sdc /home/matheus-grossi/Projects/CNN/CNN/synth_org/pooling/results/asap7/pooling/base/2_floorplan.sdc
/home/matheus-grossi/OpenROAD/OpenROAD-flow-scripts/flow/scripts/flow.sh 3_1_place_gp_skip_io global_place_skip_io
Running global_place_skip_io.tcl, stage 3_1_place_gp_skip_io
source /home/matheus-grossi/OpenROAD/OpenROAD-flow-scripts/flow/platforms/asap7/liberty_suppressions.tcl
read_liberty /home/matheus-grossi/OpenROAD/OpenROAD-flow-scripts/flow/platforms/asap7/lib/NLDM/asap7sc7p5t_AO_RVT_FF_nldm_211120.lib.gz
read_liberty /home/matheus-grossi/OpenROAD/OpenROAD-flow-scripts/flow/platforms/asap7/lib/NLDM/asap7sc7p5t_INVBUF_RVT_FF_nldm_220122.lib.gz
read_liberty /home/matheus-grossi/OpenROAD/OpenROAD-flow-scripts/flow/platforms/asap7/lib/NLDM/asap7sc7p5t_OA_RVT_FF_nldm_211120.lib.gz
read_liberty /home/matheus-grossi/OpenROAD/OpenROAD-flow-scripts/flow/platforms/asap7/lib/NLDM/asap7sc7p5t_SIMPLE_RVT_FF_nldm_211120.lib.gz
read_liberty /home/matheus-grossi/OpenROAD/OpenROAD-flow-scripts/flow/platforms/asap7/lib/NLDM/asap7sc7p5t_SEQ_RVT_FF_nldm_220123.lib
read_db /home/matheus-grossi/Projects/CNN/CNN/synth_org/pooling/results/asap7/pooling/base/2_floorplan.odb
read_sdc /home/matheus-grossi/Projects/CNN/CNN/synth_org/pooling/results/asap7/pooling/base/2_floorplan.sdc
source /home/matheus-grossi/OpenROAD/OpenROAD-flow-scripts/flow/platforms/asap7/setRC.tcl
global_placement -skip_io -density 0.6 -pad_left 0 -pad_right 0
[INFO GPL-0190] Using 6 of 12 threads for placement: one per core, SMT siblings idle.
[INFO GPL-0001] ---- Initialize GPL Main Data Structures
[INFO GPL-0002] DBU: 1000
[INFO GPL-0003] SiteSize: (  0.054  0.270 ) um
[INFO GPL-0004] CoreBBox: (  2.052  2.160 ) ( 13.824 13.770 ) um
[INFO GPL-0016] Core area:                     136.673 um^2
[INFO GPL-0036] Movable instances area:         57.416 um^2
[INFO GPL-0037] Total instances area:           59.924 um^2
[INFO GPL-0035] Pin density area adjust:         0.847 um^2
[INFO GPL-0032] ---- Initialize Region: Top-level
[INFO GPL-0006] Number of instances:               687
[INFO GPL-0007] Movable instances:                 601
[INFO GPL-0008] Fixed instances:                    86
[INFO GPL-0009] Dummy instances:                     0
[INFO GPL-0010] Number of nets:                    837
[INFO GPL-0011] Number of pins:                   2060
[INFO GPL-0012] Die BBox:       (  0.000  0.000 ) ( 15.863 15.863 ) um
[INFO GPL-0013] Placement BBox: (  2.052  2.160 ) ( 13.824 13.770 ) um
[INFO GPL-0014] Region name: top-level.
[INFO GPL-0015] Region area:                   136.673 um^2
[INFO GPL-0017] Fixed instances area:            2.508 um^2
[INFO GPL-0018] Movable instances area:         58.263 um^2
[INFO GPL-0019] Utilization:                    43.426 %
[INFO GPL-0020] Standard cells area:            58.263 um^2
[INFO GPL-0021] Large instances area:            0.000 um^2
[INFO GPL-0005] ---- Execute Conjugate Gradient Initial Placement.
[INFO GPL-0051] Source of initial instance position counters:
	Odb location = 0	Core center = 601	Region center = 0
[INFO GPL-0033] ---- Initialize Nesterov Region: Top-level
[INFO GPL-0023] Placement target density:       0.6000
[INFO GPL-0024] Movable insts average area:      0.097 um^2
[INFO GPL-0025] Ideal bin area:                  0.162 um^2
[INFO GPL-0026] Ideal bin count:                   845
[INFO GPL-0027] Total bin area:                136.673 um^2
[INFO GPL-0028] Bin count (X, Y):          16 ,     16
[INFO GPL-0029] Bin size (W * H):       0.736 *  0.726 um
[INFO GPL-0030] Number of bins:                    256
[INFO GPL-0084] ---- Execute Nesterov Global Placement.
[INFO GPL-0031] HPWL: Half-Perimeter Wirelength
Iteration | Overflow |     HPWL (um) |  HPWL(%) |   Penalty | Group
---------------------------------------------------------------
        0 |   0.9773 |  1.329760e+02 |   +0.00% |  2.56e-12 |      
       10 |   0.9731 |  6.733400e+01 |  -49.36% |  4.17e-12 |      
       20 |   0.9720 |  6.681400e+01 |   -0.77% |  6.79e-12 |      
       30 |   0.9727 |  6.666300e+01 |   -0.23% |  1.11e-11 |      
       40 |   0.9724 |  6.670000e+01 |   +0.06% |  1.80e-11 |      
       50 |   0.9724 |  6.675900e+01 |   +0.09% |  2.93e-11 |      
       60 |   0.9724 |  6.700600e+01 |   +0.37% |  4.78e-11 |      
       70 |   0.9722 |  6.754500e+01 |   +0.80% |  7.78e-11 |      
       80 |   0.9719 |  6.846200e+01 |   +1.36% |  1.27e-10 |      
       90 |   0.9715 |  6.971300e+01 |   +1.83% |  2.07e-10 |      
      100 |   0.9707 |  7.124100e+01 |   +2.19% |  3.36e-10 |      
      110 |   0.9691 |  7.324700e+01 |   +2.82% |  5.48e-10 |      
      120 |   0.9652 |  7.570200e+01 |   +3.35% |  8.93e-10 |      
      130 |   0.9555 |  7.988800e+01 |   +5.53% |  1.45e-09 |      
      140 |   0.9191 |  1.006550e+02 |  +26.00% |  2.37e-09 |      
      150 |   0.8608 |  1.003810e+02 |   -0.27% |  3.86e-09 |      
      160 |   0.8592 |  1.018310e+02 |   +1.44% |  6.28e-09 |      
      170 |   0.8641 |  9.898700e+01 |   -2.79% |  1.02e-08 |      
      180 |   0.8508 |  9.633900e+01 |   -2.68% |  1.67e-08 |      
      190 |   0.8075 |  1.464330e+02 |  +52.00% |  2.72e-08 |      
      200 |   0.7347 |  2.071360e+02 |  +41.45% |  4.42e-08 |      
      210 |   0.7351 |  2.241400e+02 |   +8.21% |  7.21e-08 |      
      220 |   0.6817 |  2.622560e+02 |  +17.01% |  1.17e-07 |      
      230 |   0.6563 |  2.910900e+02 |  +10.99% |  1.91e-07 |      
      240 |   0.6030 |  3.214670e+02 |  +10.44% |  3.11e-07 |      
      250 |   0.5470 |  3.481040e+02 |   +8.29% |  5.07e-07 |      
      260 |   0.4960 |  3.773610e+02 |   +8.40% |  8.26e-07 |      
      270 |   0.4535 |  4.037500e+02 |   +6.99% |  1.35e-06 |      
      280 |   0.4093 |  4.286650e+02 |   +6.17% |  2.19e-06 |      
      290 |   0.3651 |  4.601690e+02 |   +7.35% |  3.57e-06 |      
      300 |   0.3271 |  4.882720e+02 |   +6.11% |  5.53e-06 |      
      310 |   0.2868 |  5.014180e+02 |   +2.69% |  8.15e-06 |      
      320 |   0.2540 |  5.092450e+02 |   +1.56% |  1.20e-05 |      
      330 |   0.2220 |  5.170030e+02 |   +1.52% |  1.77e-05 |      
      340 |   0.1875 |  5.212210e+02 |   +0.82% |  2.61e-05 |      
      350 |   0.1601 |  5.170030e+02 |   -0.81% |  3.84e-05 |      
      360 |   0.1390 |  5.256440e+02 |   +1.67% |  5.65e-05 |      
      370 |   0.1220 |  5.299950e+02 |   +0.83% |  8.33e-05 |      
      380 |   0.1016 |  5.315780e+02 |   +0.30% |  1.23e-04 |      
      381 |   0.0997 |  5.329170e+02 |          |  1.33e-04 |      
---------------------------------------------------------------
[INFO GPL-1001] Global placement finished at iteration 381
[INFO GPL-1002] Placed Cell Area               58.2628
[INFO GPL-1003] Available Free Area           134.1652
[INFO GPL-1004] Minimum Feasible Density        0.4400 (cell_area / free_area)
[INFO GPL-1006]   Suggested Target Densities:
[INFO GPL-1007]     - For 90% usage of free space: 0.4825
[INFO GPL-1008]     - For 80% usage of free space: 0.5428
[INFO GPL-1009]     - For 50% usage of free space: 0.8685
[INFO GPL-1014] Final placement area: 58.26 (+0.00%)
[INFO GPL-1018] Final HPWL (um): 537.82
Design area 60 um^2 44% utilization.
write_db /home/matheus-grossi/Projects/CNN/CNN/synth_org/pooling/results/asap7/pooling/base/3_1_place_gp_skip_io.odb
Elapsed time: 0:01.19[h:]min:sec. CPU time: user 1.34 sys 0.09 (120%). Peak memory: 199388KB.
Log                       Ext     Elapsed/s Peak Memory/MB sha1sum result [0:20)
3_1_place_gp_skip_io      .odb            1            194 76babb66d772c8539664
/home/matheus-grossi/OpenROAD/OpenROAD-flow-scripts/flow/scripts/flow.sh 3_2_place_iop io_placement
Running io_placement.tcl, stage 3_2_place_iop
source /home/matheus-grossi/OpenROAD/OpenROAD-flow-scripts/flow/platforms/asap7/liberty_suppressions.tcl
read_liberty /home/matheus-grossi/OpenROAD/OpenROAD-flow-scripts/flow/platforms/asap7/lib/NLDM/asap7sc7p5t_AO_RVT_FF_nldm_211120.lib.gz
read_liberty /home/matheus-grossi/OpenROAD/OpenROAD-flow-scripts/flow/platforms/asap7/lib/NLDM/asap7sc7p5t_INVBUF_RVT_FF_nldm_220122.lib.gz
read_liberty /home/matheus-grossi/OpenROAD/OpenROAD-flow-scripts/flow/platforms/asap7/lib/NLDM/asap7sc7p5t_OA_RVT_FF_nldm_211120.lib.gz
read_liberty /home/matheus-grossi/OpenROAD/OpenROAD-flow-scripts/flow/platforms/asap7/lib/NLDM/asap7sc7p5t_SIMPLE_RVT_FF_nldm_211120.lib.gz
read_liberty /home/matheus-grossi/OpenROAD/OpenROAD-flow-scripts/flow/platforms/asap7/lib/NLDM/asap7sc7p5t_SEQ_RVT_FF_nldm_220123.lib
read_db /home/matheus-grossi/Projects/CNN/CNN/synth_org/pooling/results/asap7/pooling/base/3_1_place_gp_skip_io.odb
read_sdc /home/matheus-grossi/Projects/CNN/CNN/synth_org/pooling/results/asap7/pooling/base/2_floorplan.sdc
source /home/matheus-grossi/OpenROAD/OpenROAD-flow-scripts/flow/platforms/asap7/setRC.tcl
place_pins -hor_layers M4 -ver_layers M5
Found 0 macro blocks.
Using 2 tracks default min distance between IO pins.
[INFO PPL-0001] Number of available slots 596
[INFO PPL-0002] Number of I/O             160
[INFO PPL-0003] Number of I/O w/sink      160
[INFO PPL-0004] Number of I/O w/o sink    0
[INFO PPL-0005] Slots per section         200
[INFO PPL-0008] Successfully assigned pins to sections.
[INFO PPL-0012] I/O nets HPWL: 760.75 um.
Design area 60 um^2 44% utilization.
write_db /home/matheus-grossi/Projects/CNN/CNN/synth_org/pooling/results/asap7/pooling/base/3_2_place_iop.odb
Elapsed time: 0:01.14[h:]min:sec. CPU time: user 1.04 sys 0.10 (99%). Peak memory: 197908KB.
Log                       Ext     Elapsed/s Peak Memory/MB sha1sum result [0:20)
3_2_place_iop             .odb            1            193 3dde4a796804ada59f97
/home/matheus-grossi/OpenROAD/OpenROAD-flow-scripts/flow/scripts/flow.sh 3_3_place_gp global_place
Running global_place.tcl, stage 3_3_place_gp
source /home/matheus-grossi/OpenROAD/OpenROAD-flow-scripts/flow/platforms/asap7/liberty_suppressions.tcl
read_liberty /home/matheus-grossi/OpenROAD/OpenROAD-flow-scripts/flow/platforms/asap7/lib/NLDM/asap7sc7p5t_AO_RVT_FF_nldm_211120.lib.gz
read_liberty /home/matheus-grossi/OpenROAD/OpenROAD-flow-scripts/flow/platforms/asap7/lib/NLDM/asap7sc7p5t_INVBUF_RVT_FF_nldm_220122.lib.gz
read_liberty /home/matheus-grossi/OpenROAD/OpenROAD-flow-scripts/flow/platforms/asap7/lib/NLDM/asap7sc7p5t_OA_RVT_FF_nldm_211120.lib.gz
read_liberty /home/matheus-grossi/OpenROAD/OpenROAD-flow-scripts/flow/platforms/asap7/lib/NLDM/asap7sc7p5t_SIMPLE_RVT_FF_nldm_211120.lib.gz
read_liberty /home/matheus-grossi/OpenROAD/OpenROAD-flow-scripts/flow/platforms/asap7/lib/NLDM/asap7sc7p5t_SEQ_RVT_FF_nldm_220123.lib
read_db /home/matheus-grossi/Projects/CNN/CNN/synth_org/pooling/results/asap7/pooling/base/3_2_place_iop.odb
read_sdc /home/matheus-grossi/Projects/CNN/CNN/synth_org/pooling/results/asap7/pooling/base/2_floorplan.sdc
source /home/matheus-grossi/OpenROAD/OpenROAD-flow-scripts/flow/platforms/asap7/setRC.tcl
[INFO RSZ-0026] Removed 8 buffers.
Perform port buffering...
[INFO RSZ-0027] Inserted 128 BUFx2_ASAP7_75t_R input buffers.
[INFO RSZ-0028] Inserted 32 BUFx2_ASAP7_75t_R output buffers.
global_placement -density 0.6 -pad_left 0 -pad_right 0 -routability_driven -timing_driven -force_center_initial_place -min_phi_coef 0.95 -max_phi_coef 1.05
[INFO GPL-0190] Using 6 of 12 threads for placement: one per core, SMT siblings idle.
[INFO GPL-0001] ---- Initialize GPL Main Data Structures
[INFO GPL-0002] DBU: 1000
[INFO GPL-0003] SiteSize: (  0.054  0.270 ) um
[INFO GPL-0004] CoreBBox: (  2.052  2.160 ) ( 13.824 13.770 ) um
[INFO GPL-0016] Core area:                     136.673 um^2
[INFO GPL-0036] Movable instances area:         67.622 um^2
[INFO GPL-0037] Total instances area:           70.130 um^2
[INFO GPL-0035] Pin density area adjust:         1.837 um^2
[INFO GPL-0032] ---- Initialize Region: Top-level
[INFO GPL-0006] Number of instances:               839
[INFO GPL-0007] Movable instances:                 753
[INFO GPL-0008] Fixed instances:                    86
[INFO GPL-0009] Dummy instances:                     0
[INFO GPL-0010] Number of nets:                    989
[INFO GPL-0011] Number of pins:                   2524
[INFO GPL-0012] Die BBox:       (  0.000  0.000 ) ( 15.863 15.863 ) um
[INFO GPL-0013] Placement BBox: (  2.052  2.160 ) ( 13.824 13.770 ) um
[INFO GPL-0014] Region name: top-level.
[INFO GPL-0015] Region area:                   136.673 um^2
[INFO GPL-0017] Fixed instances area:            2.508 um^2
[INFO GPL-0018] Movable instances area:         69.459 um^2
[INFO GPL-0019] Utilization:                    51.771 %
[INFO GPL-0020] Standard cells area:            69.459 um^2
[INFO GPL-0021] Large instances area:            0.000 um^2
[INFO GPL-0005] ---- Execute Conjugate Gradient Initial Placement.
[INFO GPL-0051] Source of initial instance position counters:
	Odb location = 0	Core center = 753	Region center = 0
[InitialPlace]  Iter: 1 conjugate gradient residual: 0.00000010 HPWL: 1873328
[InitialPlace]  Iter: 2 conjugate gradient residual: 0.00000012 HPWL: 1589407
[InitialPlace]  Iter: 3 conjugate gradient residual: 0.00000010 HPWL: 1591946
[InitialPlace]  Iter: 4 conjugate gradient residual: 0.00000012 HPWL: 1605050
[InitialPlace]  Iter: 5 conjugate gradient residual: 0.00000009 HPWL: 1608556
[INFO GPL-0033] ---- Initialize Nesterov Region: Top-level
[INFO GPL-0023] Placement target density:       0.6000
[INFO GPL-0024] Movable insts average area:      0.092 um^2
[INFO GPL-0025] Ideal bin area:                  0.154 um^2
[INFO GPL-0026] Ideal bin count:                   888
[INFO GPL-0027] Total bin area:                136.673 um^2
[INFO GPL-0028] Bin count (X, Y):          16 ,     16
[INFO GPL-0029] Bin size (W * H):       0.736 *  0.726 um
[INFO GPL-0030] Number of bins:                    256
[INFO GPL-0084] ---- Execute Nesterov Global Placement.
[INFO GPL-0031] HPWL: Half-Perimeter Wirelength
Iteration | Overflow |     HPWL (um) |  HPWL(%) |   Penalty | Group
---------------------------------------------------------------
        0 |   0.6608 |  1.038908e+03 |   +0.00% |  3.08e-11 |      
       10 |   0.6506 |  1.032730e+03 |   -0.59% |  5.02e-11 |      
[INFO GPL-0100] Timing-driven iteration 1/2, virtual: false.
[INFO GPL-0101]    Iter: 15, overflow: 0.633, keep resizer changes at: 1, HPWL: 1034672
Iteration |   Area    | Resized | Buffers | Nets repaired | Remaining
---------------------------------------------------------------------
        0 |     +0.0% |       0 |       0 |             0 |       989
    final |     +0.0% |       0 |       0 |             0 |         0
---------------------------------------------------------------------
   Iter   |    Area   | Removed | Inserted |   Pins
          |           | Buffers | Buffers  | Remaining
-------------------------------------------------------
        0 |     +0.0% |       0 |        0 |       861
       86 |     +0.0% |       0 |        0 |       775
      172 |     +1.0% |       0 |        7 |       689
      258 |     +2.0% |       0 |       15 |       603
      344 |     +3.0% |       0 |       23 |       517
      430 |     +5.2% |       0 |       40 |       431
      516 |     +5.7% |       0 |       44 |       345
      602 |     +6.8% |       0 |       53 |       259
      688 |     +7.4% |       0 |       58 |       173
      774 |     +8.9% |       0 |       70 |        87
      860 |    +10.9% |       0 |       86 |         1
    final |    +11.0% |       0 |       87 |         0
-------------------------------------------------------
[INFO GPL-0106] Timing-driven: worst slack -3.688752e-10
[INFO GPL-0107] Timing-driven: repair_design delta area: 7.727 um^2 (+11.13%)
[INFO GPL-0108] Timing-driven: repair_design, gpl delta gcells: 87 (+11.55%)
[INFO GPL-0109] Timing-driven: repair_design, gcells created: 87, deleted: 0
[INFO GPL-0110] Timing-driven: new target density: 0.6575962
Iteration | Overflow |     HPWL (um) |  HPWL(%) |   Penalty | Group
---------------------------------------------------------------
       20 |   0.6295 |  1.083875e+03 |   +4.95% |  8.17e-11 |      
       30 |   0.6321 |  1.071406e+03 |   -1.15% |  1.33e-10 |      
       40 |   0.6353 |  1.065948e+03 |   -0.51% |  2.17e-10 |      
       50 |   0.6372 |  1.064423e+03 |   -0.14% |  3.53e-10 |      
       60 |   0.6367 |  1.064303e+03 |   -0.01% |  5.75e-10 |      
       70 |   0.6362 |  1.064890e+03 |   +0.06% |  9.37e-10 |      
       80 |   0.6360 |  1.065452e+03 |   +0.05% |  1.53e-09 |      
       90 |   0.6353 |  1.065692e+03 |   +0.02% |  2.49e-09 |      
      100 |   0.6345 |  1.066147e+03 |   +0.04% |  4.05e-09 |      
      110 |   0.6331 |  1.067067e+03 |   +0.09% |  6.60e-09 |      
      120 |   0.6304 |  1.068465e+03 |   +0.13% |  1.07e-08 |      
      130 |   0.6264 |  1.070680e+03 |   +0.21% |  1.75e-08 |      
      140 |   0.6200 |  1.074050e+03 |   +0.31% |  2.85e-08 |      
      150 |   0.6104 |  1.079531e+03 |   +0.51% |  4.64e-08 |      
[INFO GPL-0038] Routability snapshot saved at iter = 159
      158 |   0.5985 |  1.085923e+03 |          |           |      
      160 |   0.5946 |  1.087824e+03 |   +0.77% |  7.57e-08 |      
      170 |   0.5703 |  1.099278e+03 |   +1.05% |  1.23e-07 |      
      180 |   0.5448 |  1.113323e+03 |   +1.28% |  2.01e-07 |      
      190 |   0.5145 |  1.129696e+03 |   +1.47% |  3.27e-07 |      
      200 |   0.4828 |  1.148505e+03 |   +1.66% |  5.33e-07 |      
      210 |   0.4399 |  1.168751e+03 |   +1.76% |  8.68e-07 |      
      220 |   0.3938 |  1.185169e+03 |   +1.40% |  1.41e-06 |      
      230 |   0.3512 |  1.201028e+03 |   +1.34% |  2.30e-06 |      
      240 |   0.3082 |  1.216852e+03 |   +1.32% |  3.46e-06 |      
[INFO GPL-0040] Routability iteration: 1
[INFO GPL-0041] Total routing overflow: 0.0000
[INFO GPL-0042] Number of overflowed tiles: 0 (0.00%)
[INFO GPL-0043] Average top 0.5% routing congestion: 0.5904
[INFO GPL-0044] Average top 1.0% routing congestion: 0.5763
[INFO GPL-0045] Average top 2.0% routing congestion: 0.5582
[INFO GPL-0046] Average top 5.0% routing congestion: 0.5239
[INFO GPL-0047] Routability iteration weighted routing congestion: 0.5834
[INFO GPL-0050] Weighted routing congestion is lower than target routing congestion(1.0100), end routability optimization.
[INFO GPL-0090] Routability finished. Target routing congestion achieved succesfully.
Iteration | Overflow |     HPWL (um) |  HPWL(%) |   Penalty | Group
---------------------------------------------------------------
      250 |   0.2803 |  1.227969e+03 |   +0.91% |  5.10e-06 |      
      260 |   0.2484 |  1.243339e+03 |   +1.25% |  7.51e-06 |      
      270 |   0.2232 |  1.254897e+03 |   +0.93% |  1.11e-05 |      
      280 |   0.1993 |  1.264394e+03 |   +0.76% |  1.63e-05 |      
[INFO GPL-0100] Timing-driven iteration 2/2, virtual: false.
[INFO GPL-0101]    Iter: 283, overflow: 0.195, keep resizer changes at: 1, HPWL: 1266246
Iteration |   Area    | Resized | Buffers | Nets repaired | Remaining
---------------------------------------------------------------------
        0 |     +0.0% |       0 |       0 |             0 |      1076
    final |     +0.0% |       0 |       0 |             0 |         0
---------------------------------------------------------------------
   Iter   |    Area   | Removed | Inserted |   Pins
          |           | Buffers | Buffers  | Remaining
-------------------------------------------------------
        0 |     +0.0% |       0 |        0 |       861
       86 |     +0.0% |       0 |        0 |       775
      172 |     +0.4% |       7 |       11 |       689
      258 |     +1.2% |      15 |       26 |       603
      344 |     +1.6% |      23 |       38 |       517
      430 |     +1.4% |      40 |       53 |       431
      516 |     +1.4% |      44 |       57 |       345
      602 |     +1.4% |      53 |       66 |       259
      688 |     +1.5% |      58 |       72 |       173
      774 |     +2.2% |      70 |       90 |        87
      860 |     +2.7% |      86 |      111 |         1
    final |     +2.7% |      87 |      112 |         0
-------------------------------------------------------
[INFO GPL-0106] Timing-driven: worst slack -3.696389e-10
[INFO GPL-0107] Timing-driven: repair_design delta area: 2.129 um^2 (+2.76%)
[INFO GPL-0108] Timing-driven: repair_design, gpl delta gcells: 25 (+2.98%)
[INFO GPL-0109] Timing-driven: repair_design, gcells created: 112, deleted: 87
[INFO GPL-0110] Timing-driven: new target density: 0.6734623
Iteration | Overflow |     HPWL (um) |  HPWL(%) |   Penalty | Group
---------------------------------------------------------------
      290 |   0.1725 |  1.298640e+03 |   +2.71% |  2.40e-05 |      
      300 |   0.1486 |  1.285604e+03 |   -1.00% |  3.54e-05 |      
      310 |   0.1277 |  1.291329e+03 |   +0.45% |  5.21e-05 |      
      320 |   0.1029 |  1.298761e+03 |   +0.58% |  7.67e-05 |      
      322 |   0.0991 |  1.299445e+03 |          |  8.62e-05 |      
---------------------------------------------------------------
[INFO GPL-1001] Global placement finished at iteration 322
[INFO GPL-1017] Routability mode iteration count: 84
[INFO GPL-1005] Routability final weighted congestion: 0.5643
[INFO GPL-1002] Placed Cell Area               79.3153
[INFO GPL-1003] Available Free Area           134.1652
[INFO GPL-1004] Minimum Feasible Density        0.5200 (cell_area / free_area)
[INFO GPL-1006]   Suggested Target Densities:
[INFO GPL-1007]     - For 90% usage of free space: 0.6569
[INFO GPL-1008]     - For 80% usage of free space: 0.7390
[INFO GPL-1011] Original area (um^2): 69.46
[INFO GPL-1012] Total routability artificial inflation: 0.00 (+0.00%)
[INFO GPL-1013] Total timing-driven delta area: 9.86 (+14.19%)
[INFO GPL-1014] Final placement area: 79.32 (+14.19%)
[INFO GPL-1018] Final HPWL (um): 1303.84
estimate_parasitics -placement
Report metrics stage 3, global place...

==========================================================================
global place report_design_area
--------------------------------------------------------------------------
Design area 80 um^2 59% utilization.
write_db /home/matheus-grossi/Projects/CNN/CNN/synth_org/pooling/results/asap7/pooling/base/3_3_place_gp.odb
Elapsed time: 0:01.76[h:]min:sec. CPU time: user 2.07 sys 0.24 (131%). Peak memory: 333420KB.
Log                       Ext     Elapsed/s Peak Memory/MB sha1sum result [0:20)
3_3_place_gp              .odb            1            325 113c93835fbfd25af8f4
/home/matheus-grossi/OpenROAD/OpenROAD-flow-scripts/flow/scripts/flow.sh 3_4_place_resized resize
Running resize.tcl, stage 3_4_place_resized
source /home/matheus-grossi/OpenROAD/OpenROAD-flow-scripts/flow/platforms/asap7/liberty_suppressions.tcl
read_liberty /home/matheus-grossi/OpenROAD/OpenROAD-flow-scripts/flow/platforms/asap7/lib/NLDM/asap7sc7p5t_AO_RVT_FF_nldm_211120.lib.gz
read_liberty /home/matheus-grossi/OpenROAD/OpenROAD-flow-scripts/flow/platforms/asap7/lib/NLDM/asap7sc7p5t_INVBUF_RVT_FF_nldm_220122.lib.gz
read_liberty /home/matheus-grossi/OpenROAD/OpenROAD-flow-scripts/flow/platforms/asap7/lib/NLDM/asap7sc7p5t_OA_RVT_FF_nldm_211120.lib.gz
read_liberty /home/matheus-grossi/OpenROAD/OpenROAD-flow-scripts/flow/platforms/asap7/lib/NLDM/asap7sc7p5t_SIMPLE_RVT_FF_nldm_211120.lib.gz
read_liberty /home/matheus-grossi/OpenROAD/OpenROAD-flow-scripts/flow/platforms/asap7/lib/NLDM/asap7sc7p5t_SEQ_RVT_FF_nldm_220123.lib
read_db /home/matheus-grossi/Projects/CNN/CNN/synth_org/pooling/results/asap7/pooling/base/3_3_place_gp.odb
read_sdc /home/matheus-grossi/Projects/CNN/CNN/synth_org/pooling/results/asap7/pooling/base/2_floorplan.sdc
source /home/matheus-grossi/OpenROAD/OpenROAD-flow-scripts/flow/platforms/asap7/setRC.tcl
estimate_parasitics -placement
Perform buffer insertion and gate resizing...
repair_design -verbose
Iteration |   Area    | Resized | Buffers | Nets repaired | Remaining
---------------------------------------------------------------------
        0 |     +0.0% |       0 |       0 |             0 |      1101
       10 |     +0.0% |       0 |       0 |             0 |      1091
       20 |     +0.0% |       0 |       0 |             0 |      1081
       30 |     +0.0% |       0 |       0 |             0 |      1071
       40 |     +0.0% |       0 |       0 |             0 |      1061
       50 |     +0.0% |       0 |       0 |             0 |      1051
       60 |     +0.0% |       0 |       0 |             0 |      1041
       70 |     +0.0% |       0 |       0 |             0 |      1031
       80 |     +0.0% |       0 |       0 |             0 |      1021
       90 |     +0.0% |       0 |       0 |             0 |      1011
      100 |     +0.0% |       0 |       0 |             0 |      1001
      110 |     +0.0% |       0 |       0 |             0 |       991
      120 |     +0.0% |       0 |       0 |             0 |       981
      130 |     +0.0% |       0 |       0 |             0 |       971
      140 |     +0.0% |       0 |       0 |             0 |       961
      150 |     +0.0% |       0 |       0 |             0 |       951
      160 |     +0.0% |       0 |       0 |             0 |       941
      170 |     +0.0% |       0 |       0 |             0 |       931
      180 |     +0.0% |       0 |       0 |             0 |       921
      190 |     +0.0% |       0 |       0 |             0 |       911
      200 |     +0.0% |       0 |       0 |             0 |       901
      210 |     +0.0% |       0 |       0 |             0 |       891
      220 |     +0.0% |       0 |       0 |             0 |       881
      230 |     +0.0% |       0 |       0 |             0 |       871
      240 |     +0.0% |       0 |       0 |             0 |       861
      250 |     +0.0% |       0 |       0 |             0 |       851
      260 |     +0.0% |       0 |       0 |             0 |       841
      270 |     +0.0% |       0 |       0 |             0 |       831
      280 |     +0.0% |       0 |       0 |             0 |       821
      290 |     +0.0% |       0 |       0 |             0 |       811
      300 |     +0.0% |       0 |       0 |             0 |       801
      310 |     +0.0% |       0 |       0 |             0 |       791
      320 |     +0.0% |       0 |       0 |             0 |       781
      330 |     +0.0% |       0 |       0 |             0 |       771
      340 |     +0.0% |       0 |       0 |             0 |       761
      350 |     +0.0% |       0 |       0 |             0 |       751
      360 |     +0.0% |       0 |       0 |             0 |       741
      370 |     +0.0% |       0 |       0 |             0 |       731
      380 |     +0.0% |       0 |       0 |             0 |       721
      390 |     +0.0% |       0 |       0 |             0 |       711
      400 |     +0.0% |       0 |       0 |             0 |       701
      410 |     +0.0% |       0 |       0 |             0 |       691
      420 |     +0.0% |       0 |       0 |             0 |       681
      430 |     +0.0% |       0 |       0 |             0 |       671
      440 |     +0.0% |       0 |       0 |             0 |       661
      450 |     +0.0% |       0 |       0 |             0 |       651
      460 |     +0.0% |       0 |       0 |             0 |       641
      470 |     +0.0% |       0 |       0 |             0 |       631
      480 |     +0.0% |       0 |       0 |             0 |       621
      490 |     +0.0% |       0 |       0 |             0 |       611
      500 |     +0.0% |       0 |       0 |             0 |       601
      510 |     +0.0% |       0 |       0 |             0 |       591
      520 |     +0.0% |       0 |       0 |             0 |       581
      530 |     +0.0% |       0 |       0 |             0 |       571
      540 |     +0.0% |       0 |       0 |             0 |       561
      550 |     +0.0% |       0 |       0 |             0 |       551
      560 |     +0.0% |       0 |       0 |             0 |       541
      570 |     +0.0% |       0 |       0 |             0 |       531
      580 |     +0.0% |       0 |       0 |             0 |       521
      590 |     +0.0% |       0 |       0 |             0 |       511
      600 |     +0.0% |       0 |       0 |             0 |       501
      610 |     +0.0% |       0 |       0 |             0 |       491
      620 |     +0.0% |       0 |       0 |             0 |       481
      630 |     +0.0% |       0 |       0 |             0 |       471
      640 |     +0.0% |       0 |       0 |             0 |       461
      650 |     +0.0% |       0 |       0 |             0 |       451
      660 |     +0.0% |       0 |       0 |             0 |       441
      670 |     +0.0% |       0 |       0 |             0 |       431
      680 |     +0.0% |       0 |       0 |             0 |       421
      690 |     +0.0% |       0 |       0 |             0 |       411
      700 |     +0.0% |       0 |       0 |             0 |       401
      710 |     +0.0% |       0 |       0 |             0 |       391
      720 |     +0.0% |       0 |       0 |             0 |       381
      730 |     +0.0% |       0 |       0 |             0 |       371
      740 |     +0.0% |       0 |       0 |             0 |       361
      750 |     +0.0% |       0 |       0 |             0 |       351
      760 |     +0.0% |       0 |       0 |             0 |       341
      770 |     +0.0% |       0 |       0 |             0 |       331
      780 |     +0.0% |       0 |       0 |             0 |       321
      790 |     +0.0% |       0 |       0 |             0 |       311
      800 |     +0.0% |       0 |       0 |             0 |       301
      810 |     +0.0% |       0 |       0 |             0 |       291
      820 |     +0.0% |       0 |       0 |             0 |       281
      830 |     +0.0% |       0 |       0 |             0 |       271
      840 |     +0.0% |       0 |       0 |             0 |       261
      850 |     +0.0% |       0 |       0 |             0 |       251
      860 |     +0.0% |       0 |       0 |             0 |       241
      870 |     +0.0% |       0 |       0 |             0 |       231
      880 |     +0.0% |       0 |       0 |             0 |       221
      890 |     +0.0% |       0 |       0 |             0 |       211
      900 |     +0.0% |       0 |       0 |             0 |       201
      910 |     +0.0% |       0 |       0 |             0 |       191
      920 |     +0.0% |       0 |       0 |             0 |       181
      930 |     +0.0% |       0 |       0 |             0 |       171
      940 |     +0.0% |       0 |       0 |             0 |       161
      950 |     +0.0% |       0 |       0 |             0 |       151
      960 |     +0.0% |       0 |       0 |             0 |       141
      970 |     +0.0% |       0 |       0 |             0 |       131
      980 |     +0.0% |       0 |       0 |             0 |       121
      990 |     +0.0% |       0 |       0 |             0 |       111
     1000 |     +0.0% |       0 |       0 |             0 |       101
     1010 |     +0.0% |       0 |       0 |             0 |        91
     1020 |     +0.0% |       0 |       0 |             0 |        81
     1030 |     +0.0% |       0 |       0 |             0 |        71
     1040 |     +0.0% |       0 |       0 |             0 |        61
     1050 |     +0.0% |       0 |       0 |             0 |        51
     1060 |     +0.0% |       0 |       0 |             0 |        41
     1070 |     +0.0% |       0 |       0 |             0 |        31
     1080 |     +0.0% |       0 |       0 |             0 |        21
     1090 |     +0.0% |       0 |       0 |             0 |        11
     1100 |     +0.0% |       0 |       0 |             0 |         1
    final |     +0.0% |       0 |       0 |             0 |         0
---------------------------------------------------------------------
[INFO RSZ-0504] Runtime: 0.06s
Floating nets: 
Report metrics stage 3, resizer...
No registers in design

==========================================================================
resizer report_design_area
--------------------------------------------------------------------------
Design area 80 um^2 59% utilization.
Instance count before 951, after 951
Pin count before 2588, after 2588
write_db /home/matheus-grossi/Projects/CNN/CNN/synth_org/pooling/results/asap7/pooling/base/3_4_place_resized.odb
Elapsed time: 0:01.35[h:]min:sec. CPU time: user 1.26 sys 0.14 (103%). Peak memory: 219044KB.
Log                       Ext     Elapsed/s Peak Memory/MB sha1sum result [0:20)
3_4_place_resized         .odb            1            213 113c93835fbfd25af8f4
/home/matheus-grossi/OpenROAD/OpenROAD-flow-scripts/flow/scripts/flow.sh 3_5_place_dp detail_place
Running detail_place.tcl, stage 3_5_place_dp
source /home/matheus-grossi/OpenROAD/OpenROAD-flow-scripts/flow/platforms/asap7/liberty_suppressions.tcl
read_liberty /home/matheus-grossi/OpenROAD/OpenROAD-flow-scripts/flow/platforms/asap7/lib/NLDM/asap7sc7p5t_AO_RVT_FF_nldm_211120.lib.gz
read_liberty /home/matheus-grossi/OpenROAD/OpenROAD-flow-scripts/flow/platforms/asap7/lib/NLDM/asap7sc7p5t_INVBUF_RVT_FF_nldm_220122.lib.gz
read_liberty /home/matheus-grossi/OpenROAD/OpenROAD-flow-scripts/flow/platforms/asap7/lib/NLDM/asap7sc7p5t_OA_RVT_FF_nldm_211120.lib.gz
read_liberty /home/matheus-grossi/OpenROAD/OpenROAD-flow-scripts/flow/platforms/asap7/lib/NLDM/asap7sc7p5t_SIMPLE_RVT_FF_nldm_211120.lib.gz
read_liberty /home/matheus-grossi/OpenROAD/OpenROAD-flow-scripts/flow/platforms/asap7/lib/NLDM/asap7sc7p5t_SEQ_RVT_FF_nldm_220123.lib
read_db /home/matheus-grossi/Projects/CNN/CNN/synth_org/pooling/results/asap7/pooling/base/3_4_place_resized.odb
read_sdc /home/matheus-grossi/Projects/CNN/CNN/synth_org/pooling/results/asap7/pooling/base/2_floorplan.sdc
source /home/matheus-grossi/OpenROAD/OpenROAD-flow-scripts/flow/platforms/asap7/setRC.tcl
detailed_placement
[INFO DPL-0006] Core area: 136.67 um^2
[INFO DPL-0007] Movable instances area: 77.48 um^2
[INFO DPL-0008] Fixed instances area within core: 2.51 um^2
[INFO DPL-0009] Utilization: 58.5%
[INFO DPL-0005] Diamond search max displacement: +/- 500 sites horizontally, +/- 100 rows vertically.
[INFO DPL-1102] Legalizing using negotiation legalizer.
[INFO DPL-1103] Negotiation base search window: +/-20 sites horizontally, +/-5 rows vertically 
	Automatic search window extension enabled.
	Search window extendable up to the max displacement cap of +/-500 sites, +/-100 rows near walls.
[INFO DPL-1104] NegotiationLegalizer DRC penalty: 5.
[INFO DPL-0392] Negotiation cell height distribution (1 unique row-count(s)):
[INFO DPL-0393]   height 1 row(s): 951 cells
          |      Total |  Illegal |  Illegal
Iteration | Violations |    Cells |    Sites
---------------------------------------------
        0 |        520 |       140 |       380
        1 |          0 |         0 |         0
Negotiation phase 1 converged at iteration 1.
[INFO DPL-0500] Runtime: 0.01s
Placement Analysis
---------------------------------
total displacement        280.4 u
average displacement        0.3 u
max displacement            1.2 u
original HPWL            1303.8 u
legalized HPWL           1548.5 u
delta HPWL                   19 %

improve_placement -max_displacement "5 1"
Detailed placement improvement.
[INFO DPL-0401] Setting random seed to 1.
[INFO DPL-0402] Setting maximum displacement 5 1 to 1350 270 units.
[INFO DPL-0320] Collected 246 fixed cells.
[INFO DPL-0318] Collected 865 single height cells.
[INFO DPL-0321] Collected 0 wide cells.
[INFO DPL-0322] Image (2052, 2160) - (13824, 13770)
[INFO DPL-0310] Assigned 865 cells into segments.  Movement in X-direction is 0.000000, movement in Y-direction is 0.000000.
[INFO DPL-0313] Found 0 cells in wrong regions.
[INFO DPL-0315] Found 0 row alignment problems.
[INFO DPL-0314] Found 0 site alignment problems.
[INFO DPL-0311] Found 0 overlaps between adjacent cells.
[INFO DPL-0312] Found 0 edge spacing violations and 0 padding violations.
[INFO DPL-0303] Running algorithm for independent set matching.
[INFO DPL-0300] Set matching objective is wirelength.
[INFO DPL-0301] Pass   1 of matching; objective is 1.546978e+06.
[INFO DPL-0302] End of matching; objective is 1.540366e+06, improvement is 0.43 percent.
[INFO DPL-0303] Running algorithm for global swaps.
[INFO DPL-0306] Pass   1 of global swaps; hpwl is 1.503754e+06.
[INFO DPL-0306] Pass   2 of global swaps; hpwl is 1.493272e+06.
[INFO DPL-0307] End of global swaps; objective is 1.493272e+06, improvement is 3.06 percent.
[INFO DPL-0303] Running algorithm for vertical swaps.
[INFO DPL-0308] Pass   1 of vertical swaps; hpwl is 1.484079e+06.
[INFO DPL-0309] End of vertical swaps; objective is 1.484079e+06, improvement is 0.62 percent.
[INFO DPL-0303] Running algorithm for reordering.
[INFO DPL-0304] Pass   1 of reordering; objective is 1.477301e+06.
[INFO DPL-0305] End of reordering; objective is 1.477301e+06, improvement is 0.46 percent.
[INFO DPL-0303] Running algorithm for random improvement.
[INFO DPL-0324] Random improver is using random generator.
[INFO DPL-0325] Random improver is using hpwl objective.
[INFO DPL-0326] Random improver cost string is (a).
[INFO DPL-0332] End of pass, Generator random called 17300 times.
[INFO DPL-0335] Generator random, Cumulative attempts 17300, swaps 3993, moves  3861 since last reset.
[INFO DPL-0333] End of pass, Objective hpwl, Initial cost 1.477301e+06, Scratch cost 1.451294e+06, Incremental cost 1.451294e+06, Mismatch? N
[INFO DPL-0338] End of pass, Total cost is 1.451294e+06.
[INFO DPL-0327] Pass   1 of random improver; improvement in cost is 1.76 percent.
[INFO DPL-0332] End of pass, Generator random called 17300 times.
[INFO DPL-0335] Generator random, Cumulative attempts 34600, swaps 7903, moves  7720 since last reset.
[INFO DPL-0333] End of pass, Objective hpwl, Initial cost 1.451294e+06, Scratch cost 1.440257e+06, Incremental cost 1.440257e+06, Mismatch? N
[INFO DPL-0338] End of pass, Total cost is 1.440257e+06.
[INFO DPL-0327] Pass   2 of random improver; improvement in cost is 0.76 percent.
[INFO DPL-0328] End of random improver; improvement is 2.507546 percent.
[INFO DPL-0380] Cell flipping.
[INFO DPL-0382] Changed 0 cell orientations for row compatibility.
[INFO DPL-0383] Performed 278 cell flips.
[INFO DPL-0384] End of flipping; objective is 1.379720e+06, improvement is 4.20 percent.
[INFO DPL-0313] Found 0 cells in wrong regions.
[INFO DPL-0315] Found 0 row alignment problems.
[INFO DPL-0314] Found 0 site alignment problems.
[INFO DPL-0311] Found 0 overlaps between adjacent cells.
[INFO DPL-0312] Found 0 edge spacing violations and 0 padding violations.
Detailed Improvement Results
------------------------------------------
Original HPWL             1548.5 u (     780.4,      768.2)
Final HPWL                1373.1 u (     658.5,      714.6)
Delta HPWL                 -11.3 % (     -15.6,       -7.0)

optimize_mirroring
[INFO DPL-0020] Mirrored 66 instances
[INFO DPL-0021] HPWL before            1373.1 u
[INFO DPL-0022] HPWL after             1370.9 u
[INFO DPL-0023] HPWL delta               -0.2 %
[INFO FLW-0012] Placement violations .
estimate_parasitics -placement
Report metrics stage 3, detailed place...
No registers in design

==========================================================================
detailed place report_design_area
--------------------------------------------------------------------------
Design area 80 um^2 59% utilization.
write_db /home/matheus-grossi/Projects/CNN/CNN/synth_org/pooling/results/asap7/pooling/base/3_5_place_dp.odb
write_sdc -no_timestamp /home/matheus-grossi/Projects/CNN/CNN/synth_org/pooling/results/asap7/pooling/base/3_place.sdc
Elapsed time: 0:01.35[h:]min:sec. CPU time: user 1.29 sys 0.10 (102%). Peak memory: 205560KB.
Log                       Ext     Elapsed/s Peak Memory/MB sha1sum result [0:20)
3_5_place_dp              .odb            1            200 8bb407d99d8106a2ea39
cp /home/matheus-grossi/Projects/CNN/CNN/synth_org/pooling/results/asap7/pooling/base/3_5_place_dp.odb /home/matheus-grossi/Projects/CNN/CNN/synth_org/pooling/results/asap7/pooling/base/3_place.odb
/home/matheus-grossi/OpenROAD/OpenROAD-flow-scripts/flow/scripts/flow.sh 4_1_cts cts
Running cts.tcl, stage 4_1_cts
source /home/matheus-grossi/OpenROAD/OpenROAD-flow-scripts/flow/platforms/asap7/liberty_suppressions.tcl
read_liberty /home/matheus-grossi/OpenROAD/OpenROAD-flow-scripts/flow/platforms/asap7/lib/NLDM/asap7sc7p5t_AO_RVT_FF_nldm_211120.lib.gz
read_liberty /home/matheus-grossi/OpenROAD/OpenROAD-flow-scripts/flow/platforms/asap7/lib/NLDM/asap7sc7p5t_INVBUF_RVT_FF_nldm_220122.lib.gz
read_liberty /home/matheus-grossi/OpenROAD/OpenROAD-flow-scripts/flow/platforms/asap7/lib/NLDM/asap7sc7p5t_OA_RVT_FF_nldm_211120.lib.gz
read_liberty /home/matheus-grossi/OpenROAD/OpenROAD-flow-scripts/flow/platforms/asap7/lib/NLDM/asap7sc7p5t_SIMPLE_RVT_FF_nldm_211120.lib.gz
read_liberty /home/matheus-grossi/OpenROAD/OpenROAD-flow-scripts/flow/platforms/asap7/lib/NLDM/asap7sc7p5t_SEQ_RVT_FF_nldm_220123.lib
read_db /home/matheus-grossi/Projects/CNN/CNN/synth_org/pooling/results/asap7/pooling/base/3_place.odb
read_sdc /home/matheus-grossi/Projects/CNN/CNN/synth_org/pooling/results/asap7/pooling/base/3_place.sdc
source /home/matheus-grossi/OpenROAD/OpenROAD-flow-scripts/flow/platforms/asap7/setRC.tcl
clock_tree_synthesis -sink_clustering_enable -repair_clock_nets
[INFO CTS-0050] Root buffer is BUFx4_ASAP7_75t_R.
[INFO CTS-0051] Sink buffer is BUFx8_ASAP7_75t_R.
[INFO CTS-0052] The following clock buffers will be used for CTS:
                    BUFx4_ASAP7_75t_R
                    BUFx10_ASAP7_75t_R
[INFO CTS-0049] Characterization buffer is BUFx10_ASAP7_75t_R.
[WARNING CTS-0083] No clock nets have been found.
[INFO CTS-0008] TritonCTS found 0 clock nets.
[WARNING CTS-0082] No valid clock nets in the design.
[INFO CTS-0500] Runtime: 1.65s
estimate_parasitics -placement
detailed_placement
[INFO DPL-0006] Core area: 136.67 um^2
[INFO DPL-0007] Movable instances area: 77.48 um^2
[INFO DPL-0008] Fixed instances area within core: 2.51 um^2
[INFO DPL-0009] Utilization: 58.5%
[INFO DPL-0005] Diamond search max displacement: +/- 500 sites horizontally, +/- 100 rows vertically.
[INFO DPL-1102] Legalizing using negotiation legalizer.
[INFO DPL-1103] Negotiation base search window: +/-20 sites horizontally, +/-5 rows vertically 
	Automatic search window extension enabled.
	Search window extendable up to the max displacement cap of +/-500 sites, +/-100 rows near walls.
[INFO DPL-1104] NegotiationLegalizer DRC penalty: 5.
[INFO DPL-0392] Negotiation cell height distribution (1 unique row-count(s)):
[INFO DPL-0393]   height 1 row(s): 951 cells
[INFO DPL-0500] Runtime: 0.00s
Placement Analysis
---------------------------------
total displacement         92.7 u
average displacement        0.1 u
max displacement            0.5 u
original HPWL            1370.9 u
legalized HPWL           1443.4 u
delta HPWL                    5 %

estimate_parasitics -placement
repair_timing -setup_margin 0 -hold_margin 0 -repair_tns 100 -verbose
[INFO RSZ-0100] Repair move sequence: UnbufferMove SizeUpMove SwapPinsMove BufferMove CloneMove SplitLoadMove 
[INFO RSZ-0094] Found 32 endpoints with setup violations.
[INFO RSZ-0099] Repairing 32 out of 32 (100.00%) violating endpoints...
   Iter   | Removed | Resized | Inserted | Cloned |  Pin  |   Area   |    WNS   |   StTNS    |   EnTNS    |  Viol  |  Worst  
          | Buffers |  Gates  | Buffers  |  Gates | Swaps |          |          |            |            | Endpts | St/EnPt 
------------------------------------------------------------------------------------------------------------------------------
       0* |       0 |       0 |        0 |      0 |     0 |    +0.0% | -375.557 |   -42482.8 |   -11640.1 |     32 | imagem_out[21]
      10* |       0 |       4 |        2 |      0 |     3 |    +0.3% | -362.989 |   -42095.5 |   -11362.9 |     32 | imagem_out[28]
      20* |       0 |       5 |        4 |      0 |    10 |    +0.6% | -365.377 |   -42101.8 |   -11382.8 |     32 | imagem_out[28]
      30* |       0 |       6 |        5 |      0 |    18 |    +0.7% | -361.152 |   -41941.0 |   -11309.4 |     32 | imagem_out[21]
      40* |       0 |       9 |       10 |      0 |    21 |    +1.5% | -355.852 |   -41533.6 |   -11168.6 |     32 | imagem_out[28]
      50* |       0 |      13 |       10 |      0 |    27 |    +1.7% | -354.316 |   -41652.3 |   -11155.0 |     32 | imagem_out[21]
      60* |       0 |      19 |       11 |      0 |    30 |    +2.0% | -353.120 |   -41624.3 |   -11134.9 |     32 | imagem_out[21]
      60* |       0 |      19 |       11 |      0 |    30 |    +2.0% | -353.120 |   -41624.3 |   -11134.9 |     32 | imagem_out[21]
      61* |       0 |      19 |       11 |      0 |    30 |    +2.0% | -353.120 |   -41624.3 |   -11134.9 |     32 | imagem_out[21]
      62* |       0 |      19 |       11 |      0 |    30 |    +2.0% | -353.120 |   -41624.3 |   -11134.9 |     32 | imagem_out[21]
      66* |       0 |      20 |       12 |      0 |    31 |    +2.1% | -352.786 |   -41617.5 |   -11132.0 |     32 | imagem_out[21]
      69* |       0 |      21 |       12 |      0 |    32 |    +2.1% | -352.713 |   -41615.2 |   -11131.2 |     32 | imagem_out[21]
      70* |       0 |      21 |       12 |      0 |    32 |    +2.1% | -352.713 |   -41615.2 |   -11131.2 |     32 | imagem_out[21]
      72* |       0 |      22 |       12 |      0 |    33 |    +2.1% | -352.660 |   -41613.5 |   -11130.5 |     32 | imagem_out[21]
      75* |       0 |      23 |       12 |      0 |    34 |    +2.1% | -352.606 |   -41611.8 |   -11129.9 |     32 | imagem_out[21]
      78* |       0 |      24 |       12 |      0 |    35 |    +2.2% | -352.522 |   -41609.1 |   -11129.0 |     32 | imagem_out[21]
      80* |       0 |      25 |       12 |      0 |    35 |    +2.2% | -352.522 |   -41606.8 |   -11127.6 |     32 | imagem_out[21]
      90* |       0 |      33 |       13 |      0 |    36 |    +2.8% | -352.522 |   -41600.1 |   -11103.6 |     32 | imagem_out[21]
      91* |       0 |      34 |       13 |      0 |    36 |    +2.8% | -352.522 |   -41599.7 |   -11103.2 |     32 | imagem_out[21]
      94* |       0 |      35 |       13 |      0 |    37 |    +2.8% | -352.522 |   -41599.2 |   -11102.1 |     32 | imagem_out[21]
      97* |       0 |      36 |       13 |      0 |    38 |    +2.8% | -352.522 |   -41596.9 |   -11101.3 |     32 | imagem_out[21]
     100* |       0 |      37 |       13 |      0 |    39 |    +2.8% | -352.522 |   -41594.6 |   -11100.4 |     32 | imagem_out[21]
     100* |       0 |      37 |       13 |      0 |    39 |    +2.8% | -352.522 |   -41594.6 |   -11100.4 |     32 | imagem_out[21]
     103* |       0 |      38 |       13 |      0 |    40 |    +2.8% | -352.522 |   -41593.2 |   -11099.7 |     32 | imagem_out[21]
     106* |       0 |      39 |       13 |      0 |    41 |    +2.9% | -352.522 |   -41591.5 |   -11099.1 |     32 | imagem_out[21]
     109* |       0 |      40 |       13 |      0 |    42 |    +2.9% | -352.522 |   -41589.3 |   -11098.3 |     32 | imagem_out[21]
     110* |       0 |      40 |       13 |      0 |    42 |    +2.9% | -352.522 |   -41589.3 |   -11098.3 |     32 | imagem_out[21]
     115* |       0 |      40 |       13 |      0 |    43 |    +2.9% | -352.522 |   -41583.9 |   -11095.5 |     32 | imagem_out[21]
     120* |       0 |      40 |       13 |      0 |    47 |    +2.9% | -353.914 |   -41787.7 |   -11155.5 |     32 | imagem_out[3]
     130* |       0 |      44 |       13 |      0 |    53 |    +3.0% | -352.522 |   -41812.9 |   -11120.3 |     32 | imagem_out[21]
     132* |       0 |      46 |       13 |      0 |    53 |    +3.2% | -352.522 |   -41810.3 |   -11099.4 |     32 | imagem_out[21]
     136* |       0 |      48 |       13 |      0 |    54 |    +3.3% | -352.522 |   -41810.3 |   -11098.3 |     32 | imagem_out[21]
     140* |       0 |      50 |       13 |      0 |    55 |    +3.4% | -352.522 |   -41810.3 |   -11099.6 |     32 | imagem_out[21]
     140* |       0 |      49 |       13 |      0 |    54 |    +3.4% | -352.522 |   -41810.3 |   -11098.7 |     32 | imagem_out[21]
     143* |       0 |      49 |       13 |      0 |    54 |    +3.4% | -352.522 |   -41810.3 |   -11098.7 |     32 | imagem_out[21]
     148* |       0 |      50 |       13 |      0 |    54 |    +3.4% | -352.522 |   -41821.2 |   -11099.7 |     32 | imagem_out[21]
     150* |       0 |      51 |       13 |      0 |    54 |    +3.5% | -352.522 |   -41851.7 |   -11100.6 |     32 | imagem_out[21]
     151* |       0 |      52 |       13 |      0 |    54 |    +3.5% | -352.522 |   -41851.7 |   -11100.3 |     32 | imagem_out[21]
     156* |       0 |      55 |       13 |      0 |    54 |    +3.7% | -352.522 |   -41864.4 |   -11104.0 |     32 | imagem_out[21]
     158* |       0 |      56 |       13 |      0 |    54 |    +3.7% | -352.522 |   -41864.4 |   -11103.4 |     32 | imagem_out[21]
     160* |       0 |      56 |       13 |      0 |    55 |    +3.7% | -352.522 |   -41859.5 |   -11101.0 |     32 | imagem_out[21]
     170* |       0 |      57 |       13 |      0 |    64 |    +3.8% | -352.522 |   -41838.4 |   -11094.2 |     32 | imagem_out[21]
     180* |       0 |      59 |       14 |      0 |    71 |    +3.9% | -352.522 |   -41737.9 |   -11043.1 |     32 | imagem_out[21]
     190* |       0 |      63 |       14 |      0 |    77 |    +4.1% | -352.522 |   -41749.3 |   -11020.0 |     32 | imagem_out[21]
     200* |       0 |      67 |       14 |      0 |    83 |    +4.2% | -352.522 |   -41717.8 |   -11011.1 |     32 | imagem_out[21]
     210* |       0 |      75 |       14 |      0 |    85 |    +4.7% | -352.522 |   -41710.8 |   -10997.6 |     32 | imagem_out[21]
     211* |       0 |      76 |       14 |      0 |    85 |    +4.7% | -352.522 |   -41708.8 |   -10997.2 |     32 | imagem_out[21]
     214* |       0 |      77 |       14 |      0 |    86 |    +4.7% | -352.522 |   -41705.0 |   -10996.5 |     32 | imagem_out[21]
     217* |       0 |      77 |       14 |      0 |    86 |    +4.7% | -352.522 |   -41705.0 |   -10996.5 |     32 | imagem_out[21]
     220* |       0 |      77 |       14 |      0 |    88 |    +4.7% | -352.522 |   -41699.5 |   -10995.1 |     32 | imagem_out[21]
     222* |       0 |      78 |       14 |      0 |    89 |    +4.7% | -352.522 |   -41711.1 |   -10997.3 |     32 | imagem_out[21]
     225* |       0 |      79 |       14 |      0 |    90 |    +4.7% | -352.522 |   -41707.2 |   -10995.4 |     32 | imagem_out[21]
     228* |       0 |      80 |       14 |      0 |    91 |    +4.8% | -352.522 |   -41708.4 |   -10995.1 |     32 | imagem_out[21]
     230* |       0 |      80 |       14 |      0 |    92 |    +4.8% | -352.522 |   -41705.4 |   -10994.1 |     32 | imagem_out[21]
     231* |       0 |      81 |       14 |      0 |    92 |    +4.8% | -352.522 |   -41705.4 |   -10993.5 |     32 | imagem_out[21]
     234* |       0 |      82 |       14 |      0 |    93 |    +4.8% | -352.522 |   -41701.6 |   -10991.7 |     32 | imagem_out[21]
     234* |       0 |      82 |       14 |      0 |    93 |    +4.8% | -352.522 |   -41701.6 |   -10991.7 |     32 | imagem_out[21]
     235+ |       0 |      82 |       14 |      0 |    93 |    +4.8% | -352.522 |   -41701.6 |   -10991.7 |     32 | imagem_out[21]
     236+ |       0 |      82 |       14 |      0 |    93 |    +4.8% | -352.522 |   -41701.6 |   -10991.7 |     32 | imagem_out[21]
     237+ |       0 |      82 |       14 |      0 |    93 |    +4.8% | -352.522 |   -41701.6 |   -10991.7 |     32 | imagem_out[21]
     238+ |       0 |      82 |       14 |      0 |    93 |    +4.8% | -352.522 |   -41701.6 |   -10991.7 |     32 | imagem_out[21]
     239+ |       0 |      82 |       14 |      0 |    93 |    +4.8% | -352.522 |   -41701.6 |   -10991.7 |     32 | imagem_out[21]
     240+ |       0 |      82 |       14 |      0 |    93 |    +4.8% | -352.522 |   -41701.6 |   -10991.7 |     32 | imagem_out[21]
     240+ |       0 |      82 |       14 |      0 |    93 |    +4.8% | -352.522 |   -41701.6 |   -10991.7 |     32 | imagem_out[21]
     241+ |       0 |      82 |       14 |      0 |    93 |    +4.8% | -352.522 |   -41701.6 |   -10991.7 |     32 | imagem_out[21]
     242+ |       0 |      82 |       14 |      0 |    93 |    +4.8% | -352.522 |   -41701.6 |   -10991.7 |     32 | imagem_out[21]
     243+ |       0 |      82 |       14 |      0 |    93 |    +4.8% | -352.522 |   -41701.6 |   -10991.7 |     32 | imagem_out[21]
     244+ |       0 |      82 |       14 |      0 |    93 |    +4.8% | -352.522 |   -41701.6 |   -10991.7 |     32 | imagem_out[21]
     245+ |       0 |      82 |       14 |      0 |    93 |    +4.8% | -352.522 |   -41701.6 |   -10991.7 |     32 | imagem_out[21]
     246+ |       0 |      82 |       14 |      0 |    93 |    +4.8% | -352.522 |   -41701.6 |   -10991.7 |     32 | imagem_out[21]
     247+ |       0 |      82 |       14 |      0 |    93 |    +4.8% | -352.522 |   -41701.6 |   -10991.7 |     32 | imagem_out[21]
     248+ |       0 |      82 |       14 |      0 |    93 |    +4.8% | -352.522 |   -41701.6 |   -10991.7 |     32 | imagem_out[21]
     249+ |       0 |      82 |       14 |      0 |    93 |    +4.8% | -352.522 |   -41701.6 |   -10991.7 |     32 | imagem_out[21]
     250+ |       0 |      82 |       14 |      0 |    93 |    +4.8% | -352.522 |   -41701.6 |   -10991.7 |     32 | imagem_out[21]
     250+ |       0 |      82 |       14 |      0 |    93 |    +4.8% | -352.522 |   -41701.6 |   -10991.7 |     32 | imagem_out[21]
     251+ |       0 |      82 |       14 |      0 |    93 |    +4.8% | -352.522 |   -41701.6 |   -10991.7 |     32 | imagem_out[21]
     253+ |       0 |      83 |       14 |      0 |    93 |    +4.8% | -352.522 |   -41701.6 |   -10991.3 |     32 | imagem_out[21]
     254+ |       0 |      83 |       14 |      0 |    93 |    +4.8% | -352.522 |   -41701.6 |   -10991.3 |     32 | imagem_out[21]
     255+ |       0 |      83 |       14 |      0 |    93 |    +4.8% | -352.522 |   -41701.6 |   -10991.3 |     32 | imagem_out[21]
     257+ |       0 |      84 |       14 |      0 |    93 |    +4.8% | -352.522 |   -41701.6 |   -10991.0 |     32 | imagem_out[21]
     259+ |       0 |      85 |       14 |      0 |    93 |    +4.8% | -352.522 |   -41701.6 |   -10990.7 |     32 | imagem_out[21]
     260+ |       0 |      85 |       14 |      0 |    93 |    +4.8% | -352.522 |   -41701.6 |   -10990.7 |     32 | imagem_out[21]
     260+ |       0 |      85 |       14 |      0 |    93 |    +4.8% | -352.522 |   -41701.6 |   -10990.7 |     32 | imagem_out[21]
     261+ |       0 |      85 |       14 |      0 |    93 |    +4.8% | -352.522 |   -41701.6 |   -10990.7 |     32 | imagem_out[21]
     263+ |       0 |      86 |       14 |      0 |    93 |    +4.9% | -352.522 |   -41684.5 |   -10990.1 |     32 | imagem_out[21]
     264+ |       0 |      86 |       14 |      0 |    93 |    +4.9% | -352.522 |   -41684.5 |   -10990.1 |     32 | imagem_out[21]
     265+ |       0 |      86 |       14 |      0 |    93 |    +4.9% | -352.522 |   -41684.5 |   -10990.1 |     32 | imagem_out[21]
     266+ |       0 |      86 |       14 |      0 |    93 |    +4.9% | -352.522 |   -41684.5 |   -10990.1 |     32 | imagem_out[21]
     267+ |       0 |      86 |       14 |      0 |    93 |    +4.9% | -352.522 |   -41684.5 |   -10990.1 |     32 | imagem_out[21]
     268+ |       0 |      86 |       14 |      0 |    93 |    +4.9% | -352.522 |   -41684.5 |   -10990.1 |     32 | imagem_out[21]
     269+ |       0 |      86 |       14 |      0 |    93 |    +4.9% | -352.522 |   -41684.5 |   -10990.1 |     32 | imagem_out[21]
     270+ |       0 |      86 |       14 |      0 |    93 |    +4.9% | -352.522 |   -41684.5 |   -10990.1 |     32 | imagem_out[21]
     270+ |       0 |      86 |       14 |      0 |    93 |    +4.9% | -352.522 |   -41684.5 |   -10990.1 |     32 | imagem_out[21]
    final |       0 |      86 |       14 |      0 |    93 |    +4.9% | -352.522 |   -41684.5 |   -10990.1 |     32 | imagem_out[21]
------------------------------------------------------------------------------------------------------------------------------
[INFO RSZ-0040] Inserted 14 buffers.
[INFO RSZ-0051] Resized 86 instances: 86 up, 0 up match, 0 down, 0 VT
[INFO RSZ-0043] Swapped pins on 93 instances.
[WARNING RSZ-0062] Unable to repair all setup violations.
[INFO RSZ-0505] Runtime: 0.73s
[INFO RSZ-0033] No hold violations found.
[INFO RSZ-0506] Runtime: 0.00s
Repair timing output passed lec test
detailed_placement
[INFO DPL-0006] Core area: 136.67 um^2
[INFO DPL-0007] Movable instances area: 81.37 um^2
[INFO DPL-0008] Fixed instances area within core: 2.51 um^2
[INFO DPL-0009] Utilization: 61.4%
[INFO DPL-0005] Diamond search max displacement: +/- 500 sites horizontally, +/- 100 rows vertically.
[INFO DPL-1102] Legalizing using negotiation legalizer.
[INFO DPL-1103] Negotiation base search window: +/-20 sites horizontally, +/-5 rows vertically 
	Automatic search window extension enabled.
	Search window extendable up to the max displacement cap of +/-500 sites, +/-100 rows near walls.
[INFO DPL-1104] NegotiationLegalizer DRC penalty: 5.
[INFO DPL-0392] Negotiation cell height distribution (1 unique row-count(s)):
[INFO DPL-0393]   height 1 row(s): 965 cells
          |      Total |  Illegal |  Illegal
Iteration | Violations |    Cells |    Sites
---------------------------------------------
        0 |        153 |        35 |       118
        1 |         39 |         5 |        34
        2 |         18 |         4 |        14
        3 |          0 |         0 |         0
Negotiation phase 1 converged at iteration 3.
[INFO DPL-0500] Runtime: 0.01s
Placement Analysis
---------------------------------
total displacement         26.5 u
average displacement        0.0 u
max displacement            1.1 u
original HPWL            1454.8 u
legalized HPWL           1481.6 u
delta HPWL                    2 %

estimate_parasitics -placement
Report metrics stage 4, cts final...
No registers in design

==========================================================================
cts final report_design_area
--------------------------------------------------------------------------
Design area 84 um^2 61% utilization.
write_db /home/matheus-grossi/Projects/CNN/CNN/synth_org/pooling/results/asap7/pooling/base/4_1_cts.odb
write_sdc -no_timestamp /home/matheus-grossi/Projects/CNN/CNN/synth_org/pooling/results/asap7/pooling/base/4_cts.sdc
Elapsed time: 0:04.59[h:]min:sec. CPU time: user 4.65 sys 0.24 (106%). Peak memory: 235304KB.
Log                       Ext     Elapsed/s Peak Memory/MB sha1sum result [0:20)
4_1_cts                   .odb            4            229 67dd786b36f2c45123db
cp /home/matheus-grossi/Projects/CNN/CNN/synth_org/pooling/results/asap7/pooling/base/4_1_cts.odb /home/matheus-grossi/Projects/CNN/CNN/synth_org/pooling/results/asap7/pooling/base/4_cts.odb
/home/matheus-grossi/OpenROAD/OpenROAD-flow-scripts/flow/scripts/flow.sh 5_1_grt global_route
Running global_route.tcl, stage 5_1_grt
source /home/matheus-grossi/OpenROAD/OpenROAD-flow-scripts/flow/platforms/asap7/liberty_suppressions.tcl
read_liberty /home/matheus-grossi/OpenROAD/OpenROAD-flow-scripts/flow/platforms/asap7/lib/NLDM/asap7sc7p5t_AO_RVT_FF_nldm_211120.lib.gz
read_liberty /home/matheus-grossi/OpenROAD/OpenROAD-flow-scripts/flow/platforms/asap7/lib/NLDM/asap7sc7p5t_INVBUF_RVT_FF_nldm_220122.lib.gz
read_liberty /home/matheus-grossi/OpenROAD/OpenROAD-flow-scripts/flow/platforms/asap7/lib/NLDM/asap7sc7p5t_OA_RVT_FF_nldm_211120.lib.gz
read_liberty /home/matheus-grossi/OpenROAD/OpenROAD-flow-scripts/flow/platforms/asap7/lib/NLDM/asap7sc7p5t_SIMPLE_RVT_FF_nldm_211120.lib.gz
read_liberty /home/matheus-grossi/OpenROAD/OpenROAD-flow-scripts/flow/platforms/asap7/lib/NLDM/asap7sc7p5t_SEQ_RVT_FF_nldm_220123.lib
read_db /home/matheus-grossi/Projects/CNN/CNN/synth_org/pooling/results/asap7/pooling/base/4_cts.odb
read_sdc /home/matheus-grossi/Projects/CNN/CNN/synth_org/pooling/results/asap7/pooling/base/4_cts.sdc
source /home/matheus-grossi/OpenROAD/OpenROAD-flow-scripts/flow/platforms/asap7/setRC.tcl
pin_access
[INFO DRT-0149] Reading tech and libs.

Units:                1000
Number of layers:     21
Number of macros:     212
Number of vias:       14
Number of viarulegen: 11

[INFO DRT-0150] Reading design.

Design:                   MaxPooling
Die area:                 ( 0 0 ) ( 15863 15863 )
Number of track patterns: 32
Number of DEF vias:       0
Number of components:     965
Number of terminals:      162
Number of snets:          2
Number of nets:           1115

[INFO DRT-0167] List of default vias:
  Layer V2
    default via: VIA23
  Layer V3
    default via: VIA34
  Layer V4
    default via: VIA45
  Layer V5
    default via: VIA56
  Layer V6
    default via: VIA67
  Layer V7
    default via: VIA78
  Layer V8
    default via: VIA89
  Layer V9
    default via: VIA9Pad
[INFO DRT-0162] Library cell analysis.
[INFO DRT-0163] Instance analysis.
[INFO DRT-0164] Number of unique instances = 107.
[INFO DRT-0168] Init region query.
[INFO DRT-0024]   Complete Active.
[INFO DRT-0024]   Complete V0.
[INFO DRT-0024]   Complete M1.
[INFO DRT-0024]   Complete V1.
[INFO DRT-0024]   Complete M2.
[INFO DRT-0024]   Complete V2.
[INFO DRT-0024]   Complete M3.
[INFO DRT-0024]   Complete V3.
[INFO DRT-0024]   Complete M4.
[INFO DRT-0024]   Complete V4.
[INFO DRT-0024]   Complete M5.
[INFO DRT-0024]   Complete V5.
[INFO DRT-0024]   Complete M6.
[INFO DRT-0024]   Complete V6.
[INFO DRT-0024]   Complete M7.
[INFO DRT-0024]   Complete V7.
[INFO DRT-0024]   Complete M8.
[INFO DRT-0024]   Complete V8.
[INFO DRT-0024]   Complete M9.
[INFO DRT-0024]   Complete V9.
[INFO DRT-0024]   Complete Pad.
[INFO DRT-0033] Active shape region query size = 0.
[INFO DRT-0033] V0 shape region query size = 0.
[INFO DRT-0033] M1 shape region query size = 12538.
[INFO DRT-0033] V1 shape region query size = 14388.
[INFO DRT-0033] M2 shape region query size = 220.
[INFO DRT-0033] V2 shape region query size = 396.
[INFO DRT-0033] M3 shape region query size = 396.
[INFO DRT-0033] V3 shape region query size = 264.
[INFO DRT-0033] M4 shape region query size = 344.
[INFO DRT-0033] V4 shape region query size = 264.
[INFO DRT-0033] M5 shape region query size = 233.
[INFO DRT-0033] V5 shape region query size = 30.
[INFO DRT-0033] M6 shape region query size = 25.
[INFO DRT-0033] V6 shape region query size = 0.
[INFO DRT-0033] M7 shape region query size = 0.
[INFO DRT-0033] V7 shape region query size = 0.
[INFO DRT-0033] M8 shape region query size = 0.
[INFO DRT-0033] V8 shape region query size = 0.
[INFO DRT-0033] M9 shape region query size = 0.
[INFO DRT-0033] V9 shape region query size = 0.
[INFO DRT-0033] Pad shape region query size = 0.
[INFO DRT-0165] Start pin access.
[INFO DRT-0078]   Complete 564 pins.
[INFO DRT-0079]   Complete 100 unique inst patterns.
[INFO DRT-0081]   Complete 107 unique inst patterns.
[INFO DRT-0084]   Complete 476 groups.
#scanned instances     = 965
#unique  instances     = 107
#stdCellGenAp          = 2775
#stdCellValidPlanarAp  = 0
#stdCellValidViaAp     = 2251
#stdCellPinNoAp        = 0
#stdCellPinCnt         = 2616
#instTermValidViaApCnt = 0
#macroGenAp            = 0
#macroValidPlanarAp    = 0
#macroValidViaAp       = 0
#macroNoAp             = 0
[INFO DRT-0166] Complete pin access.
[INFO DRT-0267] cpu time = 00:00:10, elapsed time = 00:00:00, memory = 202.53 (MB), peak = 201.52 (MB)
global_route -congestion_report_file /home/matheus-grossi/Projects/CNN/CNN/synth_org/pooling/reports/asap7/pooling/base/congestion.rpt -congestion_iterations 30 -congestion_report_iter_step 5 -verbose -resistance_aware
[INFO GRT-0020] Min routing layer: M2
[INFO GRT-0021] Max routing layer: M7
[INFO GRT-0022] Global adjustment: 0%
[INFO GRT-0023] Grid origin: (0, 0)
[INFO GRT-0088] Layer M1      Track-Pitch = 0.0360  line-2-Via Pitch: 0.0360
[INFO GRT-0088] Layer M2      Track-Pitch = 0.0390  line-2-Via Pitch: 0.0360
[INFO GRT-0088] Layer M3      Track-Pitch = 0.0360  line-2-Via Pitch: 0.0360
[INFO GRT-0088] Layer M4      Track-Pitch = 0.0480  line-2-Via Pitch: 0.0480
[INFO GRT-0088] Layer M5      Track-Pitch = 0.0480  line-2-Via Pitch: 0.0480
[INFO GRT-0088] Layer M6      Track-Pitch = 0.0640  line-2-Via Pitch: 0.0640
[INFO GRT-0088] Layer M7      Track-Pitch = 0.0640  line-2-Via Pitch: 0.0640
[INFO GRT-0003] Macros: 0
[INFO GRT-0004] Blockages: 0
[INFO GRT-0019] Found 0 clock nets.
[INFO GRT-0001] Minimum degree: 2
[INFO GRT-0002] Maximum degree: 11

[INFO GRT-0053] Routing resources analysis:
          Routing      Original      Derated      Resource
Layer     Direction    Resources     Resources    Reduction (%)
---------------------------------------------------------------
M1         Vertical            0             0          0.00%
M2         Horizontal      10010          7166          28.41%
M3         Vertical        11106          8256          25.66%
M4         Horizontal       8486          6302          25.74%
M5         Vertical         8221          6098          25.82%
M6         Horizontal       5923          4074          31.22%
M7         Vertical         6448          4368          32.26%
---------------------------------------------------------------

[INFO GRT-0197] Via related to pin nodes: 6133
[INFO GRT-0198] Via related Steiner nodes: 24
[INFO GRT-0199] Via filling finished.
[INFO GRT-0111] Final number of vias: 8024
[INFO GRT-0112] Final usage 3D: 26605

[INFO GRT-0096] Final congestion report:
Layer         Resource        Demand        Usage (%)    Max H / Max V / Total Congestion
---------------------------------------------------------------------------------------
M1                   0             0            0.00%             0 /  0 /  0
M2                7166           601            8.39%             0 /  0 /  0
M3                8256           659            7.98%             0 /  0 /  0
M4                6302           163            2.59%             0 /  0 /  0
M5                6098           189            3.10%             0 /  0 /  0
M6                4074           505           12.40%             0 /  0 /  0
M7                4368           416            9.52%             0 /  0 /  0
---------------------------------------------------------------------------------------
Total            36264          2533            6.98%             0 /  0 /  0

[INFO GRT-0018] Total wirelength: 2420 um
[INFO GRT-0014] Routed nets: 1091
[INFO GRT-0303] Global routing runtime = 00:00:00
[WARNING STA-0450] virtual clock virtual_clk can not be propagated.
estimate_parasitics -global_routing
Perform buffer insertion and gate resizing...
repair_design -verbose
Iteration |   Area    | Resized | Buffers | Nets repaired | Remaining
---------------------------------------------------------------------
        0 |     +0.0% |       0 |       0 |             0 |      1115
       10 |     +0.0% |       0 |       0 |             0 |      1105
       20 |     +0.0% |       0 |       0 |             0 |      1095
       30 |     +0.0% |       0 |       0 |             0 |      1085
       40 |     +0.0% |       0 |       0 |             0 |      1075
       50 |     +0.0% |       0 |       0 |             0 |      1065
       60 |     +0.0% |       0 |       0 |             0 |      1055
       70 |     +0.0% |       0 |       0 |             0 |      1045
       80 |     +0.0% |       0 |       0 |             0 |      1035
       90 |     +0.0% |       0 |       0 |             0 |      1025
      100 |     +0.0% |       0 |       0 |             0 |      1015
      110 |     +0.0% |       0 |       0 |             0 |      1005
      120 |     +0.0% |       0 |       0 |             0 |       995
      130 |     +0.0% |       0 |       0 |             0 |       985
[WARNING RSZ-0104] Net _0676_ only has one pin. Check if it is intended to be dangling.
      140 |     +0.0% |       0 |       0 |             0 |       975
      150 |     +0.0% |       0 |       0 |             0 |       965
[WARNING RSZ-0104] Net _0674_ only has one pin. Check if it is intended to be dangling.
[WARNING RSZ-0104] Net _0672_ only has one pin. Check if it is intended to be dangling.
      160 |     +0.0% |       0 |       0 |             0 |       955
      170 |     +0.0% |       0 |       0 |             0 |       945
[WARNING RSZ-0104] Net _0675_ only has one pin. Check if it is intended to be dangling.
      180 |     +0.0% |       0 |       0 |             0 |       935
      190 |     +0.0% |       0 |       0 |             0 |       925
[WARNING RSZ-0104] Net _0664_ only has one pin. Check if it is intended to be dangling.
      200 |     +0.0% |       0 |       0 |             0 |       915
      210 |     +0.0% |       0 |       0 |             0 |       905
[WARNING RSZ-0104] Net _0673_ only has one pin. Check if it is intended to be dangling.
[WARNING RSZ-0104] Net _0671_ only has one pin. Check if it is intended to be dangling.
      220 |     +0.0% |       0 |       0 |             0 |       895
      230 |     +0.0% |       0 |       0 |             0 |       885
      240 |     +0.0% |       0 |       0 |             0 |       875
      250 |     +0.0% |       0 |       0 |             0 |       865
      260 |     +0.0% |       0 |       0 |             0 |       855
      270 |     +0.0% |       0 |       0 |             0 |       845
[WARNING RSZ-0104] Net _0663_ only has one pin. Check if it is intended to be dangling.
      280 |     +0.0% |       0 |       0 |             0 |       835
      290 |     +0.0% |       0 |       0 |             0 |       825
      300 |     +0.0% |       0 |       0 |             0 |       815
      310 |     +0.0% |       0 |       0 |             0 |       805
      320 |     +0.0% |       0 |       0 |             0 |       795
      330 |     +0.0% |       0 |       0 |             0 |       785
      340 |     +0.0% |       0 |       0 |             0 |       775
      350 |     +0.0% |       0 |       0 |             0 |       765
      360 |     +0.0% |       0 |       0 |             0 |       755
      370 |     +0.0% |       0 |       0 |             0 |       745
      380 |     +0.0% |       0 |       0 |             0 |       735
      390 |     +0.0% |       0 |       0 |             0 |       725
      400 |     +0.0% |       0 |       0 |             0 |       715
      410 |     +0.0% |       0 |       0 |             0 |       705
      420 |     +0.0% |       0 |       0 |             0 |       695
      430 |     +0.0% |       0 |       0 |             0 |       685
      440 |     +0.0% |       0 |       0 |             0 |       675
      450 |     +0.0% |       0 |       0 |             0 |       665
      460 |     +0.0% |       0 |       0 |             0 |       655
      470 |     +0.0% |       0 |       0 |             0 |       645
      480 |     +0.0% |       0 |       0 |             0 |       635
      490 |     +0.0% |       0 |       0 |             0 |       625
      500 |     +0.0% |       0 |       0 |             0 |       615
      510 |     +0.0% |       0 |       0 |             0 |       605
      520 |     +0.0% |       0 |       0 |             0 |       595
      530 |     +0.0% |       0 |       0 |             0 |       585
      540 |     +0.0% |       0 |       0 |             0 |       575
      550 |     +0.0% |       0 |       0 |             0 |       565
[WARNING RSZ-0104] Net _0670_ only has one pin. Check if it is intended to be dangling.
[WARNING RSZ-0104] Net _0668_ only has one pin. Check if it is intended to be dangling.
[WARNING RSZ-0104] Net _0666_ only has one pin. Check if it is intended to be dangling.
      560 |     +0.0% |       0 |       0 |             0 |       555
[WARNING RSZ-0104] Net _0658_ only has one pin. Check if it is intended to be dangling.
[WARNING RSZ-0104] Net _0656_ only has one pin. Check if it is intended to be dangling.
[WARNING RSZ-0104] Net _0654_ only has one pin. Check if it is intended to be dangling.
      570 |     +0.0% |       0 |       0 |             0 |       545
      580 |     +0.0% |       0 |       0 |             0 |       535
      590 |     +0.0% |       0 |       0 |             0 |       525
      600 |     +0.0% |       0 |       0 |             0 |       515
      610 |     +0.0% |       0 |       0 |             0 |       505
      620 |     +0.0% |       0 |       0 |             0 |       495
      630 |     +0.0% |       0 |       0 |             0 |       485
      640 |     +0.0% |       0 |       0 |             0 |       475
      650 |     +0.0% |       0 |       0 |             0 |       465
[WARNING RSZ-0104] Net _0662_ only has one pin. Check if it is intended to be dangling.
[WARNING RSZ-0104] Net _0660_ only has one pin. Check if it is intended to be dangling.
      660 |     +0.0% |       0 |       0 |             0 |       455
      670 |     +0.0% |       0 |       0 |             0 |       445
      680 |     +0.0% |       0 |       0 |             0 |       435
      690 |     +0.0% |       0 |       0 |             0 |       425
      700 |     +0.0% |       0 |       0 |             0 |       415
      710 |     +0.0% |       0 |       0 |             0 |       405
[WARNING RSZ-0104] Net _0669_ only has one pin. Check if it is intended to be dangling.
      720 |     +0.0% |       0 |       0 |             0 |       395
[WARNING RSZ-0104] Net _0667_ only has one pin. Check if it is intended to be dangling.
      730 |     +0.0% |       0 |       0 |             0 |       385
[WARNING RSZ-0104] Net _0665_ only has one pin. Check if it is intended to be dangling.
[WARNING RSZ-0104] Net _0661_ only has one pin. Check if it is intended to be dangling.
      740 |     +0.0% |       0 |       0 |             0 |       375
[WARNING RSZ-0104] Net _0659_ only has one pin. Check if it is intended to be dangling.
[WARNING RSZ-0104] Net _0657_ only has one pin. Check if it is intended to be dangling.
      750 |     +0.0% |       0 |       0 |             0 |       365
[WARNING RSZ-0104] Net _0655_ only has one pin. Check if it is intended to be dangling.
[WARNING RSZ-0104] Net _0653_ only has one pin. Check if it is intended to be dangling.
      760 |     +0.0% |       0 |       0 |             0 |       355
      770 |     +0.0% |       0 |       0 |             0 |       345
      780 |     +0.0% |       0 |       0 |             0 |       335
      790 |     +0.0% |       0 |       0 |             0 |       325
      800 |     +0.0% |       0 |       0 |             0 |       315
      810 |     +0.0% |       0 |       0 |             0 |       305
      820 |     +0.0% |       0 |       0 |             0 |       295
      830 |     +0.0% |       0 |       0 |             0 |       285
      840 |     +0.0% |       0 |       0 |             0 |       275
      850 |     +0.0% |       0 |       0 |             0 |       265
      860 |     +0.0% |       0 |       0 |             0 |       255
      870 |     +0.0% |       0 |       0 |             0 |       245
      880 |     +0.0% |       0 |       0 |             0 |       235
      890 |     +0.0% |       0 |       0 |             0 |       225
      900 |     +0.0% |       0 |       0 |             0 |       215
      910 |     +0.0% |       0 |       0 |             0 |       205
      920 |     +0.0% |       0 |       0 |             0 |       195
      930 |     +0.0% |       0 |       0 |             0 |       185
      940 |     +0.0% |       0 |       0 |             0 |       175
      950 |     +0.0% |       0 |       0 |             0 |       165
      960 |     +0.0% |       0 |       0 |             0 |       155
      970 |     +0.0% |       0 |       0 |             0 |       145
      980 |     +0.0% |       0 |       0 |             0 |       135
      990 |     +0.0% |       0 |       0 |             0 |       125
     1000 |     +0.0% |       0 |       0 |             0 |       115
     1010 |     +0.0% |       0 |       0 |             0 |       105
     1020 |     +0.0% |       0 |       0 |             0 |        95
     1030 |     +0.0% |       0 |       0 |             0 |        85
     1040 |     +0.0% |       0 |       0 |             0 |        75
     1050 |     +0.0% |       0 |       0 |             0 |        65
     1060 |     +0.0% |       0 |       0 |             0 |        55
     1070 |     +0.0% |       0 |       0 |             0 |        45
     1080 |     +0.0% |       0 |       0 |             0 |        35
     1090 |     +0.0% |       0 |       0 |             0 |        25
     1100 |     +0.0% |       0 |       0 |             0 |        15
     1110 |     +0.0% |       0 |       0 |             0 |         5
    final |     +0.0% |       0 |       0 |             0 |         0
---------------------------------------------------------------------
[INFO RSZ-0504] Runtime: 0.07s
global_route -start_incremental
detailed_placement
[INFO DPL-0006] Core area: 136.67 um^2
[INFO DPL-0007] Movable instances area: 81.37 um^2
[INFO DPL-0008] Fixed instances area within core: 2.51 um^2
[INFO DPL-0009] Utilization: 61.4%
[INFO DPL-0005] Diamond search max displacement: +/- 500 sites horizontally, +/- 100 rows vertically.
[INFO DPL-1102] Legalizing using negotiation legalizer.
[INFO DPL-1103] Negotiation base search window: +/-20 sites horizontally, +/-5 rows vertically 
	Automatic search window extension enabled.
	Search window extendable up to the max displacement cap of +/-500 sites, +/-100 rows near walls.
[INFO DPL-1104] NegotiationLegalizer DRC penalty: 5.
[INFO DPL-0392] Negotiation cell height distribution (1 unique row-count(s)):
[INFO DPL-0393]   height 1 row(s): 965 cells
[INFO DPL-0500] Runtime: 0.00s
Placement Analysis
---------------------------------
total displacement          0.0 u
average displacement        0.0 u
max displacement            0.0 u
original HPWL            1481.6 u
legalized HPWL           1481.6 u
delta HPWL                    0 %

global_route -end_incremental -resistance_aware -congestion_report_file /home/matheus-grossi/Projects/CNN/CNN/synth_org/pooling/reports/asap7/pooling/base/congestion_post_repair_design.rpt
Repair setup and hold violations...
estimate_parasitics -global_routing
repair_timing -setup_margin 0 -hold_margin 0 -repair_tns 100 -verbose
[INFO RSZ-0100] Repair move sequence: UnbufferMove SizeUpMove SwapPinsMove BufferMove CloneMove SplitLoadMove 
[INFO RSZ-0094] Found 32 endpoints with setup violations.
[INFO RSZ-0099] Repairing 32 out of 32 (100.00%) violating endpoints...
   Iter   | Removed | Resized | Inserted | Cloned |  Pin  |   Area   |    WNS   |   StTNS    |   EnTNS    |  Viol  |  Worst  
          | Buffers |  Gates  | Buffers  |  Gates | Swaps |          |          |            |            | Endpts | St/EnPt 
------------------------------------------------------------------------------------------------------------------------------
       0* |       0 |       0 |        0 |      0 |     0 |    +0.0% | -369.024 |   -43596.2 |   -11484.5 |     32 | imagem_out[21]
      10* |       1 |       0 |        0 |      0 |     8 |    -0.1% | -368.569 |   -43578.7 |   -11482.8 |     32 | imagem_out[21]
      20* |       1 |       0 |        0 |      1 |    17 |    -0.0% | -366.768 |   -43456.0 |   -11461.6 |     32 | imagem_out[31]
      30* |       1 |       1 |        0 |      1 |    26 |    +0.0% | -374.042 |   -43694.7 |   -11521.8 |     32 | imagem_out[31]
      31* |       1 |       0 |        0 |      0 |    15 |    -0.1% | -364.723 |   -43411.9 |   -11446.1 |     32 | imagem_out[31]
      36* |       1 |       3 |        0 |      0 |    16 |    -0.0% | -364.723 |   -43409.3 |   -11425.8 |     32 | imagem_out[31]
      38* |       1 |       3 |        0 |      0 |    17 |    -0.0% | -364.723 |   -43409.3 |   -11425.9 |     32 | imagem_out[31]
      40* |       1 |       3 |        0 |      0 |    18 |    -0.0% | -364.723 |   -43409.3 |   -11426.3 |     32 | imagem_out[31]
      42* |       1 |       3 |        0 |      0 |    20 |    -0.0% | -364.723 |   -43397.6 |   -11423.0 |     32 | imagem_out[31]
      44* |       1 |       3 |        0 |      0 |    21 |    -0.0% | -364.723 |   -43400.4 |   -11423.3 |     32 | imagem_out[31]
      46* |       1 |       3 |        0 |      0 |    22 |    -0.0% | -364.723 |   -43401.9 |   -11423.3 |     32 | imagem_out[31]
      48* |       1 |       3 |        0 |      0 |    23 |    -0.0% | -364.723 |   -43398.6 |   -11422.3 |     32 | imagem_out[31]
      50* |       1 |       3 |        0 |      0 |    24 |    -0.0% | -364.723 |   -43398.6 |   -11422.1 |     32 | imagem_out[31]
      51* |       1 |       3 |        0 |      0 |    25 |    -0.0% | -364.723 |   -43401.6 |   -11422.6 |     32 | imagem_out[31]
      54* |       1 |       3 |        0 |      0 |    25 |    -0.0% | -364.723 |   -43401.6 |   -11422.6 |     32 | imagem_out[31]
      58* |       1 |       3 |        0 |      0 |    25 |    -0.0% | -364.723 |   -43401.6 |   -11422.6 |     32 | imagem_out[31]
      60* |       1 |       3 |        0 |      1 |    25 |    +0.1% | -365.441 |   -43413.1 |   -11428.3 |     32 | imagem_out[31]
      62* |       1 |       3 |        0 |      0 |    25 |    -0.0% | -364.723 |   -43401.6 |   -11422.6 |     32 | imagem_out[31]
      66* |       1 |       3 |        0 |      0 |    25 |    -0.0% | -364.723 |   -43401.6 |   -11422.6 |     32 | imagem_out[31]
      70* |       1 |       4 |        0 |      1 |    26 |    +0.1% | -364.913 |   -43412.2 |   -11423.8 |     32 | imagem_out[31]
      70* |       1 |       3 |        0 |      0 |    25 |    -0.0% | -364.723 |   -43401.6 |   -11422.6 |     32 | imagem_out[31]
      74* |       1 |       3 |        0 |      0 |    25 |    -0.0% | -364.723 |   -43401.6 |   -11422.6 |     32 | imagem_out[31]
      78* |       1 |       3 |        0 |      0 |    25 |    -0.0% | -364.723 |   -43401.6 |   -11422.6 |     32 | imagem_out[31]
      80* |       1 |       3 |        0 |      0 |    26 |    -0.0% | -364.723 |   -43397.3 |   -11423.3 |     32 | imagem_out[31]
      90* |       1 |       4 |        0 |      0 |    35 |    +0.1% | -364.723 |   -43292.6 |   -11379.4 |     32 | imagem_out[31]
      95* |       1 |       4 |        0 |      0 |    32 |    +0.1% | -364.723 |   -43242.5 |   -11374.1 |     32 | imagem_out[31]
     100* |       1 |       4 |        0 |      1 |    35 |    +0.1% | -365.227 |   -43247.1 |   -11378.9 |     32 | imagem_out[31]
     103* |       1 |       4 |        0 |      0 |    32 |    +0.1% | -364.723 |   -43242.5 |   -11374.1 |     32 | imagem_out[31]
     106* |       1 |       4 |        0 |      0 |    34 |    +0.1% | -364.723 |   -43216.8 |   -11365.5 |     32 | imagem_out[31]
     109* |       1 |       4 |        0 |      0 |    34 |    +0.1% | -364.723 |   -43216.8 |   -11365.5 |     32 | imagem_out[31]
     110* |       1 |       4 |        0 |      0 |    34 |    +0.1% | -364.723 |   -43216.8 |   -11365.5 |     32 | imagem_out[31]
     111* |       1 |       4 |        0 |      0 |    34 |    +0.1% | -364.723 |   -43216.8 |   -11365.5 |     32 | imagem_out[31]
     113* |       1 |       4 |        0 |      0 |    35 |    +0.1% | -364.723 |   -43215.2 |   -11364.6 |     32 | imagem_out[31]
     115* |       1 |       4 |        0 |      0 |    35 |    +0.1% | -364.723 |   -43215.2 |   -11364.6 |     32 | imagem_out[31]
     117* |       1 |       4 |        0 |      0 |    35 |    +0.1% | -364.723 |   -43215.2 |   -11364.6 |     32 | imagem_out[31]
     119* |       1 |       4 |        0 |      0 |    35 |    +0.1% | -364.723 |   -43215.2 |   -11364.6 |     32 | imagem_out[31]
     120* |       1 |       4 |        0 |      0 |    35 |    +0.1% | -364.723 |   -43215.2 |   -11364.6 |     32 | imagem_out[31]
     130* |       1 |       4 |        0 |      0 |    45 |    +0.1% | -364.723 |   -43209.2 |   -11358.4 |     32 | imagem_out[31]
     131* |       1 |       4 |        0 |      0 |    44 |    +0.1% | -364.723 |   -43200.4 |   -11356.5 |     32 | imagem_out[31]
     135* |       1 |       4 |        0 |      0 |    47 |    +0.1% | -364.723 |   -43192.3 |   -11350.1 |     32 | imagem_out[31]
     137* |       1 |       4 |        0 |      0 |    47 |    +0.1% | -364.723 |   -43192.3 |   -11350.1 |     32 | imagem_out[31]
     139* |       1 |       4 |        0 |      0 |    47 |    +0.1% | -364.723 |   -43192.3 |   -11350.1 |     32 | imagem_out[31]
     140* |       1 |       4 |        0 |      0 |    47 |    +0.1% | -364.723 |   -43192.3 |   -11350.1 |     32 | imagem_out[31]
     141* |       1 |       4 |        0 |      0 |    47 |    +0.1% | -364.723 |   -43192.3 |   -11350.1 |     32 | imagem_out[31]
     143* |       1 |       4 |        0 |      0 |    47 |    +0.1% | -364.723 |   -43192.3 |   -11350.1 |     32 | imagem_out[31]
     145* |       1 |       4 |        0 |      0 |    47 |    +0.1% | -364.723 |   -43192.3 |   -11350.1 |     32 | imagem_out[31]
     147* |       1 |       4 |        0 |      0 |    47 |    +0.1% | -364.723 |   -43192.3 |   -11350.1 |     32 | imagem_out[31]
     147* |       1 |       4 |        0 |      0 |    47 |    +0.1% | -364.723 |   -43192.3 |   -11350.1 |     32 | imagem_out[31]
     150+ |       1 |       6 |        0 |      0 |    47 |    +0.2% | -363.503 |   -43181.4 |   -11340.3 |     32 | imagem_out[31]
     150+ |       1 |       6 |        0 |      0 |    47 |    +0.2% | -363.503 |   -43181.4 |   -11340.3 |     32 | imagem_out[31]
     151+ |       1 |       6 |        0 |      0 |    47 |    +0.2% | -363.503 |   -43181.4 |   -11340.3 |     32 | imagem_out[31]
     152+ |       1 |       6 |        0 |      0 |    47 |    +0.2% | -363.503 |   -43181.4 |   -11340.3 |     32 | imagem_out[31]
     153+ |       1 |       6 |        0 |      0 |    47 |    +0.2% | -363.503 |   -43181.4 |   -11340.3 |     32 | imagem_out[31]
     154+ |       1 |       6 |        0 |      0 |    47 |    +0.2% | -363.503 |   -43181.4 |   -11340.3 |     32 | imagem_out[31]
     155+ |       1 |       6 |        0 |      0 |    47 |    +0.2% | -363.503 |   -43181.4 |   -11340.3 |     32 | imagem_out[31]
     156+ |       1 |       6 |        0 |      0 |    47 |    +0.2% | -363.503 |   -43181.4 |   -11340.3 |     32 | imagem_out[31]
     157+ |       1 |       6 |        0 |      0 |    47 |    +0.2% | -363.503 |   -43181.4 |   -11340.3 |     32 | imagem_out[31]
     158+ |       1 |       6 |        0 |      0 |    47 |    +0.2% | -363.503 |   -43181.4 |   -11340.3 |     32 | imagem_out[31]
     159+ |       1 |       6 |        0 |      0 |    47 |    +0.2% | -363.503 |   -43181.4 |   -11340.3 |     32 | imagem_out[31]
     160+ |       1 |       6 |        0 |      0 |    47 |    +0.2% | -363.503 |   -43181.4 |   -11340.3 |     32 | imagem_out[31]
     160+ |       1 |       6 |        0 |      0 |    47 |    +0.2% | -363.503 |   -43181.4 |   -11340.3 |     32 | imagem_out[31]
     161+ |       1 |       6 |        0 |      0 |    47 |    +0.2% | -363.503 |   -43181.4 |   -11340.3 |     32 | imagem_out[31]
     162+ |       1 |       6 |        0 |      0 |    47 |    +0.2% | -363.503 |   -43181.4 |   -11340.3 |     32 | imagem_out[31]
     163+ |       1 |       6 |        0 |      0 |    47 |    +0.2% | -363.503 |   -43181.4 |   -11340.3 |     32 | imagem_out[31]
     164+ |       1 |       6 |        0 |      0 |    47 |    +0.2% | -363.503 |   -43181.4 |   -11340.3 |     32 | imagem_out[31]
     165+ |       1 |       6 |        0 |      0 |    47 |    +0.2% | -363.503 |   -43181.4 |   -11340.3 |     32 | imagem_out[31]
     167+ |       1 |       7 |        0 |      0 |    47 |    +0.2% | -363.503 |   -43169.2 |   -11340.0 |     32 | imagem_out[31]
     168+ |       1 |       7 |        0 |      0 |    47 |    +0.2% | -363.503 |   -43169.2 |   -11340.0 |     32 | imagem_out[31]
     169+ |       1 |       7 |        0 |      0 |    47 |    +0.2% | -363.503 |   -43169.2 |   -11340.0 |     32 | imagem_out[31]
     170+ |       1 |       7 |        0 |      0 |    47 |    +0.2% | -363.503 |   -43169.2 |   -11340.0 |     32 | imagem_out[31]
     170+ |       1 |       7 |        0 |      0 |    47 |    +0.2% | -363.503 |   -43169.2 |   -11340.0 |     32 | imagem_out[31]
     171+ |       1 |       7 |        0 |      0 |    47 |    +0.2% | -363.503 |   -43169.2 |   -11340.0 |     32 | imagem_out[31]
     172+ |       1 |       7 |        0 |      0 |    47 |    +0.2% | -363.503 |   -43169.2 |   -11340.0 |     32 | imagem_out[31]
     173+ |       1 |       7 |        0 |      0 |    47 |    +0.2% | -363.503 |   -43169.2 |   -11340.0 |     32 | imagem_out[31]
     174+ |       1 |       7 |        0 |      0 |    47 |    +0.2% | -363.503 |   -43169.2 |   -11340.0 |     32 | imagem_out[31]
     175+ |       1 |       7 |        0 |      0 |    47 |    +0.2% | -363.503 |   -43169.2 |   -11340.0 |     32 | imagem_out[31]
     176+ |       1 |       7 |        0 |      0 |    47 |    +0.2% | -363.503 |   -43169.2 |   -11340.0 |     32 | imagem_out[31]
     177+ |       1 |       7 |        0 |      0 |    47 |    +0.2% | -363.503 |   -43169.2 |   -11340.0 |     32 | imagem_out[31]
     178+ |       1 |       7 |        0 |      0 |    47 |    +0.2% | -363.503 |   -43169.2 |   -11340.0 |     32 | imagem_out[31]
     179+ |       1 |       7 |        0 |      0 |    47 |    +0.2% | -363.503 |   -43169.2 |   -11340.0 |     32 | imagem_out[31]
     180+ |       1 |       7 |        0 |      0 |    47 |    +0.2% | -363.503 |   -43169.2 |   -11340.0 |     32 | imagem_out[31]
     180+ |       1 |       7 |        0 |      0 |    47 |    +0.2% | -363.503 |   -43169.2 |   -11340.0 |     32 | imagem_out[31]
     181+ |       1 |       7 |        0 |      0 |    47 |    +0.2% | -363.503 |   -43169.2 |   -11340.0 |     32 | imagem_out[31]
     182+ |       1 |       7 |        0 |      0 |    47 |    +0.2% | -363.503 |   -43169.2 |   -11340.0 |     32 | imagem_out[31]
    final |       1 |       7 |        0 |      0 |    47 |    +0.2% | -363.503 |   -43169.2 |   -11340.0 |     32 | imagem_out[31]
------------------------------------------------------------------------------------------------------------------------------
[INFO RSZ-0059] Removed 1 buffers.
[INFO RSZ-0051] Resized 7 instances: 7 up, 0 up match, 0 down, 0 VT
[INFO RSZ-0043] Swapped pins on 47 instances.
[WARNING RSZ-0062] Unable to repair all setup violations.
[INFO RSZ-0505] Runtime: 1.82s
[INFO RSZ-0033] No hold violations found.
[INFO RSZ-0506] Runtime: 0.00s
global_route -start_incremental
detailed_placement
[INFO DPL-0006] Core area: 136.67 um^2
[INFO DPL-0007] Movable instances area: 81.52 um^2
[INFO DPL-0008] Fixed instances area within core: 2.51 um^2
[INFO DPL-0009] Utilization: 61.5%
[INFO DPL-0005] Diamond search max displacement: +/- 500 sites horizontally, +/- 100 rows vertically.
[INFO DPL-1102] Legalizing using negotiation legalizer.
[INFO DPL-1103] Negotiation base search window: +/-20 sites horizontally, +/-5 rows vertically 
	Automatic search window extension enabled.
	Search window extendable up to the max displacement cap of +/-500 sites, +/-100 rows near walls.
[INFO DPL-1104] NegotiationLegalizer DRC penalty: 5.
[INFO DPL-0392] Negotiation cell height distribution (1 unique row-count(s)):
[INFO DPL-0393]   height 1 row(s): 964 cells
          |      Total |  Illegal |  Illegal
Iteration | Violations |    Cells |    Sites
---------------------------------------------
        0 |         18 |         4 |        14
        1 |          0 |         0 |         0
Negotiation phase 1 converged at iteration 1.
[INFO DPL-0500] Runtime: 0.00s
Placement Analysis
---------------------------------
total displacement          0.5 u
average displacement        0.0 u
max displacement            0.2 u
original HPWL            1482.0 u
legalized HPWL           1482.6 u
delta HPWL                    0 %

check_placement -verbose
global_route -end_incremental -resistance_aware -congestion_report_file /home/matheus-grossi/Projects/CNN/CNN/synth_org/pooling/reports/asap7/pooling/base/congestion_post_repair_timing.rpt
estimate_parasitics -global_routing
repair_timing -setup -sequence "vt_swap reroute" -skip_last_gasp -repair_tns 0 -verbose
[INFO RSZ-0100] Repair move sequence: RerouteMove 
[INFO RSZ-0094] Found 32 endpoints with setup violations.
[INFO RSZ-0099] Repairing 1 out of 32 (0.00%) violating endpoints...
   Iter   | Removed | Resized | Inserted | Cloned |  Pin  |   Area   |    WNS   |   StTNS    |   EnTNS    |  Viol  |  Worst  
          | Buffers |  Gates  | Buffers  |  Gates | Swaps |          |          |            |            | Endpts | St/EnPt 
------------------------------------------------------------------------------------------------------------------------------
       0* |       0 |       0 |        0 |      0 |     0 |    +0.0% | -363.503 |   -43174.1 |   -11340.1 |     32 | imagem_out[31]
       1* |       0 |       0 |        0 |      0 |     0 |    +0.0% | -363.503 |   -43174.1 |   -11340.1 |     32 | imagem_out[31]
       1* |       0 |       0 |        0 |      0 |     0 |    +0.0% | -363.503 |   -43174.1 |   -11340.1 |     32 | imagem_out[31]
    final |       0 |       0 |        0 |      0 |     0 |    +0.0% | -363.503 |   -43174.1 |   -11340.1 |     32 | imagem_out[31]
------------------------------------------------------------------------------------------------------------------------------
[WARNING RSZ-0062] Unable to repair all setup violations.
[INFO RSZ-0505] Runtime: 0.04s
Repair antennas...
[WARNING GRT-0246] No diode with LEF class CORE ANTENNACELL found.
[INFO ANT-0002] Found 0 net violations.
[INFO ANT-0001] Found 0 pin violations.
Estimate parasitics...
estimate_parasitics -global_routing
Report metrics stage 5, global route...
No registers in design

==========================================================================
global route report_design_area
--------------------------------------------------------------------------
Design area 84 um^2 61% utilization.
[INFO FLW-0007] clock virtual_clk period 10.000000
[INFO FLW-0008] Clock virtual_clk period 354.828
[INFO FLW-0009] Clock virtual_clk slack -363.503
write_sdc -no_timestamp /home/matheus-grossi/Projects/CNN/CNN/synth_org/pooling/results/asap7/pooling/base/updated_clks.sdc
[WARNING STA-0450] virtual clock virtual_clk can not be propagated.
[INFO FLW-0011] Path endpoint path count 44
write_db /home/matheus-grossi/Projects/CNN/CNN/synth_org/pooling/results/asap7/pooling/base/5_1_grt.odb
write_sdc -no_timestamp /home/matheus-grossi/Projects/CNN/CNN/synth_org/pooling/results/asap7/pooling/base/5_1_grt.sdc
Elapsed time: 0:04.68[h:]min:sec. CPU time: user 28.14 sys 0.30 (607%). Peak memory: 358996KB.
Log                       Ext     Elapsed/s Peak Memory/MB sha1sum result [0:20)
5_1_grt                   .odb            4            350 9044e2db205ce54e3bee
5_1_grt                   .sdc                             d92a38ce241bac97179e
/home/matheus-grossi/OpenROAD/OpenROAD-flow-scripts/flow/scripts/flow.sh 5_2_route detail_route
Running detail_route.tcl, stage 5_2_route
source /home/matheus-grossi/OpenROAD/OpenROAD-flow-scripts/flow/platforms/asap7/liberty_suppressions.tcl
read_liberty /home/matheus-grossi/OpenROAD/OpenROAD-flow-scripts/flow/platforms/asap7/lib/NLDM/asap7sc7p5t_AO_RVT_FF_nldm_211120.lib.gz
read_liberty /home/matheus-grossi/OpenROAD/OpenROAD-flow-scripts/flow/platforms/asap7/lib/NLDM/asap7sc7p5t_INVBUF_RVT_FF_nldm_220122.lib.gz
read_liberty /home/matheus-grossi/OpenROAD/OpenROAD-flow-scripts/flow/platforms/asap7/lib/NLDM/asap7sc7p5t_OA_RVT_FF_nldm_211120.lib.gz
read_liberty /home/matheus-grossi/OpenROAD/OpenROAD-flow-scripts/flow/platforms/asap7/lib/NLDM/asap7sc7p5t_SIMPLE_RVT_FF_nldm_211120.lib.gz
read_liberty /home/matheus-grossi/OpenROAD/OpenROAD-flow-scripts/flow/platforms/asap7/lib/NLDM/asap7sc7p5t_SEQ_RVT_FF_nldm_220123.lib
read_db /home/matheus-grossi/Projects/CNN/CNN/synth_org/pooling/results/asap7/pooling/base/5_1_grt.odb
read_sdc /home/matheus-grossi/Projects/CNN/CNN/synth_org/pooling/results/asap7/pooling/base/5_1_grt.sdc
source /home/matheus-grossi/OpenROAD/OpenROAD-flow-scripts/flow/platforms/asap7/setRC.tcl
[WARNING STA-0450] virtual clock virtual_clk can not be propagated.
detailed_route -output_drc /home/matheus-grossi/Projects/CNN/CNN/synth_org/pooling/reports/asap7/pooling/base/5_route_drc.rpt -output_maze /home/matheus-grossi/Projects/CNN/CNN/synth_org/pooling/results/asap7/pooling/base/maze.log -droute_end_iter 64 -verbose 1 -drc_report_iter_step 5
[INFO DRT-0149] Reading tech and libs.

Units:                1000
Number of layers:     21
Number of macros:     212
Number of vias:       14
Number of viarulegen: 11

[INFO DRT-0150] Reading design.

Design:                   MaxPooling
Die area:                 ( 0 0 ) ( 15863 15863 )
Number of track patterns: 32
Number of DEF vias:       0
Number of components:     964
Number of terminals:      162
Number of snets:          2
Number of nets:           1114

[INFO DRT-0167] List of default vias:
  Layer V2
    default via: VIA23
  Layer V3
    default via: VIA34
  Layer V4
    default via: VIA45
  Layer V5
    default via: VIA56
  Layer V6
    default via: VIA67
  Layer V7
    default via: VIA78
  Layer V8
    default via: VIA89
  Layer V9
    default via: VIA9Pad
[INFO DRT-0162] Library cell analysis.
[INFO DRT-0163] Instance analysis.
[INFO DRT-0164] Number of unique instances = 107.
[INFO DRT-0168] Init region query.
[INFO DRT-0024]   Complete Active.
[INFO DRT-0024]   Complete V0.
[INFO DRT-0024]   Complete M1.
[INFO DRT-0024]   Complete V1.
[INFO DRT-0024]   Complete M2.
[INFO DRT-0024]   Complete V2.
[INFO DRT-0024]   Complete M3.
[INFO DRT-0024]   Complete V3.
[INFO DRT-0024]   Complete M4.
[INFO DRT-0024]   Complete V4.
[INFO DRT-0024]   Complete M5.
[INFO DRT-0024]   Complete V5.
[INFO DRT-0024]   Complete M6.
[INFO DRT-0024]   Complete V6.
[INFO DRT-0024]   Complete M7.
[INFO DRT-0024]   Complete V7.
[INFO DRT-0024]   Complete M8.
[INFO DRT-0024]   Complete V8.
[INFO DRT-0024]   Complete M9.
[INFO DRT-0024]   Complete V9.
[INFO DRT-0024]   Complete Pad.
[INFO DRT-0033] Active shape region query size = 0.
[INFO DRT-0033] V0 shape region query size = 0.
[INFO DRT-0033] M1 shape region query size = 12529.
[INFO DRT-0033] V1 shape region query size = 14388.
[INFO DRT-0033] M2 shape region query size = 220.
[INFO DRT-0033] V2 shape region query size = 396.
[INFO DRT-0033] M3 shape region query size = 396.
[INFO DRT-0033] V3 shape region query size = 264.
[INFO DRT-0033] M4 shape region query size = 344.
[INFO DRT-0033] V4 shape region query size = 264.
[INFO DRT-0033] M5 shape region query size = 233.
[INFO DRT-0033] V5 shape region query size = 30.
[INFO DRT-0033] M6 shape region query size = 25.
[INFO DRT-0033] V6 shape region query size = 0.
[INFO DRT-0033] M7 shape region query size = 0.
[INFO DRT-0033] V7 shape region query size = 0.
[INFO DRT-0033] M8 shape region query size = 0.
[INFO DRT-0033] V8 shape region query size = 0.
[INFO DRT-0033] M9 shape region query size = 0.
[INFO DRT-0033] V9 shape region query size = 0.
[INFO DRT-0033] Pad shape region query size = 0.
[INFO DRT-0165] Start pin access.
[INFO DRT-0078]   Complete 564 pins.
[INFO DRT-0079]   Complete 100 unique inst patterns.
[INFO DRT-0081]   Complete 107 unique inst patterns.
[INFO DRT-0084]   Complete 474 groups.
#scanned instances     = 964
#unique  instances     = 107
#stdCellGenAp          = 2773
#stdCellValidPlanarAp  = 0
#stdCellValidViaAp     = 2249
#stdCellPinNoAp        = 0
#stdCellPinCnt         = 2614
#instTermValidViaApCnt = 0
#macroGenAp            = 0
#macroValidPlanarAp    = 0
#macroValidViaAp       = 0
#macroNoAp             = 0
[INFO DRT-0166] Complete pin access.
[INFO DRT-0267] cpu time = 00:00:10, elapsed time = 00:00:00, memory = 311.55 (MB), peak = 310.59 (MB)

[INFO DRT-0157] Number of guides:     7455

[INFO DRT-0169] Post process guides.
[INFO DRT-0176] GCELLGRID X 0 DO 27 STEP 570 ;
[INFO DRT-0177] GCELLGRID Y 0 DO 27 STEP 570 ;
[INFO DRT-0028]   Complete Active.
[INFO DRT-0028]   Complete V0.
[INFO DRT-0028]   Complete M1.
[INFO DRT-0028]   Complete V1.
[INFO DRT-0028]   Complete M2.
[INFO DRT-0028]   Complete V2.
[INFO DRT-0028]   Complete M3.
[INFO DRT-0028]   Complete V3.
[INFO DRT-0028]   Complete M4.
[INFO DRT-0028]   Complete V4.
[INFO DRT-0028]   Complete M5.
[INFO DRT-0028]   Complete V5.
[INFO DRT-0028]   Complete M6.
[INFO DRT-0028]   Complete V6.
[INFO DRT-0028]   Complete M7.
[INFO DRT-0028]   Complete V7.
[INFO DRT-0028]   Complete M8.
[INFO DRT-0028]   Complete V8.
[INFO DRT-0028]   Complete M9.
[INFO DRT-0028]   Complete V9.
[INFO DRT-0028]   Complete Pad.
[INFO DRT-0178] Init guide query.
[INFO DRT-0035]   Complete Active (guide).
[INFO DRT-0035]   Complete V0 (guide).
[INFO DRT-0035]   Complete M1 (guide).
[INFO DRT-0035]   Complete V1 (guide).
[INFO DRT-0035]   Complete M2 (guide).
[INFO DRT-0035]   Complete V2 (guide).
[INFO DRT-0035]   Complete M3 (guide).
[INFO DRT-0035]   Complete V3 (guide).
[INFO DRT-0035]   Complete M4 (guide).
[INFO DRT-0035]   Complete V4 (guide).
[INFO DRT-0035]   Complete M5 (guide).
[INFO DRT-0035]   Complete V5 (guide).
[INFO DRT-0035]   Complete M6 (guide).
[INFO DRT-0035]   Complete V6 (guide).
[INFO DRT-0035]   Complete M7 (guide).
[INFO DRT-0035]   Complete V7 (guide).
[INFO DRT-0035]   Complete M8 (guide).
[INFO DRT-0035]   Complete V8 (guide).
[INFO DRT-0035]   Complete M9 (guide).
[INFO DRT-0035]   Complete V9 (guide).
[INFO DRT-0035]   Complete Pad (guide).
[INFO DRT-0036] Active guide region query size = 0.
[INFO DRT-0036] V0 guide region query size = 0.
[INFO DRT-0036] M1 guide region query size = 2100.
[INFO DRT-0036] V1 guide region query size = 0.
[INFO DRT-0036] M2 guide region query size = 1593.
[INFO DRT-0036] V2 guide region query size = 0.
[INFO DRT-0036] M3 guide region query size = 928.
[INFO DRT-0036] V3 guide region query size = 0.
[INFO DRT-0036] M4 guide region query size = 520.
[INFO DRT-0036] V4 guide region query size = 0.
[INFO DRT-0036] M5 guide region query size = 498.
[INFO DRT-0036] V5 guide region query size = 0.
[INFO DRT-0036] M6 guide region query size = 339.
[INFO DRT-0036] V6 guide region query size = 0.
[INFO DRT-0036] M7 guide region query size = 110.
[INFO DRT-0036] V7 guide region query size = 0.
[INFO DRT-0036] M8 guide region query size = 0.
[INFO DRT-0036] V8 guide region query size = 0.
[INFO DRT-0036] M9 guide region query size = 0.
[INFO DRT-0036] V9 guide region query size = 0.
[INFO DRT-0036] Pad guide region query size = 0.
[INFO DRT-0179] Init gr pin query.
[INFO DRT-0267] cpu time = 00:00:00, elapsed time = 00:00:00, memory = 313.22 (MB), peak = 312.34 (MB)
[INFO DRT-0245] skipped writing guide updates to database.
[INFO DRT-0181] Start track assignment.
[INFO DRT-0184] Done with 3636 vertical wires in 1 frboxes and 2452 horizontal wires in 1 frboxes.
[INFO DRT-0186] Done with 250 vertical wires in 1 frboxes and 319 horizontal wires in 1 frboxes.
[INFO DRT-0182] Complete track assignment.
[INFO DRT-0267] cpu time = 00:00:00, elapsed time = 00:00:00, memory = 335.64 (MB), peak = 334.61 (MB)
[INFO DRT-0187] Start routing data preparation.
[INFO DRT-0267] cpu time = 00:00:00, elapsed time = 00:00:00, memory = 335.76 (MB), peak = 334.61 (MB)
[INFO DRT-0194] Start detail routing.
[INFO DRT-0195] Start 0th optimization iteration.
    Completing 10% with 0 violations.
    elapsed time = 00:00:00, memory = 450.16 (MB).
    Completing 20% with 0 violations.
    elapsed time = 00:00:00, memory = 387.61 (MB).
    Completing 30% with 5 violations.
    elapsed time = 00:00:00, memory = 529.84 (MB).
    Completing 40% with 5 violations.
    elapsed time = 00:00:00, memory = 512.16 (MB).
    Completing 50% with 5 violations.
    elapsed time = 00:00:00, memory = 473.18 (MB).
    Completing 60% with 9 violations.
    elapsed time = 00:00:01, memory = 596.04 (MB).
    Completing 70% with 9 violations.
    elapsed time = 00:00:01, memory = 524.82 (MB).
    Completing 80% with 23 violations.
    elapsed time = 00:00:01, memory = 651.52 (MB).
    Completing 90% with 23 violations.
    elapsed time = 00:00:01, memory = 620.75 (MB).
    Completing 100% with 30 violations.
    elapsed time = 00:00:01, memory = 577.16 (MB).
[INFO DRT-0199]   Number of violations = 52.
Viol/Layer          M2     M3     M4     M5     M6
EOL                  2      0      0      0      0
Metal Spacing        1      3      0      0      0
Recheck              6      6      6      4      0
Short                2      0      0      0      1
eolKeepOut          21      0      0      0      0
[INFO DRT-0267] cpu time = 00:00:05, elapsed time = 00:00:02, memory = 1083.52 (MB), peak = 1082.55 (MB)
Total wire length = 1497 um.
Total wire length on LAYER M1 = 0 um.
Total wire length on LAYER M2 = 373 um.
Total wire length on LAYER M3 = 445 um.
Total wire length on LAYER M4 = 150 um.
Total wire length on LAYER M5 = 101 um.
Total wire length on LAYER M6 = 236 um.
Total wire length on LAYER M7 = 189 um.
Total wire length on LAYER M8 = 0 um.
Total wire length on LAYER M9 = 0 um.
Total wire length on LAYER Pad = 0 um.
Total number of vias = 6941.
Up-via summary (total 6941):

---------------
 Active       0
     M1    2597
     M2    2837
     M3     532
     M4     399
     M5     391
     M6     185
     M7       0
     M8       0
     M9       0
---------------
       6941


[INFO DRT-0195] Start 1st optimization iteration.
    Completing 10% with 52 violations.
    elapsed time = 00:00:00, memory = 1184.52 (MB).
    Completing 20% with 52 violations.
    elapsed time = 00:00:00, memory = 1184.68 (MB).
    Completing 30% with 52 violations.
    elapsed time = 00:00:00, memory = 1189.25 (MB).
    Completing 40% with 47 violations.
    elapsed time = 00:00:00, memory = 1273.87 (MB).
    Completing 50% with 47 violations.
    elapsed time = 00:00:00, memory = 1290.40 (MB).
    Completing 60% with 47 violations.
    elapsed time = 00:00:00, memory = 1210.11 (MB).
    Completing 70% with 38 violations.
    elapsed time = 00:00:00, memory = 1312.38 (MB).
    Completing 80% with 38 violations.
    elapsed time = 00:00:01, memory = 1275.66 (MB).
    Completing 90% with 23 violations.
    elapsed time = 00:00:01, memory = 1214.82 (MB).
    Completing 100% with 3 violations.
    elapsed time = 00:00:01, memory = 1179.45 (MB).
[INFO DRT-0199]   Number of violations = 3.
Viol/Layer          M2
eolKeepOut           3
[INFO DRT-0267] cpu time = 00:00:05, elapsed time = 00:00:01, memory = 1265.06 (MB), peak = 1311.38 (MB)
Total wire length = 1468 um.
Total wire length on LAYER M1 = 0 um.
Total wire length on LAYER M2 = 372 um.
Total wire length on LAYER M3 = 448 um.
Total wire length on LAYER M4 = 151 um.
Total wire length on LAYER M5 = 93 um.
Total wire length on LAYER M6 = 222 um.
Total wire length on LAYER M7 = 179 um.
Total wire length on LAYER M8 = 0 um.
Total wire length on LAYER M9 = 0 um.
Total wire length on LAYER Pad = 0 um.
Total number of vias = 6606.
Up-via summary (total 6606):

---------------
 Active       0
     M1    2590
     M2    2693
     M3     493
     M4     341
     M5     333
     M6     156
     M7       0
     M8       0
     M9       0
---------------
       6606


[INFO DRT-0195] Start 2nd optimization iteration.
    Completing 10% with 3 violations.
    elapsed time = 00:00:00, memory = 1265.06 (MB).
    Completing 20% with 3 violations.
    elapsed time = 00:00:00, memory = 1265.06 (MB).
    Completing 30% with 3 violations.
    elapsed time = 00:00:00, memory = 1265.06 (MB).
    Completing 40% with 3 violations.
    elapsed time = 00:00:00, memory = 1265.06 (MB).
    Completing 50% with 3 violations.
    elapsed time = 00:00:00, memory = 1265.06 (MB).
    Completing 60% with 3 violations.
    elapsed time = 00:00:00, memory = 1265.06 (MB).
    Completing 70% with 3 violations.
    elapsed time = 00:00:00, memory = 1265.06 (MB).
    Completing 80% with 3 violations.
    elapsed time = 00:00:00, memory = 1265.06 (MB).
    Completing 90% with 3 violations.
    elapsed time = 00:00:00, memory = 1179.45 (MB).
    Completing 100% with 0 violations.
    elapsed time = 00:00:00, memory = 1179.68 (MB).
[INFO DRT-0199]   Number of violations = 0.
[INFO DRT-0267] cpu time = 00:00:00, elapsed time = 00:00:00, memory = 1265.19 (MB), peak = 1311.38 (MB)
Total wire length = 1467 um.
Total wire length on LAYER M1 = 0 um.
Total wire length on LAYER M2 = 373 um.
Total wire length on LAYER M3 = 450 um.
Total wire length on LAYER M4 = 151 um.
Total wire length on LAYER M5 = 92 um.
Total wire length on LAYER M6 = 221 um.
Total wire length on LAYER M7 = 178 um.
Total wire length on LAYER M8 = 0 um.
Total wire length on LAYER M9 = 0 um.
Total wire length on LAYER Pad = 0 um.
Total number of vias = 6593.
Up-via summary (total 6593):

---------------
 Active       0
     M1    2590
     M2    2692
     M3     489
     M4     337
     M5     331
     M6     154
     M7       0
     M8       0
     M9       0
---------------
       6593


[INFO DRT-0198] Complete detail routing.
Total wire length = 1467 um.
Total wire length on LAYER M1 = 0 um.
Total wire length on LAYER M2 = 373 um.
Total wire length on LAYER M3 = 450 um.
Total wire length on LAYER M4 = 151 um.
Total wire length on LAYER M5 = 92 um.
Total wire length on LAYER M6 = 221 um.
Total wire length on LAYER M7 = 178 um.
Total wire length on LAYER M8 = 0 um.
Total wire length on LAYER M9 = 0 um.
Total wire length on LAYER Pad = 0 um.
Total number of vias = 6593.
Up-via summary (total 6593):

---------------
 Active       0
     M1    2590
     M2    2692
     M3     489
     M4     337
     M5     331
     M6     154
     M7       0
     M8       0
     M9       0
---------------
       6593


[INFO DRT-0267] cpu time = 00:00:11, elapsed time = 00:00:04, memory = 1265.25 (MB), peak = 1311.38 (MB)

[INFO DRT-0180] Post processing.
[INFO DRT-0501] Runtime: 5.74s
Took 6 seconds: detailed_route -output_drc /home/matheus-grossi/Projects/CNN/CNN/synth_org/pooling/reports/asap7/pooling/base/5_route_drc.rpt -output_maze /home/matheus-grossi/Projects/CNN/CNN/synth_org/pooling/results/asap7/pooling/base/maze.log -droute_end_iter 64 -verbose 1 -drc_report_iter_step 5
[WARNING GRT-0246] No diode with LEF class CORE ANTENNACELL found.
[INFO ANT-0002] Found 0 net violations.
[INFO ANT-0001] Found 0 pin violations.
[INFO ANT-0002] Found 0 net violations.
[INFO ANT-0001] Found 0 pin violations.
Design area 84 um^2 61% utilization.
write_db /home/matheus-grossi/Projects/CNN/CNN/synth_org/pooling/results/asap7/pooling/base/5_2_route.odb
Elapsed time: 0:07.10[h:]min:sec. CPU time: user 23.91 sys 1.02 (351%). Peak memory: 1342848KB.
Log                       Ext     Elapsed/s Peak Memory/MB sha1sum result [0:20)
5_2_route                 .odb            7           1311 39e4a5cc2dfe4fa77c56
/home/matheus-grossi/OpenROAD/OpenROAD-flow-scripts/flow/scripts/flow.sh 5_3_fillcell fillcell
Running fillcell.tcl, stage 5_3_fillcell
source /home/matheus-grossi/OpenROAD/OpenROAD-flow-scripts/flow/platforms/asap7/liberty_suppressions.tcl
read_liberty /home/matheus-grossi/OpenROAD/OpenROAD-flow-scripts/flow/platforms/asap7/lib/NLDM/asap7sc7p5t_AO_RVT_FF_nldm_211120.lib.gz
read_liberty /home/matheus-grossi/OpenROAD/OpenROAD-flow-scripts/flow/platforms/asap7/lib/NLDM/asap7sc7p5t_INVBUF_RVT_FF_nldm_220122.lib.gz
read_liberty /home/matheus-grossi/OpenROAD/OpenROAD-flow-scripts/flow/platforms/asap7/lib/NLDM/asap7sc7p5t_OA_RVT_FF_nldm_211120.lib.gz
read_liberty /home/matheus-grossi/OpenROAD/OpenROAD-flow-scripts/flow/platforms/asap7/lib/NLDM/asap7sc7p5t_SIMPLE_RVT_FF_nldm_211120.lib.gz
read_liberty /home/matheus-grossi/OpenROAD/OpenROAD-flow-scripts/flow/platforms/asap7/lib/NLDM/asap7sc7p5t_SEQ_RVT_FF_nldm_220123.lib
read_db /home/matheus-grossi/Projects/CNN/CNN/synth_org/pooling/results/asap7/pooling/base/5_2_route.odb
read_sdc /home/matheus-grossi/Projects/CNN/CNN/synth_org/pooling/results/asap7/pooling/base/5_1_grt.sdc
source /home/matheus-grossi/OpenROAD/OpenROAD-flow-scripts/flow/platforms/asap7/setRC.tcl
[WARNING STA-0450] virtual clock virtual_clk can not be propagated.
filler_placement "FILLERxp5_ASAP7_75t_R FILLER_ASAP7_75t_R DECAPx1_ASAP7_75t_R DECAPx2_ASAP7_75t_R DECAPx4_ASAP7_75t_R DECAPx6_ASAP7_75t_R DECAPx10_ASAP7_75t_R"
[INFO DPL-0001] Placed 764 filler instances.
Design area 84 um^2 61% utilization.
write_db /home/matheus-grossi/Projects/CNN/CNN/synth_org/pooling/results/asap7/pooling/base/5_3_fillcell.odb
Elapsed time: 0:01.15[h:]min:sec. CPU time: user 1.06 sys 0.09 (100%). Peak memory: 201900KB.
Log                       Ext     Elapsed/s Peak Memory/MB sha1sum result [0:20)
5_3_fillcell              .odb            1            197 b08db717864438fd94fa
cp /home/matheus-grossi/Projects/CNN/CNN/synth_org/pooling/results/asap7/pooling/base/5_3_fillcell.odb /home/matheus-grossi/Projects/CNN/CNN/synth_org/pooling/results/asap7/pooling/base/5_route.odb
cp /home/matheus-grossi/Projects/CNN/CNN/synth_org/pooling/results/asap7/pooling/base/5_1_grt.sdc /home/matheus-grossi/Projects/CNN/CNN/synth_org/pooling/results/asap7/pooling/base/5_route.sdc
/home/matheus-grossi/OpenROAD/OpenROAD-flow-scripts/flow/scripts/flow.sh 6_1_fill density_fill
Running density_fill.tcl, stage 6_1_fill
source /home/matheus-grossi/OpenROAD/OpenROAD-flow-scripts/flow/platforms/asap7/liberty_suppressions.tcl
read_liberty /home/matheus-grossi/OpenROAD/OpenROAD-flow-scripts/flow/platforms/asap7/lib/NLDM/asap7sc7p5t_AO_RVT_FF_nldm_211120.lib.gz
read_liberty /home/matheus-grossi/OpenROAD/OpenROAD-flow-scripts/flow/platforms/asap7/lib/NLDM/asap7sc7p5t_INVBUF_RVT_FF_nldm_220122.lib.gz
read_liberty /home/matheus-grossi/OpenROAD/OpenROAD-flow-scripts/flow/platforms/asap7/lib/NLDM/asap7sc7p5t_OA_RVT_FF_nldm_211120.lib.gz
read_liberty /home/matheus-grossi/OpenROAD/OpenROAD-flow-scripts/flow/platforms/asap7/lib/NLDM/asap7sc7p5t_SIMPLE_RVT_FF_nldm_211120.lib.gz
read_liberty /home/matheus-grossi/OpenROAD/OpenROAD-flow-scripts/flow/platforms/asap7/lib/NLDM/asap7sc7p5t_SEQ_RVT_FF_nldm_220123.lib
read_db /home/matheus-grossi/Projects/CNN/CNN/synth_org/pooling/results/asap7/pooling/base/5_route.odb
read_sdc /home/matheus-grossi/Projects/CNN/CNN/synth_org/pooling/results/asap7/pooling/base/5_route.sdc
source /home/matheus-grossi/OpenROAD/OpenROAD-flow-scripts/flow/platforms/asap7/setRC.tcl
exec cp /home/matheus-grossi/Projects/CNN/CNN/synth_org/pooling/results/asap7/pooling/base/5_route.odb /home/matheus-grossi/Projects/CNN/CNN/synth_org/pooling/results/asap7/pooling/base/6_1_fill.odb
Elapsed time: 0:01.15[h:]min:sec. CPU time: user 1.06 sys 0.09 (100%). Peak memory: 198828KB.
Log                       Ext     Elapsed/s Peak Memory/MB sha1sum result [0:20)
6_1_fill                  .odb            1            194 b08db717864438fd94fa
cp /home/matheus-grossi/Projects/CNN/CNN/synth_org/pooling/results/asap7/pooling/base/5_route.sdc /home/matheus-grossi/Projects/CNN/CNN/synth_org/pooling/results/asap7/pooling/base/6_1_fill.sdc
/home/matheus-grossi/OpenROAD/OpenROAD-flow-scripts/flow/scripts/flow.sh 6_report final_report
Running final_report.tcl, stage 6_report
source /home/matheus-grossi/OpenROAD/OpenROAD-flow-scripts/flow/platforms/asap7/liberty_suppressions.tcl
read_liberty /home/matheus-grossi/OpenROAD/OpenROAD-flow-scripts/flow/platforms/asap7/lib/NLDM/asap7sc7p5t_AO_RVT_FF_nldm_211120.lib.gz
read_liberty /home/matheus-grossi/OpenROAD/OpenROAD-flow-scripts/flow/platforms/asap7/lib/NLDM/asap7sc7p5t_INVBUF_RVT_FF_nldm_220122.lib.gz
read_liberty /home/matheus-grossi/OpenROAD/OpenROAD-flow-scripts/flow/platforms/asap7/lib/NLDM/asap7sc7p5t_OA_RVT_FF_nldm_211120.lib.gz
read_liberty /home/matheus-grossi/OpenROAD/OpenROAD-flow-scripts/flow/platforms/asap7/lib/NLDM/asap7sc7p5t_SIMPLE_RVT_FF_nldm_211120.lib.gz
read_liberty /home/matheus-grossi/OpenROAD/OpenROAD-flow-scripts/flow/platforms/asap7/lib/NLDM/asap7sc7p5t_SEQ_RVT_FF_nldm_220123.lib
read_db /home/matheus-grossi/Projects/CNN/CNN/synth_org/pooling/results/asap7/pooling/base/6_1_fill.odb
read_sdc /home/matheus-grossi/Projects/CNN/CNN/synth_org/pooling/results/asap7/pooling/base/6_1_fill.sdc
source /home/matheus-grossi/OpenROAD/OpenROAD-flow-scripts/flow/platforms/asap7/setRC.tcl
[WARNING STA-0450] virtual clock virtual_clk can not be propagated.
write_db /home/matheus-grossi/Projects/CNN/CNN/synth_org/pooling/results/asap7/pooling/base/6_final.odb
write_sdc -no_timestamp /home/matheus-grossi/Projects/CNN/CNN/synth_org/pooling/results/asap7/pooling/base/6_final.sdc
Deleted 0 routing obstructions
Global output passed lec test
[INFO RCX-0431] Defined process_corner X with ext_model_index 0
[INFO RCX-0029] Defined extraction corner X
[INFO RCX-0435] Reading extraction model file /home/matheus-grossi/OpenROAD/OpenROAD-flow-scripts/flow/platforms/asap7/rcx_patterns.rules ...
[INFO RCX-0436] RC segment generation MaxPooling (max_merge_res 50.0) ...
[INFO RCX-0040] Final 4182 rc segments
[INFO RCX-0439] Coupling Cap extraction MaxPooling ...
[INFO RCX-0440] Coupling threshhold is 0.1000 fF, coupling capacitance less than 0.1000 fF will be grounded.
[INFO RCX-0442] 54% of 4766 wires extracted
[INFO RCX-0442] 100% of 4766 wires extracted
[INFO RCX-0045] Extract 1114 nets, 5272 rsegs, 5272 caps, 4172 ccs
[INFO RCX-0443] 1114 nets finished
[INFO PSM-0040] All shapes on net VDD are connected.
########## IR report #################
Net              : VDD
Corner           : default
Total power      : 2.63e-02 W
Supply voltage   : 7.70e-01 V
Worstcase voltage: 6.81e-01 V
Average voltage  : 7.27e-01 V
Average IR drop  : 4.31e-02 V
Worstcase IR drop: 8.87e-02 V
Percentage drop  : 11.52 %
######################################
[INFO PSM-0040] All shapes on net VSS are connected.
########## IR report #################
Net              : VSS
Corner           : default
Total power      : 2.63e-02 W
Supply voltage   : 0.00e+00 V
Worstcase voltage: 7.92e-02 V
Average voltage  : 2.78e-02 V
Average IR drop  : 2.78e-02 V
Worstcase IR drop: 7.92e-02 V
Percentage drop  : 10.28 %
######################################
Cell type report:                       Count       Area
  Fill cell                               764      52.65
  Tap cell                                 86       2.51
  Timing Repair Buffer                    285      24.80
  Inverter                                110       5.32
  Multi-Input combinational cell          483      51.39
  Total                                  1728     136.67
Report metrics stage 6, finish...
No registers in design

==========================================================================
finish report_design_area
--------------------------------------------------------------------------
Design area 84 um^2 61% utilization.
[WARNING GUI-0076] Could not find the Qt platform plugin "wayland" in ""
Elapsed time: 0:03.40[h:]min:sec. CPU time: user 3.23 sys 0.29 (103%). Peak memory: 337292KB.
Log                       Ext     Elapsed/s Peak Memory/MB sha1sum result [0:20)
6_report                                  3            329                  N/A
cp /home/matheus-grossi/OpenROAD/OpenROAD-flow-scripts/flow/platforms/asap7/lef/asap7_tech_1x_201209.lef /home/matheus-grossi/Projects/CNN/CNN/synth_org/pooling/objects/asap7/pooling/base/klayout_tech.lef
/usr/bin/python3 /home/matheus-grossi/OpenROAD/OpenROAD-flow-scripts/flow/util/generate_klayout_tech.py \
	--template /home/matheus-grossi/OpenROAD/OpenROAD-flow-scripts/flow/platforms/asap7/KLayout/asap7.lyt \
	--output /home/matheus-grossi/Projects/CNN/CNN/synth_org/pooling/objects/asap7/pooling/base/klayout.lyt \
	--lef-files /home/matheus-grossi/Projects/CNN/CNN/synth_org/pooling/objects/asap7/pooling/base/klayout_tech.lef /home/matheus-grossi/OpenROAD/OpenROAD-flow-scripts/flow/platforms/asap7/lef/asap7sc7p5t_28_R_1x_220121a.lef   \
	--map-files 
/usr/bin/python3 /home/matheus-grossi/OpenROAD/OpenROAD-flow-scripts/flow/scripts/run_command.py --log /home/matheus-grossi/Projects/CNN/CNN/synth_org/pooling/logs/asap7/pooling/base/6_1_merge.log --tee -- \
        /home/matheus-grossi/OpenROAD/OpenROAD-flow-scripts/flow/scripts/klayout.sh -zz -rd design_name=MaxPooling \
        -rd in_def=/home/matheus-grossi/Projects/CNN/CNN/synth_org/pooling/results/asap7/pooling/base/6_final.def \
        -rd in_files="/home/matheus-grossi/OpenROAD/OpenROAD-flow-scripts/flow/platforms/asap7/gds/asap7sc7p5t_28_R_220121a.gds  " \
        -rd seal_file="" \
        -rd out_file=/home/matheus-grossi/Projects/CNN/CNN/synth_org/pooling/results/asap7/pooling/base/6_1_merged.gds \
        -rd tech_file=/home/matheus-grossi/Projects/CNN/CNN/synth_org/pooling/objects/asap7/pooling/base/klayout.lyt \
        -rd layer_map= \
        -r /home/matheus-grossi/OpenROAD/OpenROAD-flow-scripts/flow/util/def2stream.py
KLayout 0.30.0
Warning: DEF UNITS does not match reader DBU (DEF UNITS is 1000 and corresponds to a DBU of 0.001, but reader DBU is set to 0.00025) (line=5, cell=, file=6_final.def)
[INFO] Reporting cells prior to loading DEF ...
	/home/matheus-grossi/OpenROAD/OpenROAD-flow-scripts/flow/platforms/asap7/gds/asap7sc7p5t_28_R_220121a.gds
[INFO] GDS_ALLOW_EMPTY=fakeram.*
[INFO] All LEF cells have matching GDS/OAS cells
[INFO] No orphan cells in the final layout
Elapsed time: 0:01.31[h:]min:sec. CPU time: user 1.12 sys 0.19 (99%). Peak memory: 401028KB.
cp /home/matheus-grossi/Projects/CNN/CNN/synth_org/pooling/results/asap7/pooling/base/6_1_merged.gds /home/matheus-grossi/Projects/CNN/CNN/synth_org/pooling/results/asap7/pooling/base/6_final.gds
No elapsed time found in /home/matheus-grossi/Projects/CNN/CNN/synth_org/pooling/logs/asap7/pooling/base/6_final_lec_check.log
/home/matheus-grossi/Projects/CNN/CNN/synth_org/pooling/logs/asap7/pooling/base
Log                       Ext     Elapsed/s Peak Memory/MB sha1sum result [0:20)
1_1_yosys_canonicalize    .rtlil          0             86 1feb979c845e9be68a54
1_2_yosys                 .v              1            149 b301a827817a3d89a0c3
1_2_yosys                 .sdc                             29d3cfb4f247b03bbc12
1_synth                   .odb            1            195 3c01c2a0ab35e4391810
1_synth                   .sdc                             d92a38ce241bac97179e
2_1_floorplan             .odb            1            213 ae70060a9e2b8b958d75
2_1_floorplan             .sdc                             d92a38ce241bac97179e
2_2_floorplan_macro       .odb            1            192 ae70060a9e2b8b958d75
2_3_floorplan_tapcell     .odb            1            192 2f289d278ad5b4728447
2_4_floorplan_pdn         .odb            1            194 8df742057d3625711c92
3_1_place_gp_skip_io      .odb            1            194 76babb66d772c8539664
3_2_place_iop             .odb            1            193 3dde4a796804ada59f97
3_3_place_gp              .odb            1            325 113c93835fbfd25af8f4
3_4_place_resized         .odb            1            213 113c93835fbfd25af8f4
3_5_place_dp              .odb            1            200 8bb407d99d8106a2ea39
4_1_cts                   .odb            4            229 67dd786b36f2c45123db
5_1_grt                   .odb            4            350 9044e2db205ce54e3bee
5_1_grt                   .sdc                             d92a38ce241bac97179e
5_2_route                 .odb            7           1311 39e4a5cc2dfe4fa77c56
5_3_fillcell              .odb            1            197 b08db717864438fd94fa
6_1_fill                  .odb            1            194 b08db717864438fd94fa
6_1_fill                  .sdc                             d92a38ce241bac97179e
6_1_merge                                 1            391                  N/A
6_report                                  3            329                  N/A
Total                                    32           1311                     

Fluxo concluído.
GDS gerado:
-rw-rw-r-- 1 matheus-grossi matheus-grossi 1.1M Sep 21 17:02 /home/matheus-grossi/Projects/CNN/CNN/synth_org/pooling/results/asap7/pooling/base/6_final.gds
