OpenROAD 26Q3-2056-g41a28926b9 
Features included (+) or not (-): +GPU +GUI +Python
This program is licensed under the BSD-3 license. See the LICENSE file for details.
Components of this program may be licensed under more restrictive licenses which must be honored.
[INFO ORD-0030] Using 12 thread(s).
source /home/matheus-grossi/OpenROAD/OpenROAD-flow-scripts/flow/platforms/asap7/liberty_suppressions.tcl
read_liberty /home/matheus-grossi/OpenROAD/OpenROAD-flow-scripts/flow/platforms/asap7/lib/NLDM/asap7sc7p5t_AO_RVT_FF_nldm_211120.lib.gz
read_liberty /home/matheus-grossi/OpenROAD/OpenROAD-flow-scripts/flow/platforms/asap7/lib/NLDM/asap7sc7p5t_INVBUF_RVT_FF_nldm_220122.lib.gz
read_liberty /home/matheus-grossi/OpenROAD/OpenROAD-flow-scripts/flow/platforms/asap7/lib/NLDM/asap7sc7p5t_OA_RVT_FF_nldm_211120.lib.gz
read_liberty /home/matheus-grossi/OpenROAD/OpenROAD-flow-scripts/flow/platforms/asap7/lib/NLDM/asap7sc7p5t_SIMPLE_RVT_FF_nldm_211120.lib.gz
read_liberty /home/matheus-grossi/OpenROAD/OpenROAD-flow-scripts/flow/platforms/asap7/lib/NLDM/asap7sc7p5t_SEQ_RVT_FF_nldm_220123.lib
read_db /home/matheus-grossi/Projects/CNN/CNN/synth_org/convolution/results/asap7/convolution/base/4_cts.odb
read_sdc /home/matheus-grossi/Projects/CNN/CNN/synth_org/convolution/results/asap7/convolution/base/4_cts.sdc
source /home/matheus-grossi/OpenROAD/OpenROAD-flow-scripts/flow/platforms/asap7/setRC.tcl
pin_access
[INFO DRT-0149] Reading tech and libs.

Units:                1000
Number of layers:     21
Number of macros:     212
Number of vias:       14
Number of viarulegen: 11

[INFO DRT-0150] Reading design.

Design:                   ConvLayer
Die area:                 ( 0 0 ) ( 272093 272093 )
Number of track patterns: 32
Number of DEF vias:       0
Number of components:     270221
Number of terminals:      4736
Number of snets:          2
Number of nets:           299352

[INFO DRT-0167] List of default vias:
  Layer V2
    default via: VIA23
  Layer V3
    default via: VIA34
  Layer V4
    default via: VIA45
  Layer V5
    default via: VIA56
  Layer V6
    default via: VIA67
  Layer V7
    default via: VIA78
  Layer V8
    default via: VIA89
  Layer V9
    default via: VIA9Pad
[INFO DRT-0162] Library cell analysis.
[INFO DRT-0163] Instance analysis.
  Complete 100000 instances.
  Complete 200000 instances.
[INFO DRT-0164] Number of unique instances = 269.
[INFO DRT-0168] Init region query.
[INFO DRT-0018]   Complete 100000 insts.
[INFO DRT-0018]   Complete 200000 insts.
[INFO DRT-0024]   Complete Active.
[INFO DRT-0024]   Complete V0.
[INFO DRT-0024]   Complete M1.
[INFO DRT-0024]   Complete V1.
[INFO DRT-0024]   Complete M2.
[INFO DRT-0024]   Complete V2.
[INFO DRT-0024]   Complete M3.
[INFO DRT-0024]   Complete V3.
[INFO DRT-0024]   Complete M4.
[INFO DRT-0024]   Complete V4.
[INFO DRT-0024]   Complete M5.
[INFO DRT-0024]   Complete V5.
[INFO DRT-0024]   Complete M6.
[INFO DRT-0024]   Complete V6.
[INFO DRT-0024]   Complete M7.
[INFO DRT-0024]   Complete V7.
[INFO DRT-0024]   Complete M8.
[INFO DRT-0024]   Complete V8.
[INFO DRT-0024]   Complete M9.
[INFO DRT-0024]   Complete V9.
[INFO DRT-0024]   Complete Pad.
[INFO DRT-0033] Active shape region query size = 0.
[INFO DRT-0033] V0 shape region query size = 0.
[INFO DRT-0033] M1 shape region query size = 4412238.
[INFO DRT-0033] V1 shape region query size = 7752936.
[INFO DRT-0033] M2 shape region query size = 178452.
[INFO DRT-0033] V2 shape region query size = 148950.
[INFO DRT-0033] M3 shape region query size = 148950.
[INFO DRT-0033] V3 shape region query size = 99300.
[INFO DRT-0033] M4 shape region query size = 101805.
[INFO DRT-0033] V4 shape region query size = 99300.
[INFO DRT-0033] M5 shape region query size = 56979.
[INFO DRT-0033] V5 shape region query size = 10000.
[INFO DRT-0033] M6 shape region query size = 5200.
[INFO DRT-0033] V6 shape region query size = 0.
[INFO DRT-0033] M7 shape region query size = 0.
[INFO DRT-0033] V7 shape region query size = 0.
[INFO DRT-0033] M8 shape region query size = 0.
[INFO DRT-0033] V8 shape region query size = 0.
[INFO DRT-0033] M9 shape region query size = 0.
[INFO DRT-0033] V9 shape region query size = 0.
[INFO DRT-0033] Pad shape region query size = 0.
[INFO DRT-0165] Start pin access.
[INFO DRT-0076]   Complete 1000 pins.
[INFO DRT-0078]   Complete 1516 pins.
[INFO DRT-0079]   Complete 100 unique inst patterns.
[INFO DRT-0079]   Complete 200 unique inst patterns.
[INFO DRT-0081]   Complete 269 unique inst patterns.
[INFO DRT-0082]   Complete 10000 groups.
[INFO DRT-0082]   Complete 20000 groups.
[INFO DRT-0082]   Complete 30000 groups.
[INFO DRT-0082]   Complete 40000 groups.
[INFO DRT-0082]   Complete 50000 groups.
[INFO DRT-0082]   Complete 60000 groups.
[INFO DRT-0082]   Complete 70000 groups.
[INFO DRT-0082]   Complete 80000 groups.
[INFO DRT-0082]   Complete 90000 groups.
[INFO DRT-0082]   Complete 100000 groups.
[INFO DRT-0084]   Complete 172810 groups.
#scanned instances     = 270221
#unique  instances     = 269
#stdCellGenAp          = 7871
#stdCellValidPlanarAp  = 67
#stdCellValidViaAp     = 6323
#stdCellPinNoAp        = 0
#stdCellPinCnt         = 874510
#instTermValidViaApCnt = 0
#macroGenAp            = 0
#macroValidPlanarAp    = 0
#macroValidViaAp       = 0
#macroNoAp             = 0
[INFO DRT-0166] Complete pin access.
[INFO DRT-0267] cpu time = 00:59:21, elapsed time = 00:05:15, memory = 1388.77 (MB), peak = 1622.52 (MB)
Took 319 seconds: pin_access
global_route -congestion_report_file /home/matheus-grossi/Projects/CNN/CNN/synth_org/convolution/reports/asap7/convolution/base/congestion.rpt -congestion_iterations 30 -congestion_report_iter_step 5 -verbose -resistance_aware
[INFO GRT-0020] Min routing layer: M2
[INFO GRT-0021] Max routing layer: M7
[INFO GRT-0022] Global adjustment: 0%
[INFO GRT-0023] Grid origin: (0, 0)
[INFO GRT-0088] Layer M1      Track-Pitch = 0.0360  line-2-Via Pitch: 0.0360
[INFO GRT-0088] Layer M2      Track-Pitch = 0.0390  line-2-Via Pitch: 0.0360
[INFO GRT-0088] Layer M3      Track-Pitch = 0.0360  line-2-Via Pitch: 0.0360
[INFO GRT-0088] Layer M4      Track-Pitch = 0.0480  line-2-Via Pitch: 0.0480
[INFO GRT-0088] Layer M5      Track-Pitch = 0.0480  line-2-Via Pitch: 0.0480
[INFO GRT-0088] Layer M6      Track-Pitch = 0.0640  line-2-Via Pitch: 0.0640
[INFO GRT-0088] Layer M7      Track-Pitch = 0.0640  line-2-Via Pitch: 0.0640
[INFO GRT-0003] Macros: 0
[INFO GRT-0004] Blockages: 49230
[INFO GRT-0019] Found 995 clock nets.
[INFO GRT-0001] Minimum degree: 2
[INFO GRT-0002] Maximum degree: 51

[INFO GRT-0053] Routing resources analysis:
          Routing      Original      Derated      Resource
Layer     Direction    Resources     Resources    Reduction (%)
---------------------------------------------------------------
M1         Vertical            0             0          0.00%
M2         Horizontal    2978405       2119786          28.83%
M3         Vertical      3467735       2579263          25.62%
M4         Horizontal    2662740       1981108          25.60%
M5         Vertical      2569978       1908091          25.75%
M6         Horizontal    1786126       1210514          32.23%
M7         Vertical      2023476       1363264          32.63%
---------------------------------------------------------------

[INFO GRT-0101] Running extra iterations to remove congestion.
[INFO GRT-0102] Start extra iteration 1/30
[INFO GRT-0197] Via related to pin nodes: 1543537
[INFO GRT-0198] Via related Steiner nodes: 39067
[INFO GRT-0199] Via filling finished.
[INFO GRT-0111] Final number of vias: 2031045
[INFO GRT-0112] Final usage 3D: 8540647

[INFO GRT-0096] Final congestion report:
Layer         Resource        Demand        Usage (%)    Max H / Max V / Total Congestion
---------------------------------------------------------------------------------------
M1                   0             0            0.00%             0 /  0 /  0
M2             2119786        831552           39.23%             0 /  0 /  0
M3             2579263        985565           38.21%             0 /  0 /  0
M4             1981108        368008           18.58%             0 /  0 /  0
M5             1908091        219514           11.50%             0 /  0 /  0
M6             1210514         26705            2.21%             0 /  0 /  0
M7             1363264         16168            1.19%             0 /  0 /  0
---------------------------------------------------------------------------------------
Total         11162026       2447512           21.93%             0 /  0 /  0

[INFO GRT-0018] Total wirelength: 1773386 um
[INFO GRT-0014] Routed nets: 298387
[INFO GRT-0303] Global routing runtime = 00:01:43
Took 104 seconds: global_route -congestion_report_file /home/matheus-grossi/Projects/CNN/CNN/synth_org/convolution/reports/asap7/convolution/base/congestion.rpt -congestion_iterations 30 -congestion_report_iter_step 5 -verbose -resistance_aware
estimate_parasitics -global_routing
Took 9 seconds: estimate_parasitics -global_routing
Perform buffer insertion and gate resizing...
repair_design -verbose
Iteration |   Area    | Resized | Buffers | Nets repaired | Remaining
---------------------------------------------------------------------
        0 |     +0.0% |       0 |       0 |             0 |    300165
     1000 |     +0.0% |       0 |       0 |             0 |    299165
     2000 |     +0.0% |       0 |       0 |             0 |    298165
     3000 |     +0.0% |       0 |       0 |             0 |    297165
     4000 |     +0.0% |       0 |       0 |             0 |    296165
     5000 |     +0.0% |       0 |       0 |             0 |    295165
     6000 |     +0.0% |       0 |       0 |             0 |    294165
     7000 |     +0.0% |       0 |       0 |             0 |    293165
     8000 |     +0.0% |       0 |       0 |             0 |    292165
     9000 |     +0.0% |       0 |       0 |             0 |    291165
    10000 |     +0.0% |       0 |       0 |             0 |    290165
    11000 |     +0.0% |       0 |       0 |             0 |    289165
    12000 |     +0.0% |       0 |       0 |             0 |    288165
    13000 |     +0.0% |       0 |       0 |             0 |    287165
    14000 |     +0.0% |       0 |       0 |             0 |    286165
    15000 |     +0.0% |       0 |       0 |             0 |    285165
    16000 |     +0.0% |       0 |       0 |             0 |    284165
    17000 |     +0.0% |       0 |       0 |             0 |    283165
    18000 |     +0.0% |       0 |       0 |             0 |    282165
    19000 |     +0.0% |       0 |       0 |             0 |    281165
    20000 |     +0.0% |       0 |       0 |             0 |    280165
    21000 |     +0.0% |       0 |       0 |             0 |    279165
    22000 |     +0.0% |       0 |       0 |             0 |    278165
    23000 |     +0.0% |       0 |       0 |             0 |    277165
    24000 |     +0.0% |       0 |       0 |             0 |    276165
    25000 |     +0.0% |       0 |       0 |             0 |    275165
    26000 |     +0.0% |       0 |       0 |             0 |    274165
    27000 |     +0.0% |       0 |       0 |             0 |    273165
    28000 |     +0.0% |       0 |       0 |             0 |    272165
    29000 |     +0.0% |       0 |       0 |             0 |    271165
    30000 |     +0.0% |       0 |       0 |             0 |    270165
    31000 |     +0.0% |       0 |       0 |             0 |    269165
    32000 |     +0.0% |       0 |       0 |             0 |    268165
    33000 |     +0.0% |       0 |       0 |             0 |    267165
    34000 |     +0.0% |       0 |       0 |             0 |    266165
    35000 |     +0.0% |       0 |       0 |             0 |    265165
    36000 |     +0.0% |       0 |       0 |             0 |    264165
    37000 |     +0.0% |       0 |       0 |             0 |    263165
    38000 |     +0.0% |       0 |       0 |             0 |    262165
    39000 |     +0.0% |       0 |       0 |             0 |    261165
    40000 |     +0.0% |       0 |       0 |             0 |    260165
    41000 |     +0.0% |       0 |       0 |             0 |    259165
    42000 |     +0.0% |       0 |       0 |             0 |    258165
    43000 |     +0.0% |       0 |       0 |             0 |    257165
    44000 |     +0.0% |       0 |       0 |             0 |    256165
    45000 |     +0.0% |       0 |       0 |             0 |    255165
    46000 |     +0.0% |       0 |       0 |             0 |    254165
    47000 |     +0.0% |       0 |       0 |             0 |    253165
    48000 |     +0.0% |       0 |       0 |             0 |    252165
    49000 |     +0.0% |       0 |       0 |             0 |    251165
    50000 |     +0.0% |       0 |       0 |             0 |    250165
    51000 |     +0.0% |       0 |       0 |             0 |    249165
    52000 |     +0.0% |       0 |       0 |             0 |    248165
    53000 |     +0.0% |       0 |       0 |             0 |    247165
    54000 |     +0.0% |       0 |       0 |             0 |    246165
    55000 |     +0.0% |       0 |       0 |             0 |    245165
    56000 |     +0.0% |       0 |       0 |             0 |    244165
    57000 |     +0.0% |       0 |       0 |             0 |    243165
    58000 |     +0.0% |       0 |       0 |             0 |    242165
    59000 |     +0.0% |       0 |       0 |             0 |    241165
    60000 |     +0.0% |       0 |       0 |             0 |    240165
    61000 |     +0.0% |       0 |       0 |             0 |    239165
    62000 |     +0.0% |       0 |       0 |             0 |    238165
    63000 |     +0.0% |       0 |       0 |             0 |    237165
    64000 |     +0.0% |       0 |       0 |             0 |    236165
    65000 |     +0.0% |       0 |       0 |             0 |    235165
    66000 |     +0.0% |       0 |       0 |             0 |    234165
    67000 |     +0.0% |       0 |       0 |             0 |    233165
    68000 |     +0.0% |       0 |       0 |             0 |    232165
    69000 |     +0.0% |       0 |       0 |             0 |    231165
    70000 |     +0.0% |       0 |       0 |             0 |    230165
    71000 |     +0.0% |       0 |       0 |             0 |    229165
    72000 |     +0.0% |       0 |       0 |             0 |    228165
    73000 |     +0.0% |       0 |       0 |             0 |    227165
    74000 |     +0.0% |       0 |       0 |             0 |    226165
    75000 |     +0.0% |       0 |       0 |             0 |    225165
    76000 |     +0.0% |       0 |       0 |             0 |    224165
    77000 |     +0.0% |       0 |       0 |             0 |    223165
    78000 |     +0.0% |       0 |       0 |             0 |    222165
    79000 |     +0.0% |       0 |       0 |             0 |    221165
    80000 |     +0.0% |       0 |       0 |             0 |    220165
    81000 |     +0.0% |       0 |       0 |             0 |    219165
    82000 |     +0.0% |       0 |       0 |             0 |    218165
    83000 |     +0.0% |       0 |       0 |             0 |    217165
    84000 |     +0.0% |       0 |       0 |             0 |    216165
    85000 |     +0.0% |       0 |       0 |             0 |    215165
    86000 |     +0.0% |       0 |       0 |             0 |    214165
    87000 |     +0.0% |       0 |       0 |             0 |    213165
    88000 |     +0.0% |       0 |       0 |             0 |    212165
    89000 |     +0.0% |       0 |       0 |             0 |    211165
    90000 |     +0.0% |       0 |       0 |             0 |    210165
    91000 |     +0.0% |       0 |       0 |             0 |    209165
    92000 |     +0.0% |       0 |       0 |             0 |    208165
    93000 |     +0.0% |       0 |       0 |             0 |    207165
    94000 |     +0.0% |       0 |       0 |             0 |    206165
    95000 |     +0.0% |       0 |       0 |             0 |    205165
    96000 |     +0.0% |       0 |       0 |             0 |    204165
    97000 |     +0.0% |       0 |       0 |             0 |    203165
    98000 |     +0.0% |       0 |       0 |             0 |    202165
    99000 |     +0.0% |       0 |       0 |             0 |    201165
   100000 |     +0.0% |       0 |       0 |             0 |    200165
   101000 |     +0.0% |       0 |       0 |             0 |    199165
   102000 |     +0.0% |       0 |       0 |             0 |    198165
   103000 |     +0.0% |       0 |       0 |             0 |    197165
   104000 |     +0.0% |       0 |       0 |             0 |    196165
   105000 |     +0.0% |       0 |       0 |             0 |    195165
   106000 |     +0.0% |       0 |       0 |             0 |    194165
   107000 |     +0.0% |       0 |       0 |             0 |    193165
   108000 |     +0.0% |       0 |       0 |             0 |    192165
   109000 |     +0.0% |       0 |       3 |             3 |    191165
   110000 |     +0.0% |       0 |       3 |             3 |    190165
   111000 |     +0.0% |       0 |       3 |             3 |    189165
   112000 |     +0.0% |       0 |       3 |             3 |    188165
   113000 |     +0.0% |       0 |       3 |             3 |    187165
   114000 |     +0.0% |       0 |       3 |             3 |    186165
   115000 |     +0.0% |       0 |       3 |             3 |    185165
   116000 |     +0.0% |       0 |       3 |             3 |    184165
   117000 |     +0.0% |       0 |       3 |             3 |    183165
   118000 |     +0.0% |       0 |       3 |             3 |    182165
   119000 |     +0.0% |       0 |       3 |             3 |    181165
   120000 |     +0.0% |       0 |       3 |             3 |    180165
   121000 |     +0.0% |       0 |       3 |             3 |    179165
   122000 |     +0.0% |       0 |       3 |             3 |    178165
   123000 |     +0.0% |       0 |       3 |             3 |    177165
   124000 |     +0.0% |       0 |       4 |             4 |    176165
   125000 |     +0.0% |       0 |       9 |             9 |    175165
   126000 |     +0.0% |       0 |      10 |            10 |    174165
   127000 |     +0.0% |       0 |      10 |            10 |    173165
   128000 |     +0.0% |       0 |      10 |            10 |    172165
   129000 |     +0.0% |       0 |      10 |            10 |    171165
   130000 |     +0.0% |       0 |      10 |            10 |    170165
   131000 |     +0.0% |       0 |      10 |            10 |    169165
   132000 |     +0.0% |       0 |      10 |            10 |    168165
   133000 |     +0.0% |       0 |      10 |            10 |    167165
   134000 |     +0.0% |       0 |      10 |            10 |    166165
   135000 |     +0.0% |       0 |      10 |            10 |    165165
   136000 |     +0.0% |       0 |      10 |            10 |    164165
   137000 |     +0.0% |       0 |      10 |            10 |    163165
   138000 |     +0.0% |       0 |      10 |            10 |    162165
   139000 |     +0.0% |       0 |      10 |            10 |    161165
   140000 |     +0.0% |       0 |      10 |            10 |    160165
   141000 |     +0.0% |       0 |      10 |            10 |    159165
   142000 |     +0.0% |       0 |      10 |            10 |    158165
   143000 |     +0.0% |       0 |      10 |            10 |    157165
   144000 |     +0.0% |       0 |      10 |            10 |    156165
   145000 |     +0.0% |       0 |      10 |            10 |    155165
   146000 |     +0.0% |       0 |      10 |            10 |    154165
   147000 |     +0.0% |       0 |      10 |            10 |    153165
   148000 |     +0.0% |       0 |      10 |            10 |    152165
   149000 |     +0.0% |       0 |      10 |            10 |    151165
   150000 |     +0.0% |       0 |      10 |            10 |    150165
   151000 |     +0.0% |       0 |      10 |            10 |    149165
   152000 |     +0.0% |       0 |      10 |            10 |    148165
   153000 |     +0.0% |       0 |      10 |            10 |    147165
   154000 |     +0.0% |       0 |      10 |            10 |    146165
   155000 |     +0.0% |       0 |      10 |            10 |    145165
   156000 |     +0.0% |       0 |      10 |            10 |    144165
   157000 |     +0.0% |       0 |      10 |            10 |    143165
   158000 |     +0.0% |       0 |      10 |            10 |    142165
   159000 |     +0.0% |       0 |      10 |            10 |    141165
   160000 |     +0.0% |       0 |      10 |            10 |    140165
   161000 |     +0.0% |       0 |      10 |            10 |    139165
   162000 |     +0.0% |       0 |      10 |            10 |    138165
   163000 |     +0.0% |       0 |      10 |            10 |    137165
   164000 |     +0.0% |       0 |      10 |            10 |    136165
   165000 |     +0.0% |       0 |      10 |            10 |    135165
   166000 |     +0.0% |       0 |      10 |            10 |    134165
   167000 |     +0.0% |       0 |      10 |            10 |    133165
   168000 |     +0.0% |       0 |      10 |            10 |    132165
   169000 |     +0.0% |       0 |      10 |            10 |    131165
   170000 |     +0.0% |       0 |      10 |            10 |    130165
   171000 |     +0.0% |       0 |      10 |            10 |    129165
   172000 |     +0.0% |       0 |      10 |            10 |    128165
   173000 |     +0.0% |       0 |      10 |            10 |    127165
   174000 |     +0.0% |       0 |      10 |            10 |    126165
   175000 |     +0.0% |       0 |      10 |            10 |    125165
   176000 |     +0.0% |       0 |      10 |            10 |    124165
   177000 |     +0.0% |       0 |      10 |            10 |    123165
   178000 |     +0.0% |       0 |      10 |            10 |    122165
   179000 |     +0.0% |       0 |      10 |            10 |    121165
   180000 |     +0.0% |       0 |      10 |            10 |    120165
   181000 |     +0.0% |       0 |      10 |            10 |    119165
   182000 |     +0.0% |       0 |      10 |            10 |    118165
   183000 |     +0.0% |       0 |      10 |            10 |    117165
   184000 |     +0.0% |       0 |      10 |            10 |    116165
   185000 |     +0.0% |       0 |      10 |            10 |    115165
   186000 |     +0.0% |       0 |      10 |            10 |    114165
   187000 |     +0.0% |       0 |      10 |            10 |    113165
   188000 |     +0.0% |       0 |      10 |            10 |    112165
   189000 |     +0.0% |       0 |      10 |            10 |    111165
   190000 |     +0.0% |       0 |      10 |            10 |    110165
   191000 |     +0.0% |       0 |      10 |            10 |    109165
   192000 |     +0.0% |       0 |      10 |            10 |    108165
   193000 |     +0.0% |       0 |      10 |            10 |    107165
[WARNING RSZ-0104] Net _285577_ only has one pin. Check if it is intended to be dangling.
[WARNING RSZ-0104] Net _285568_ only has one pin. Check if it is intended to be dangling.
[WARNING RSZ-0104] Net _285564_ only has one pin. Check if it is intended to be dangling.
[WARNING RSZ-0104] Net _285446_ only has one pin. Check if it is intended to be dangling.
[WARNING RSZ-0104] Net _285420_ only has one pin. Check if it is intended to be dangling.
[WARNING RSZ-0104] Net _285351_ only has one pin. Check if it is intended to be dangling.
[WARNING RSZ-0104] Net _285160_ only has one pin. Check if it is intended to be dangling.
[WARNING RSZ-0104] Net _285136_ only has one pin. Check if it is intended to be dangling.
[WARNING RSZ-0104] Net _285071_ only has one pin. Check if it is intended to be dangling.
   194000 |     +0.0% |       0 |      10 |            10 |    106165
   195000 |     +0.0% |       0 |      10 |            10 |    105165
   196000 |     +0.0% |       0 |      10 |            10 |    104165
   197000 |     +0.0% |       0 |      10 |            10 |    103165
   198000 |     +0.0% |       0 |      10 |            10 |    102165
   199000 |     +0.0% |       0 |      10 |            10 |    101165
   200000 |     +0.0% |       0 |      10 |            10 |    100165
[WARNING RSZ-0104] Net _285439_ only has one pin. Check if it is intended to be dangling.
[WARNING RSZ-0104] Net _284921_ only has one pin. Check if it is intended to be dangling.
   201000 |     +0.0% |       0 |      10 |            10 |     99165
   202000 |     +0.0% |       0 |      10 |            10 |     98165
   203000 |     +0.0% |       0 |      10 |            10 |     97165
   204000 |     +0.0% |       0 |      10 |            10 |     96165
   205000 |     +0.0% |       0 |      10 |            10 |     95165
   206000 |     +0.0% |       0 |      10 |            10 |     94165
   207000 |     +0.0% |       0 |      10 |            10 |     93165
   208000 |     +0.0% |       0 |      10 |            10 |     92165
[WARNING RSZ-0104] Net _285780_ only has one pin. Check if it is intended to be dangling.
[WARNING RSZ-0104] Net _285697_ only has one pin. Check if it is intended to be dangling.
[WARNING RSZ-0104] Net _285603_ only has one pin. Check if it is intended to be dangling.
[WARNING RSZ-0104] Net _285602_ only has one pin. Check if it is intended to be dangling.
[WARNING RSZ-0104] Net _285597_ only has one pin. Check if it is intended to be dangling.
[WARNING RSZ-0104] Net _285592_ only has one pin. Check if it is intended to be dangling.
[WARNING RSZ-0104] Net _285529_ only has one pin. Check if it is intended to be dangling.
[WARNING RSZ-0104] Net _285504_ only has one pin. Check if it is intended to be dangling.
[WARNING RSZ-0104] Net _285487_ only has one pin. Check if it is intended to be dangling.
[WARNING RSZ-0104] Net _285443_ only has one pin. Check if it is intended to be dangling.
[WARNING RSZ-0104] Net _285413_ only has one pin. Check if it is intended to be dangling.
[WARNING RSZ-0104] Net _285375_ only has one pin. Check if it is intended to be dangling.
[WARNING RSZ-0104] Net _285103_ only has one pin. Check if it is intended to be dangling.
[WARNING RSZ-0104] Net _285069_ only has one pin. Check if it is intended to be dangling.
[WARNING RSZ-0104] Net _285068_ only has one pin. Check if it is intended to be dangling.
[WARNING RSZ-0104] Net _285041_ only has one pin. Check if it is intended to be dangling.
[WARNING RSZ-0104] Net _285040_ only has one pin. Check if it is intended to be dangling.
[WARNING RSZ-0104] Net _285030_ only has one pin. Check if it is intended to be dangling.
[WARNING RSZ-0104] Net _284990_ only has one pin. Check if it is intended to be dangling.
[WARNING RSZ-0104] Net _284957_ only has one pin. Check if it is intended to be dangling.
[WARNING RSZ-0104] Net _284941_ only has one pin. Check if it is intended to be dangling.
[WARNING RSZ-0104] Net _284937_ only has one pin. Check if it is intended to be dangling.
[WARNING RSZ-0104] Net _284935_ only has one pin. Check if it is intended to be dangling.
[WARNING RSZ-0104] Net _284929_ only has one pin. Check if it is intended to be dangling.
[WARNING RSZ-0104] Net _284920_ only has one pin. Check if it is intended to be dangling.
[WARNING RSZ-0104] Net _284918_ only has one pin. Check if it is intended to be dangling.
[WARNING RSZ-0104] Net _284912_ only has one pin. Check if it is intended to be dangling.
[WARNING RSZ-0104] Net _284907_ only has one pin. Check if it is intended to be dangling.
[WARNING RSZ-0104] Net _284903_ only has one pin. Check if it is intended to be dangling.
[WARNING RSZ-0104] Net _284893_ only has one pin. Check if it is intended to be dangling.
[WARNING RSZ-0104] Net _284888_ only has one pin. Check if it is intended to be dangling.
[WARNING RSZ-0104] Net _284878_ only has one pin. Check if it is intended to be dangling.
[WARNING RSZ-0104] Net _284873_ only has one pin. Check if it is intended to be dangling.
[WARNING RSZ-0104] Net _284871_ only has one pin. Check if it is intended to be dangling.
   209000 |     +0.0% |       0 |      10 |            10 |     91165
   210000 |     +0.0% |       0 |      10 |            10 |     90165
   211000 |     +0.0% |       0 |      10 |            10 |     89165
   212000 |     +0.0% |       0 |      10 |            10 |     88165
   213000 |     +0.0% |       0 |      10 |            10 |     87165
   214000 |     +0.0% |       0 |      10 |            10 |     86165
   215000 |     +0.0% |       0 |      10 |            10 |     85165
   216000 |     +0.0% |       0 |      10 |            10 |     84165
[WARNING RSZ-0104] Net _285781_ only has one pin. Check if it is intended to be dangling.
[WARNING RSZ-0104] Net _285770_ only has one pin. Check if it is intended to be dangling.
[WARNING RSZ-0104] Net _285702_ only has one pin. Check if it is intended to be dangling.
[WARNING RSZ-0104] Net _285701_ only has one pin. Check if it is intended to be dangling.
[WARNING RSZ-0104] Net _285684_ only has one pin. Check if it is intended to be dangling.
[WARNING RSZ-0104] Net _285671_ only has one pin. Check if it is intended to be dangling.
[WARNING RSZ-0104] Net _285670_ only has one pin. Check if it is intended to be dangling.
[WARNING RSZ-0104] Net _285669_ only has one pin. Check if it is intended to be dangling.
[WARNING RSZ-0104] Net _285666_ only has one pin. Check if it is intended to be dangling.
[WARNING RSZ-0104] Net _285664_ only has one pin. Check if it is intended to be dangling.
[WARNING RSZ-0104] Net _285662_ only has one pin. Check if it is intended to be dangling.
[WARNING RSZ-0104] Net _285636_ only has one pin. Check if it is intended to be dangling.
[WARNING RSZ-0104] Net _285620_ only has one pin. Check if it is intended to be dangling.
[WARNING RSZ-0104] Net _285616_ only has one pin. Check if it is intended to be dangling.
[WARNING RSZ-0104] Net _285615_ only has one pin. Check if it is intended to be dangling.
[WARNING RSZ-0104] Net _285590_ only has one pin. Check if it is intended to be dangling.
[WARNING RSZ-0104] Net _285563_ only has one pin. Check if it is intended to be dangling.
[WARNING RSZ-0104] Net _285551_ only has one pin. Check if it is intended to be dangling.
[WARNING RSZ-0104] Net _285547_ only has one pin. Check if it is intended to be dangling.
[WARNING RSZ-0104] Net _285537_ only has one pin. Check if it is intended to be dangling.
[WARNING RSZ-0104] Net _285523_ only has one pin. Check if it is intended to be dangling.
[WARNING RSZ-0104] Net _285444_ only has one pin. Check if it is intended to be dangling.
[WARNING RSZ-0104] Net _285426_ only has one pin. Check if it is intended to be dangling.
[WARNING RSZ-0104] Net _285145_ only has one pin. Check if it is intended to be dangling.
[WARNING RSZ-0104] Net _285110_ only has one pin. Check if it is intended to be dangling.
[WARNING RSZ-0104] Net _285073_ only has one pin. Check if it is intended to be dangling.
   217000 |     +0.0% |       0 |      10 |            10 |     83165
[WARNING RSZ-0104] Net _285070_ only has one pin. Check if it is intended to be dangling.
[WARNING RSZ-0104] Net _285067_ only has one pin. Check if it is intended to be dangling.
[WARNING RSZ-0104] Net _285043_ only has one pin. Check if it is intended to be dangling.
[WARNING RSZ-0104] Net _285039_ only has one pin. Check if it is intended to be dangling.
[WARNING RSZ-0104] Net _285032_ only has one pin. Check if it is intended to be dangling.
[WARNING RSZ-0104] Net _285029_ only has one pin. Check if it is intended to be dangling.
[WARNING RSZ-0104] Net _285026_ only has one pin. Check if it is intended to be dangling.
[WARNING RSZ-0104] Net _284996_ only has one pin. Check if it is intended to be dangling.
[WARNING RSZ-0104] Net _284989_ only has one pin. Check if it is intended to be dangling.
[WARNING RSZ-0104] Net _284975_ only has one pin. Check if it is intended to be dangling.
[WARNING RSZ-0104] Net _284964_ only has one pin. Check if it is intended to be dangling.
[WARNING RSZ-0104] Net _284960_ only has one pin. Check if it is intended to be dangling.
[WARNING RSZ-0104] Net _284958_ only has one pin. Check if it is intended to be dangling.
[WARNING RSZ-0104] Net _284956_ only has one pin. Check if it is intended to be dangling.
[WARNING RSZ-0104] Net _284944_ only has one pin. Check if it is intended to be dangling.
[WARNING RSZ-0104] Net _284942_ only has one pin. Check if it is intended to be dangling.
[WARNING RSZ-0104] Net _284940_ only has one pin. Check if it is intended to be dangling.
[WARNING RSZ-0104] Net _284936_ only has one pin. Check if it is intended to be dangling.
[WARNING RSZ-0104] Net _284934_ only has one pin. Check if it is intended to be dangling.
[WARNING RSZ-0104] Net _284931_ only has one pin. Check if it is intended to be dangling.
[WARNING RSZ-0104] Net _284928_ only has one pin. Check if it is intended to be dangling.
[WARNING RSZ-0104] Net _284915_ only has one pin. Check if it is intended to be dangling.
[WARNING RSZ-0104] Net _284906_ only has one pin. Check if it is intended to be dangling.
[WARNING RSZ-0104] Net _284895_ only has one pin. Check if it is intended to be dangling.
[WARNING RSZ-0104] Net _284892_ only has one pin. Check if it is intended to be dangling.
[WARNING RSZ-0104] Net _284887_ only has one pin. Check if it is intended to be dangling.
[WARNING RSZ-0104] Net _284877_ only has one pin. Check if it is intended to be dangling.
[WARNING RSZ-0104] Net _284876_ only has one pin. Check if it is intended to be dangling.
[WARNING RSZ-0104] Net _284872_ only has one pin. Check if it is intended to be dangling.
[WARNING RSZ-0104] Net _284870_ only has one pin. Check if it is intended to be dangling.
[WARNING RSZ-0104] Net _284869_ only has one pin. Check if it is intended to be dangling.
[WARNING RSZ-0104] Net _284848_ only has one pin. Check if it is intended to be dangling.
[WARNING RSZ-0104] Net _284838_ only has one pin. Check if it is intended to be dangling.
[WARNING RSZ-0104] Net _284834_ only has one pin. Check if it is intended to be dangling.
[WARNING RSZ-0104] Net _284830_ only has one pin. Check if it is intended to be dangling.
[WARNING RSZ-0104] Net _284826_ only has one pin. Check if it is intended to be dangling.
[WARNING RSZ-0104] Net _284822_ only has one pin. Check if it is intended to be dangling.
[WARNING RSZ-0104] Net _284818_ only has one pin. Check if it is intended to be dangling.
   218000 |     +0.0% |       0 |      10 |            10 |     82165
   219000 |     +0.0% |       0 |      10 |            10 |     81165
   220000 |     +0.0% |       0 |      10 |            10 |     80165
   221000 |     +0.0% |       0 |      10 |            10 |     79165
   222000 |     +0.0% |       0 |      10 |            10 |     78165
   223000 |     +0.0% |       0 |      10 |            10 |     77165
   224000 |     +0.0% |       0 |      10 |            10 |     76165
[WARNING RSZ-0104] Net _285776_ only has one pin. Check if it is intended to be dangling.
[WARNING RSZ-0104] Net _285774_ only has one pin. Check if it is intended to be dangling.
[WARNING RSZ-0104] Net _285762_ only has one pin. Check if it is intended to be dangling.
[WARNING RSZ-0104] Net _285759_ only has one pin. Check if it is intended to be dangling.
[WARNING RSZ-0104] Net _285758_ only has one pin. Check if it is intended to be dangling.
[WARNING RSZ-0104] Net _285756_ only has one pin. Check if it is intended to be dangling.
[WARNING RSZ-0104] Net _285744_ only has one pin. Check if it is intended to be dangling.
[WARNING RSZ-0104] Net _285736_ only has one pin. Check if it is intended to be dangling.
[WARNING RSZ-0104] Net _285724_ only has one pin. Check if it is intended to be dangling.
[WARNING RSZ-0104] Net _285713_ only has one pin. Check if it is intended to be dangling.
[WARNING RSZ-0104] Net _285712_ only has one pin. Check if it is intended to be dangling.
[WARNING RSZ-0104] Net _285694_ only has one pin. Check if it is intended to be dangling.
[WARNING RSZ-0104] Net _285683_ only has one pin. Check if it is intended to be dangling.
[WARNING RSZ-0104] Net _285678_ only has one pin. Check if it is intended to be dangling.
[WARNING RSZ-0104] Net _285677_ only has one pin. Check if it is intended to be dangling.
[WARNING RSZ-0104] Net _285675_ only has one pin. Check if it is intended to be dangling.
[WARNING RSZ-0104] Net _285672_ only has one pin. Check if it is intended to be dangling.
[WARNING RSZ-0104] Net _285668_ only has one pin. Check if it is intended to be dangling.
[WARNING RSZ-0104] Net _285665_ only has one pin. Check if it is intended to be dangling.
[WARNING RSZ-0104] Net _285659_ only has one pin. Check if it is intended to be dangling.
[WARNING RSZ-0104] Net _285643_ only has one pin. Check if it is intended to be dangling.
[WARNING RSZ-0104] Net _285638_ only has one pin. Check if it is intended to be dangling.
[WARNING RSZ-0104] Net _285632_ only has one pin. Check if it is intended to be dangling.
[WARNING RSZ-0104] Net _285629_ only has one pin. Check if it is intended to be dangling.
[WARNING RSZ-0104] Net _285626_ only has one pin. Check if it is intended to be dangling.
[WARNING RSZ-0104] Net _285625_ only has one pin. Check if it is intended to be dangling.
[WARNING RSZ-0104] Net _285619_ only has one pin. Check if it is intended to be dangling.
[WARNING RSZ-0104] Net _285617_ only has one pin. Check if it is intended to be dangling.
[WARNING RSZ-0104] Net _285605_ only has one pin. Check if it is intended to be dangling.
[WARNING RSZ-0104] Net _285594_ only has one pin. Check if it is intended to be dangling.
[WARNING RSZ-0104] Net _285570_ only has one pin. Check if it is intended to be dangling.
[WARNING RSZ-0104] Net _285569_ only has one pin. Check if it is intended to be dangling.
[WARNING RSZ-0104] Net _285559_ only has one pin. Check if it is intended to be dangling.
[WARNING RSZ-0104] Net _285557_ only has one pin. Check if it is intended to be dangling.
[WARNING RSZ-0104] Net _285549_ only has one pin. Check if it is intended to be dangling.
[WARNING RSZ-0104] Net _285526_ only has one pin. Check if it is intended to be dangling.
[WARNING RSZ-0104] Net _285522_ only has one pin. Check if it is intended to be dangling.
[WARNING RSZ-0104] Net _285514_ only has one pin. Check if it is intended to be dangling.
[WARNING RSZ-0104] Net _285505_ only has one pin. Check if it is intended to be dangling.
[WARNING RSZ-0104] Net _285503_ only has one pin. Check if it is intended to be dangling.
[WARNING RSZ-0104] Net _285502_ only has one pin. Check if it is intended to be dangling.
[WARNING RSZ-0104] Net _285499_ only has one pin. Check if it is intended to be dangling.
[WARNING RSZ-0104] Net _285486_ only has one pin. Check if it is intended to be dangling.
[WARNING RSZ-0104] Net _285484_ only has one pin. Check if it is intended to be dangling.
[WARNING RSZ-0104] Net _285456_ only has one pin. Check if it is intended to be dangling.
[WARNING RSZ-0104] Net _285455_ only has one pin. Check if it is intended to be dangling.
[WARNING RSZ-0104] Net _285452_ only has one pin. Check if it is intended to be dangling.
[WARNING RSZ-0104] Net _285425_ only has one pin. Check if it is intended to be dangling.
[WARNING RSZ-0104] Net _285410_ only has one pin. Check if it is intended to be dangling.
[WARNING RSZ-0104] Net _285404_ only has one pin. Check if it is intended to be dangling.
[WARNING RSZ-0104] Net _285396_ only has one pin. Check if it is intended to be dangling.
[WARNING RSZ-0104] Net _285366_ only has one pin. Check if it is intended to be dangling.
[WARNING RSZ-0104] Net _285308_ only has one pin. Check if it is intended to be dangling.
[WARNING RSZ-0104] Net _285282_ only has one pin. Check if it is intended to be dangling.
[WARNING RSZ-0104] Net _285280_ only has one pin. Check if it is intended to be dangling.
[WARNING RSZ-0104] Net _285229_ only has one pin. Check if it is intended to be dangling.
[WARNING RSZ-0104] Net _285226_ only has one pin. Check if it is intended to be dangling.
[WARNING RSZ-0104] Net _285225_ only has one pin. Check if it is intended to be dangling.
[WARNING RSZ-0104] Net _285208_ only has one pin. Check if it is intended to be dangling.
[WARNING RSZ-0104] Net _285206_ only has one pin. Check if it is intended to be dangling.
[WARNING RSZ-0104] Net _285205_ only has one pin. Check if it is intended to be dangling.
[WARNING RSZ-0104] Net _285202_ only has one pin. Check if it is intended to be dangling.
[WARNING RSZ-0104] Net _285201_ only has one pin. Check if it is intended to be dangling.
[WARNING RSZ-0104] Net _285182_ only has one pin. Check if it is intended to be dangling.
[WARNING RSZ-0104] Net _285181_ only has one pin. Check if it is intended to be dangling.
[WARNING RSZ-0104] Net _285165_ only has one pin. Check if it is intended to be dangling.
[WARNING RSZ-0104] Net _285130_ only has one pin. Check if it is intended to be dangling.
[WARNING RSZ-0104] Net _285127_ only has one pin. Check if it is intended to be dangling.
[WARNING RSZ-0104] Net _285126_ only has one pin. Check if it is intended to be dangling.
[WARNING RSZ-0104] Net _285116_ only has one pin. Check if it is intended to be dangling.
[WARNING RSZ-0104] Net _285115_ only has one pin. Check if it is intended to be dangling.
[WARNING RSZ-0104] Net _285109_ only has one pin. Check if it is intended to be dangling.
[WARNING RSZ-0104] Net _285108_ only has one pin. Check if it is intended to be dangling.
[WARNING RSZ-0104] Net _285107_ only has one pin. Check if it is intended to be dangling.
[WARNING RSZ-0104] Net _285098_ only has one pin. Check if it is intended to be dangling.
[WARNING RSZ-0104] Net _285096_ only has one pin. Check if it is intended to be dangling.
[WARNING RSZ-0104] Net _285088_ only has one pin. Check if it is intended to be dangling.
[WARNING RSZ-0104] Net _285080_ only has one pin. Check if it is intended to be dangling.
[WARNING RSZ-0104] Net _285072_ only has one pin. Check if it is intended to be dangling.
   225000 |     +0.0% |       0 |      10 |            10 |     75165
[WARNING RSZ-0104] Net _285066_ only has one pin. Check if it is intended to be dangling.
[WARNING RSZ-0104] Net _285065_ only has one pin. Check if it is intended to be dangling.
[WARNING RSZ-0104] Net _285063_ only has one pin. Check if it is intended to be dangling.
[WARNING RSZ-0104] Net _285062_ only has one pin. Check if it is intended to be dangling.
[WARNING RSZ-0104] Net _285061_ only has one pin. Check if it is intended to be dangling.
[WARNING RSZ-0104] Net _285059_ only has one pin. Check if it is intended to be dangling.
[WARNING RSZ-0104] Net _285058_ only has one pin. Check if it is intended to be dangling.
[WARNING RSZ-0104] Net _285057_ only has one pin. Check if it is intended to be dangling.
[WARNING RSZ-0104] Net _285055_ only has one pin. Check if it is intended to be dangling.
[WARNING RSZ-0104] Net _285053_ only has one pin. Check if it is intended to be dangling.
[WARNING RSZ-0104] Net _285051_ only has one pin. Check if it is intended to be dangling.
[WARNING RSZ-0104] Net _285050_ only has one pin. Check if it is intended to be dangling.
[WARNING RSZ-0104] Net _285049_ only has one pin. Check if it is intended to be dangling.
[WARNING RSZ-0104] Net _285048_ only has one pin. Check if it is intended to be dangling.
[WARNING RSZ-0104] Net _285046_ only has one pin. Check if it is intended to be dangling.
[WARNING RSZ-0104] Net _285045_ only has one pin. Check if it is intended to be dangling.
[WARNING RSZ-0104] Net _285042_ only has one pin. Check if it is intended to be dangling.
[WARNING RSZ-0104] Net _285038_ only has one pin. Check if it is intended to be dangling.
[WARNING RSZ-0104] Net _285036_ only has one pin. Check if it is intended to be dangling.
[WARNING RSZ-0104] Net _285034_ only has one pin. Check if it is intended to be dangling.
[WARNING RSZ-0104] Net _285031_ only has one pin. Check if it is intended to be dangling.
[WARNING RSZ-0104] Net _285028_ only has one pin. Check if it is intended to be dangling.
[WARNING RSZ-0104] Net _285025_ only has one pin. Check if it is intended to be dangling.
[WARNING RSZ-0104] Net _285024_ only has one pin. Check if it is intended to be dangling.
[WARNING RSZ-0104] Net _285023_ only has one pin. Check if it is intended to be dangling.
[WARNING RSZ-0104] Net _285021_ only has one pin. Check if it is intended to be dangling.
[WARNING RSZ-0104] Net _285019_ only has one pin. Check if it is intended to be dangling.
[WARNING RSZ-0104] Net _285017_ only has one pin. Check if it is intended to be dangling.
[WARNING RSZ-0104] Net _285015_ only has one pin. Check if it is intended to be dangling.
[WARNING RSZ-0104] Net _285013_ only has one pin. Check if it is intended to be dangling.
[WARNING RSZ-0104] Net _285011_ only has one pin. Check if it is intended to be dangling.
[WARNING RSZ-0104] Net _285010_ only has one pin. Check if it is intended to be dangling.
[WARNING RSZ-0104] Net _285008_ only has one pin. Check if it is intended to be dangling.
[WARNING RSZ-0104] Net _285006_ only has one pin. Check if it is intended to be dangling.
[WARNING RSZ-0104] Net _285004_ only has one pin. Check if it is intended to be dangling.
[WARNING RSZ-0104] Net _285003_ only has one pin. Check if it is intended to be dangling.
[WARNING RSZ-0104] Net _285001_ only has one pin. Check if it is intended to be dangling.
[WARNING RSZ-0104] Net _285000_ only has one pin. Check if it is intended to be dangling.
[WARNING RSZ-0104] Net _284998_ only has one pin. Check if it is intended to be dangling.
[WARNING RSZ-0104] Net _284995_ only has one pin. Check if it is intended to be dangling.
[WARNING RSZ-0104] Net _284994_ only has one pin. Check if it is intended to be dangling.
[WARNING RSZ-0104] Net _284992_ only has one pin. Check if it is intended to be dangling.
[WARNING RSZ-0104] Net _284988_ only has one pin. Check if it is intended to be dangling.
[WARNING RSZ-0104] Net _284986_ only has one pin. Check if it is intended to be dangling.
[WARNING RSZ-0104] Net _284984_ only has one pin. Check if it is intended to be dangling.
[WARNING RSZ-0104] Net _284983_ only has one pin. Check if it is intended to be dangling.
[WARNING RSZ-0104] Net _284981_ only has one pin. Check if it is intended to be dangling.
[WARNING RSZ-0104] Net _284979_ only has one pin. Check if it is intended to be dangling.
[WARNING RSZ-0104] Net _284977_ only has one pin. Check if it is intended to be dangling.
[WARNING RSZ-0104] Net _284974_ only has one pin. Check if it is intended to be dangling.
[WARNING RSZ-0104] Net _284973_ only has one pin. Check if it is intended to be dangling.
[WARNING RSZ-0104] Net _284972_ only has one pin. Check if it is intended to be dangling.
[WARNING RSZ-0104] Net _284970_ only has one pin. Check if it is intended to be dangling.
[WARNING RSZ-0104] Net _284969_ only has one pin. Check if it is intended to be dangling.
[WARNING RSZ-0104] Net _284967_ only has one pin. Check if it is intended to be dangling.
[WARNING RSZ-0104] Net _284965_ only has one pin. Check if it is intended to be dangling.
[WARNING RSZ-0104] Net _284963_ only has one pin. Check if it is intended to be dangling.
[WARNING RSZ-0104] Net _284962_ only has one pin. Check if it is intended to be dangling.
[WARNING RSZ-0104] Net _284959_ only has one pin. Check if it is intended to be dangling.
[WARNING RSZ-0104] Net _284955_ only has one pin. Check if it is intended to be dangling.
[WARNING RSZ-0104] Net _284953_ only has one pin. Check if it is intended to be dangling.
[WARNING RSZ-0104] Net _284951_ only has one pin. Check if it is intended to be dangling.
[WARNING RSZ-0104] Net _284949_ only has one pin. Check if it is intended to be dangling.
[WARNING RSZ-0104] Net _284947_ only has one pin. Check if it is intended to be dangling.
[WARNING RSZ-0104] Net _284946_ only has one pin. Check if it is intended to be dangling.
[WARNING RSZ-0104] Net _284943_ only has one pin. Check if it is intended to be dangling.
[WARNING RSZ-0104] Net _284939_ only has one pin. Check if it is intended to be dangling.
[WARNING RSZ-0104] Net _284933_ only has one pin. Check if it is intended to be dangling.
[WARNING RSZ-0104] Net _284930_ only has one pin. Check if it is intended to be dangling.
[WARNING RSZ-0104] Net _284927_ only has one pin. Check if it is intended to be dangling.
[WARNING RSZ-0104] Net _284925_ only has one pin. Check if it is intended to be dangling.
[WARNING RSZ-0104] Net _284923_ only has one pin. Check if it is intended to be dangling.
[WARNING RSZ-0104] Net _284919_ only has one pin. Check if it is intended to be dangling.
[WARNING RSZ-0104] Net _284917_ only has one pin. Check if it is intended to be dangling.
[WARNING RSZ-0104] Net _284914_ only has one pin. Check if it is intended to be dangling.
[WARNING RSZ-0104] Net _284913_ only has one pin. Check if it is intended to be dangling.
   226000 |     +0.0% |       0 |      10 |            10 |     74165
[WARNING RSZ-0104] Net _284911_ only has one pin. Check if it is intended to be dangling.
[WARNING RSZ-0104] Net _284910_ only has one pin. Check if it is intended to be dangling.
[WARNING RSZ-0104] Net _284908_ only has one pin. Check if it is intended to be dangling.
[WARNING RSZ-0104] Net _284905_ only has one pin. Check if it is intended to be dangling.
[WARNING RSZ-0104] Net _284902_ only has one pin. Check if it is intended to be dangling.
[WARNING RSZ-0104] Net _284901_ only has one pin. Check if it is intended to be dangling.
[WARNING RSZ-0104] Net _284900_ only has one pin. Check if it is intended to be dangling.
[WARNING RSZ-0104] Net _284898_ only has one pin. Check if it is intended to be dangling.
[WARNING RSZ-0104] Net _284897_ only has one pin. Check if it is intended to be dangling.
[WARNING RSZ-0104] Net _284894_ only has one pin. Check if it is intended to be dangling.
[WARNING RSZ-0104] Net _284891_ only has one pin. Check if it is intended to be dangling.
[WARNING RSZ-0104] Net _284890_ only has one pin. Check if it is intended to be dangling.
[WARNING RSZ-0104] Net _284886_ only has one pin. Check if it is intended to be dangling.
[WARNING RSZ-0104] Net _284884_ only has one pin. Check if it is intended to be dangling.
[WARNING RSZ-0104] Net _284883_ only has one pin. Check if it is intended to be dangling.
[WARNING RSZ-0104] Net _284881_ only has one pin. Check if it is intended to be dangling.
[WARNING RSZ-0104] Net _284880_ only has one pin. Check if it is intended to be dangling.
[WARNING RSZ-0104] Net _284875_ only has one pin. Check if it is intended to be dangling.
[WARNING RSZ-0104] Net _284874_ only has one pin. Check if it is intended to be dangling.
[WARNING RSZ-0104] Net _284868_ only has one pin. Check if it is intended to be dangling.
[WARNING RSZ-0104] Net _284867_ only has one pin. Check if it is intended to be dangling.
[WARNING RSZ-0104] Net _284866_ only has one pin. Check if it is intended to be dangling.
[WARNING RSZ-0104] Net _284865_ only has one pin. Check if it is intended to be dangling.
[WARNING RSZ-0104] Net _284863_ only has one pin. Check if it is intended to be dangling.
[WARNING RSZ-0104] Net _284862_ only has one pin. Check if it is intended to be dangling.
[WARNING RSZ-0104] Net _284860_ only has one pin. Check if it is intended to be dangling.
[WARNING RSZ-0104] Net _284858_ only has one pin. Check if it is intended to be dangling.
[WARNING RSZ-0104] Net _284856_ only has one pin. Check if it is intended to be dangling.
[WARNING RSZ-0104] Net _284855_ only has one pin. Check if it is intended to be dangling.
[WARNING RSZ-0104] Net _284853_ only has one pin. Check if it is intended to be dangling.
[WARNING RSZ-0104] Net _284851_ only has one pin. Check if it is intended to be dangling.
[WARNING RSZ-0104] Net _284850_ only has one pin. Check if it is intended to be dangling.
[WARNING RSZ-0104] Net _284847_ only has one pin. Check if it is intended to be dangling.
[WARNING RSZ-0104] Net _284846_ only has one pin. Check if it is intended to be dangling.
[WARNING RSZ-0104] Net _284844_ only has one pin. Check if it is intended to be dangling.
[WARNING RSZ-0104] Net _284843_ only has one pin. Check if it is intended to be dangling.
[WARNING RSZ-0104] Net _284841_ only has one pin. Check if it is intended to be dangling.
[WARNING RSZ-0104] Net _284840_ only has one pin. Check if it is intended to be dangling.
[WARNING RSZ-0104] Net _284837_ only has one pin. Check if it is intended to be dangling.
[WARNING RSZ-0104] Net _284836_ only has one pin. Check if it is intended to be dangling.
[WARNING RSZ-0104] Net _284833_ only has one pin. Check if it is intended to be dangling.
[WARNING RSZ-0104] Net _284832_ only has one pin. Check if it is intended to be dangling.
[WARNING RSZ-0104] Net _284829_ only has one pin. Check if it is intended to be dangling.
[WARNING RSZ-0104] Net _284828_ only has one pin. Check if it is intended to be dangling.
[WARNING RSZ-0104] Net _284825_ only has one pin. Check if it is intended to be dangling.
[WARNING RSZ-0104] Net _284824_ only has one pin. Check if it is intended to be dangling.
[WARNING RSZ-0104] Net _284821_ only has one pin. Check if it is intended to be dangling.
[WARNING RSZ-0104] Net _284820_ only has one pin. Check if it is intended to be dangling.
[WARNING RSZ-0104] Net _284817_ only has one pin. Check if it is intended to be dangling.
   227000 |     +0.0% |       0 |      10 |            10 |     73165
   228000 |     +0.0% |       0 |      10 |            10 |     72165
   229000 |     +0.0% |       0 |      10 |            10 |     71165
   230000 |     +0.0% |       0 |      10 |            10 |     70165
   231000 |     +0.0% |       0 |      10 |            10 |     69165
   232000 |     +0.0% |       0 |      10 |            10 |     68165
[WARNING RSZ-0104] Net _285751_ only has one pin. Check if it is intended to be dangling.
[WARNING RSZ-0104] Net _285745_ only has one pin. Check if it is intended to be dangling.
[WARNING RSZ-0104] Net _285735_ only has one pin. Check if it is intended to be dangling.
[WARNING RSZ-0104] Net _285731_ only has one pin. Check if it is intended to be dangling.
[WARNING RSZ-0104] Net _285719_ only has one pin. Check if it is intended to be dangling.
[WARNING RSZ-0104] Net _285703_ only has one pin. Check if it is intended to be dangling.
[WARNING RSZ-0104] Net _285689_ only has one pin. Check if it is intended to be dangling.
[WARNING RSZ-0104] Net _285667_ only has one pin. Check if it is intended to be dangling.
[WARNING RSZ-0104] Net _285663_ only has one pin. Check if it is intended to be dangling.
[WARNING RSZ-0104] Net _285661_ only has one pin. Check if it is intended to be dangling.
[WARNING RSZ-0104] Net _285610_ only has one pin. Check if it is intended to be dangling.
[WARNING RSZ-0104] Net _285593_ only has one pin. Check if it is intended to be dangling.
[WARNING RSZ-0104] Net _285587_ only has one pin. Check if it is intended to be dangling.
[WARNING RSZ-0104] Net _285552_ only has one pin. Check if it is intended to be dangling.
[WARNING RSZ-0104] Net _285463_ only has one pin. Check if it is intended to be dangling.
[WARNING RSZ-0104] Net _285453_ only has one pin. Check if it is intended to be dangling.
[WARNING RSZ-0104] Net _285433_ only has one pin. Check if it is intended to be dangling.
[WARNING RSZ-0104] Net _285429_ only has one pin. Check if it is intended to be dangling.
[WARNING RSZ-0104] Net _285424_ only has one pin. Check if it is intended to be dangling.
[WARNING RSZ-0104] Net _285423_ only has one pin. Check if it is intended to be dangling.
[WARNING RSZ-0104] Net _285321_ only has one pin. Check if it is intended to be dangling.
[WARNING RSZ-0104] Net _285112_ only has one pin. Check if it is intended to be dangling.
[WARNING RSZ-0104] Net _285111_ only has one pin. Check if it is intended to be dangling.
[WARNING RSZ-0104] Net _285099_ only has one pin. Check if it is intended to be dangling.
[WARNING RSZ-0104] Net _285064_ only has one pin. Check if it is intended to be dangling.
[WARNING RSZ-0104] Net _285060_ only has one pin. Check if it is intended to be dangling.
[WARNING RSZ-0104] Net _285056_ only has one pin. Check if it is intended to be dangling.
[WARNING RSZ-0104] Net _285054_ only has one pin. Check if it is intended to be dangling.
[WARNING RSZ-0104] Net _285052_ only has one pin. Check if it is intended to be dangling.
[WARNING RSZ-0104] Net _285047_ only has one pin. Check if it is intended to be dangling.
[WARNING RSZ-0104] Net _285044_ only has one pin. Check if it is intended to be dangling.
[WARNING RSZ-0104] Net _285037_ only has one pin. Check if it is intended to be dangling.
[WARNING RSZ-0104] Net _285035_ only has one pin. Check if it is intended to be dangling.
[WARNING RSZ-0104] Net _285033_ only has one pin. Check if it is intended to be dangling.
[WARNING RSZ-0104] Net _285027_ only has one pin. Check if it is intended to be dangling.
[WARNING RSZ-0104] Net _285022_ only has one pin. Check if it is intended to be dangling.
[WARNING RSZ-0104] Net _285020_ only has one pin. Check if it is intended to be dangling.
[WARNING RSZ-0104] Net _285018_ only has one pin. Check if it is intended to be dangling.
[WARNING RSZ-0104] Net _285016_ only has one pin. Check if it is intended to be dangling.
[WARNING RSZ-0104] Net _285014_ only has one pin. Check if it is intended to be dangling.
[WARNING RSZ-0104] Net _285012_ only has one pin. Check if it is intended to be dangling.
[WARNING RSZ-0104] Net _285009_ only has one pin. Check if it is intended to be dangling.
[WARNING RSZ-0104] Net _285007_ only has one pin. Check if it is intended to be dangling.
[WARNING RSZ-0104] Net _285005_ only has one pin. Check if it is intended to be dangling.
[WARNING RSZ-0104] Net _285002_ only has one pin. Check if it is intended to be dangling.
[WARNING RSZ-0104] Net _284999_ only has one pin. Check if it is intended to be dangling.
[WARNING RSZ-0104] Net _284997_ only has one pin. Check if it is intended to be dangling.
[WARNING RSZ-0104] Net _284993_ only has one pin. Check if it is intended to be dangling.
[WARNING RSZ-0104] Net _284991_ only has one pin. Check if it is intended to be dangling.
[WARNING RSZ-0104] Net _284987_ only has one pin. Check if it is intended to be dangling.
[WARNING RSZ-0104] Net _284985_ only has one pin. Check if it is intended to be dangling.
[WARNING RSZ-0104] Net _284982_ only has one pin. Check if it is intended to be dangling.
[WARNING RSZ-0104] Net _284980_ only has one pin. Check if it is intended to be dangling.
[WARNING RSZ-0104] Net _284978_ only has one pin. Check if it is intended to be dangling.
[WARNING RSZ-0104] Net _284976_ only has one pin. Check if it is intended to be dangling.
[WARNING RSZ-0104] Net _284971_ only has one pin. Check if it is intended to be dangling.
[WARNING RSZ-0104] Net _284968_ only has one pin. Check if it is intended to be dangling.
[WARNING RSZ-0104] Net _284966_ only has one pin. Check if it is intended to be dangling.
[WARNING RSZ-0104] Net _284961_ only has one pin. Check if it is intended to be dangling.
[WARNING RSZ-0104] Net _284954_ only has one pin. Check if it is intended to be dangling.
[WARNING RSZ-0104] Net _284952_ only has one pin. Check if it is intended to be dangling.
[WARNING RSZ-0104] Net _284950_ only has one pin. Check if it is intended to be dangling.
[WARNING RSZ-0104] Net _284948_ only has one pin. Check if it is intended to be dangling.
[WARNING RSZ-0104] Net _284945_ only has one pin. Check if it is intended to be dangling.
[WARNING RSZ-0104] Net _284938_ only has one pin. Check if it is intended to be dangling.
[WARNING RSZ-0104] Net _284932_ only has one pin. Check if it is intended to be dangling.
[WARNING RSZ-0104] Net _284926_ only has one pin. Check if it is intended to be dangling.
[WARNING RSZ-0104] Net _284924_ only has one pin. Check if it is intended to be dangling.
[WARNING RSZ-0104] Net _284922_ only has one pin. Check if it is intended to be dangling.
[WARNING RSZ-0104] Net _284916_ only has one pin. Check if it is intended to be dangling.
[WARNING RSZ-0104] Net _284909_ only has one pin. Check if it is intended to be dangling.
[WARNING RSZ-0104] Net _284904_ only has one pin. Check if it is intended to be dangling.
[WARNING RSZ-0104] Net _284899_ only has one pin. Check if it is intended to be dangling.
[WARNING RSZ-0104] Net _284896_ only has one pin. Check if it is intended to be dangling.
[WARNING RSZ-0104] Net _284889_ only has one pin. Check if it is intended to be dangling.
[WARNING RSZ-0104] Net _284885_ only has one pin. Check if it is intended to be dangling.
[WARNING RSZ-0104] Net _284882_ only has one pin. Check if it is intended to be dangling.
[WARNING RSZ-0104] Net _284879_ only has one pin. Check if it is intended to be dangling.
[WARNING RSZ-0104] Net _284864_ only has one pin. Check if it is intended to be dangling.
[WARNING RSZ-0104] Net _284861_ only has one pin. Check if it is intended to be dangling.
[WARNING RSZ-0104] Net _284859_ only has one pin. Check if it is intended to be dangling.
[WARNING RSZ-0104] Net _284857_ only has one pin. Check if it is intended to be dangling.
[WARNING RSZ-0104] Net _284854_ only has one pin. Check if it is intended to be dangling.
[WARNING RSZ-0104] Net _284852_ only has one pin. Check if it is intended to be dangling.
[WARNING RSZ-0104] Net _284849_ only has one pin. Check if it is intended to be dangling.
[WARNING RSZ-0104] Net _284845_ only has one pin. Check if it is intended to be dangling.
[WARNING RSZ-0104] Net _284842_ only has one pin. Check if it is intended to be dangling.
[WARNING RSZ-0104] Net _284839_ only has one pin. Check if it is intended to be dangling.
[WARNING RSZ-0104] Net _284835_ only has one pin. Check if it is intended to be dangling.
[WARNING RSZ-0104] Net _284831_ only has one pin. Check if it is intended to be dangling.
[WARNING RSZ-0104] Net _284827_ only has one pin. Check if it is intended to be dangling.
[WARNING RSZ-0104] Net _284823_ only has one pin. Check if it is intended to be dangling.
[WARNING RSZ-0104] Net _284819_ only has one pin. Check if it is intended to be dangling.
   233000 |     +0.0% |       0 |      10 |            10 |     67165
[WARNING RSZ-0104] Net _285779_ only has one pin. Check if it is intended to be dangling.
[WARNING RSZ-0104] Net _285773_ only has one pin. Check if it is intended to be dangling.
[WARNING RSZ-0104] Net _285771_ only has one pin. Check if it is intended to be dangling.
[WARNING RSZ-0104] Net _285769_ only has one pin. Check if it is intended to be dangling.
[WARNING RSZ-0104] Net _285767_ only has one pin. Check if it is intended to be dangling.
[WARNING RSZ-0104] Net _285760_ only has one pin. Check if it is intended to be dangling.
[WARNING RSZ-0104] Net _285754_ only has one pin. Check if it is intended to be dangling.
[WARNING RSZ-0104] Net _285742_ only has one pin. Check if it is intended to be dangling.
[WARNING RSZ-0104] Net _285740_ only has one pin. Check if it is intended to be dangling.
[WARNING RSZ-0104] Net _285739_ only has one pin. Check if it is intended to be dangling.
[WARNING RSZ-0104] Net _285734_ only has one pin. Check if it is intended to be dangling.
[WARNING RSZ-0104] Net _285715_ only has one pin. Check if it is intended to be dangling.
[WARNING RSZ-0104] Net _285709_ only has one pin. Check if it is intended to be dangling.
[WARNING RSZ-0104] Net _285708_ only has one pin. Check if it is intended to be dangling.
[WARNING RSZ-0104] Net _285706_ only has one pin. Check if it is intended to be dangling.
[WARNING RSZ-0104] Net _285705_ only has one pin. Check if it is intended to be dangling.
[WARNING RSZ-0104] Net _285700_ only has one pin. Check if it is intended to be dangling.
[WARNING RSZ-0104] Net _285699_ only has one pin. Check if it is intended to be dangling.
[WARNING RSZ-0104] Net _285693_ only has one pin. Check if it is intended to be dangling.
[WARNING RSZ-0104] Net _285688_ only has one pin. Check if it is intended to be dangling.
[WARNING RSZ-0104] Net _285687_ only has one pin. Check if it is intended to be dangling.
[WARNING RSZ-0104] Net _285680_ only has one pin. Check if it is intended to be dangling.
[WARNING RSZ-0104] Net _285674_ only has one pin. Check if it is intended to be dangling.
[WARNING RSZ-0104] Net _285660_ only has one pin. Check if it is intended to be dangling.
[WARNING RSZ-0104] Net _285658_ only has one pin. Check if it is intended to be dangling.
[WARNING RSZ-0104] Net _285654_ only has one pin. Check if it is intended to be dangling.
[WARNING RSZ-0104] Net _285647_ only has one pin. Check if it is intended to be dangling.
[WARNING RSZ-0104] Net _285646_ only has one pin. Check if it is intended to be dangling.
[WARNING RSZ-0104] Net _285642_ only has one pin. Check if it is intended to be dangling.
[WARNING RSZ-0104] Net _285635_ only has one pin. Check if it is intended to be dangling.
[WARNING RSZ-0104] Net _285624_ only has one pin. Check if it is intended to be dangling.
[WARNING RSZ-0104] Net _285618_ only has one pin. Check if it is intended to be dangling.
[WARNING RSZ-0104] Net _285585_ only has one pin. Check if it is intended to be dangling.
[WARNING RSZ-0104] Net _285584_ only has one pin. Check if it is intended to be dangling.
[WARNING RSZ-0104] Net _285583_ only has one pin. Check if it is intended to be dangling.
[WARNING RSZ-0104] Net _285582_ only has one pin. Check if it is intended to be dangling.
[WARNING RSZ-0104] Net _285578_ only has one pin. Check if it is intended to be dangling.
[WARNING RSZ-0104] Net _285576_ only has one pin. Check if it is intended to be dangling.
[WARNING RSZ-0104] Net _285573_ only has one pin. Check if it is intended to be dangling.
[WARNING RSZ-0104] Net _285567_ only has one pin. Check if it is intended to be dangling.
[WARNING RSZ-0104] Net _285565_ only has one pin. Check if it is intended to be dangling.
[WARNING RSZ-0104] Net _285556_ only has one pin. Check if it is intended to be dangling.
[WARNING RSZ-0104] Net _285540_ only has one pin. Check if it is intended to be dangling.
[WARNING RSZ-0104] Net _285528_ only has one pin. Check if it is intended to be dangling.
[WARNING RSZ-0104] Net _285521_ only has one pin. Check if it is intended to be dangling.
[WARNING RSZ-0104] Net _285513_ only has one pin. Check if it is intended to be dangling.
[WARNING RSZ-0104] Net _285512_ only has one pin. Check if it is intended to be dangling.
[WARNING RSZ-0104] Net _285510_ only has one pin. Check if it is intended to be dangling.
[WARNING RSZ-0104] Net _285491_ only has one pin. Check if it is intended to be dangling.
[WARNING RSZ-0104] Net _285490_ only has one pin. Check if it is intended to be dangling.
[WARNING RSZ-0104] Net _285483_ only has one pin. Check if it is intended to be dangling.
[WARNING RSZ-0104] Net _285482_ only has one pin. Check if it is intended to be dangling.
[WARNING RSZ-0104] Net _285480_ only has one pin. Check if it is intended to be dangling.
[WARNING RSZ-0104] Net _285475_ only has one pin. Check if it is intended to be dangling.
[WARNING RSZ-0104] Net _285474_ only has one pin. Check if it is intended to be dangling.
[WARNING RSZ-0104] Net _285473_ only has one pin. Check if it is intended to be dangling.
[WARNING RSZ-0104] Net _285472_ only has one pin. Check if it is intended to be dangling.
[WARNING RSZ-0104] Net _285470_ only has one pin. Check if it is intended to be dangling.
[WARNING RSZ-0104] Net _285468_ only has one pin. Check if it is intended to be dangling.
[WARNING RSZ-0104] Net _285467_ only has one pin. Check if it is intended to be dangling.
[WARNING RSZ-0104] Net _285466_ only has one pin. Check if it is intended to be dangling.
[WARNING RSZ-0104] Net _285465_ only has one pin. Check if it is intended to be dangling.
[WARNING RSZ-0104] Net _285464_ only has one pin. Check if it is intended to be dangling.
[WARNING RSZ-0104] Net _285462_ only has one pin. Check if it is intended to be dangling.
[WARNING RSZ-0104] Net _285459_ only has one pin. Check if it is intended to be dangling.
[WARNING RSZ-0104] Net _285458_ only has one pin. Check if it is intended to be dangling.
[WARNING RSZ-0104] Net _285457_ only has one pin. Check if it is intended to be dangling.
[WARNING RSZ-0104] Net _285454_ only has one pin. Check if it is intended to be dangling.
[WARNING RSZ-0104] Net _285415_ only has one pin. Check if it is intended to be dangling.
[WARNING RSZ-0104] Net _285414_ only has one pin. Check if it is intended to be dangling.
[WARNING RSZ-0104] Net _285390_ only has one pin. Check if it is intended to be dangling.
[WARNING RSZ-0104] Net _285388_ only has one pin. Check if it is intended to be dangling.
[WARNING RSZ-0104] Net _285383_ only has one pin. Check if it is intended to be dangling.
[WARNING RSZ-0104] Net _285380_ only has one pin. Check if it is intended to be dangling.
[WARNING RSZ-0104] Net _285379_ only has one pin. Check if it is intended to be dangling.
[WARNING RSZ-0104] Net _285369_ only has one pin. Check if it is intended to be dangling.
[WARNING RSZ-0104] Net _285365_ only has one pin. Check if it is intended to be dangling.
[WARNING RSZ-0104] Net _285363_ only has one pin. Check if it is intended to be dangling.
[WARNING RSZ-0104] Net _285362_ only has one pin. Check if it is intended to be dangling.
[WARNING RSZ-0104] Net _285361_ only has one pin. Check if it is intended to be dangling.
[WARNING RSZ-0104] Net _285344_ only has one pin. Check if it is intended to be dangling.
[WARNING RSZ-0104] Net _285338_ only has one pin. Check if it is intended to be dangling.
[WARNING RSZ-0104] Net _285336_ only has one pin. Check if it is intended to be dangling.
[WARNING RSZ-0104] Net _285279_ only has one pin. Check if it is intended to be dangling.
[WARNING RSZ-0104] Net _285277_ only has one pin. Check if it is intended to be dangling.
[WARNING RSZ-0104] Net _285276_ only has one pin. Check if it is intended to be dangling.
[WARNING RSZ-0104] Net _285274_ only has one pin. Check if it is intended to be dangling.
[WARNING RSZ-0104] Net _285273_ only has one pin. Check if it is intended to be dangling.
[WARNING RSZ-0104] Net _285272_ only has one pin. Check if it is intended to be dangling.
[WARNING RSZ-0104] Net _285271_ only has one pin. Check if it is intended to be dangling.
[WARNING RSZ-0104] Net _285242_ only has one pin. Check if it is intended to be dangling.
[WARNING RSZ-0104] Net _285239_ only has one pin. Check if it is intended to be dangling.
[WARNING RSZ-0104] Net _285238_ only has one pin. Check if it is intended to be dangling.
[WARNING RSZ-0104] Net _285237_ only has one pin. Check if it is intended to be dangling.
[WARNING RSZ-0104] Net _285236_ only has one pin. Check if it is intended to be dangling.
[WARNING RSZ-0104] Net _285220_ only has one pin. Check if it is intended to be dangling.
[WARNING RSZ-0104] Net _285218_ only has one pin. Check if it is intended to be dangling.
[WARNING RSZ-0104] Net _285204_ only has one pin. Check if it is intended to be dangling.
[WARNING RSZ-0104] Net _285185_ only has one pin. Check if it is intended to be dangling.
[WARNING RSZ-0104] Net _285184_ only has one pin. Check if it is intended to be dangling.
[WARNING RSZ-0104] Net _285180_ only has one pin. Check if it is intended to be dangling.
[WARNING RSZ-0104] Net _285178_ only has one pin. Check if it is intended to be dangling.
[WARNING RSZ-0104] Net _285175_ only has one pin. Check if it is intended to be dangling.
[WARNING RSZ-0104] Net _285167_ only has one pin. Check if it is intended to be dangling.
[WARNING RSZ-0104] Net _285155_ only has one pin. Check if it is intended to be dangling.
[WARNING RSZ-0104] Net _285153_ only has one pin. Check if it is intended to be dangling.
[WARNING RSZ-0104] Net _285152_ only has one pin. Check if it is intended to be dangling.
[WARNING RSZ-0104] Net _285150_ only has one pin. Check if it is intended to be dangling.
[WARNING RSZ-0104] Net _285135_ only has one pin. Check if it is intended to be dangling.
[WARNING RSZ-0104] Net _285132_ only has one pin. Check if it is intended to be dangling.
[WARNING RSZ-0104] Net _285131_ only has one pin. Check if it is intended to be dangling.
[WARNING RSZ-0104] Net _285125_ only has one pin. Check if it is intended to be dangling.
[WARNING RSZ-0104] Net _285122_ only has one pin. Check if it is intended to be dangling.
[WARNING RSZ-0104] Net _285121_ only has one pin. Check if it is intended to be dangling.
[WARNING RSZ-0104] Net _285120_ only has one pin. Check if it is intended to be dangling.
[WARNING RSZ-0104] Net _285119_ only has one pin. Check if it is intended to be dangling.
[WARNING RSZ-0104] Net _285117_ only has one pin. Check if it is intended to be dangling.
[WARNING RSZ-0104] Net _285105_ only has one pin. Check if it is intended to be dangling.
[WARNING RSZ-0104] Net _285082_ only has one pin. Check if it is intended to be dangling.
[WARNING RSZ-0104] Net _285079_ only has one pin. Check if it is intended to be dangling.
[WARNING RSZ-0104] Net _285078_ only has one pin. Check if it is intended to be dangling.
[WARNING RSZ-0104] Net _285076_ only has one pin. Check if it is intended to be dangling.
   234000 |     +0.0% |       0 |      10 |            10 |     66165
   235000 |     +0.0% |       0 |      10 |            10 |     65165
   236000 |     +0.0% |       0 |      10 |            10 |     64165
   237000 |     +0.0% |       0 |      10 |            10 |     63165
   238000 |     +0.0% |       0 |      10 |            10 |     62165
   239000 |     +0.0% |       0 |      10 |            10 |     61165
   240000 |     +0.0% |       0 |      10 |            10 |     60165
   241000 |     +0.0% |       0 |      10 |            10 |     59165
   242000 |     +0.0% |       0 |      10 |            10 |     58165
   243000 |     +0.0% |       0 |      10 |            10 |     57165
[WARNING RSZ-0104] Net _285777_ only has one pin. Check if it is intended to be dangling.
[WARNING RSZ-0104] Net _285775_ only has one pin. Check if it is intended to be dangling.
[WARNING RSZ-0104] Net _285772_ only has one pin. Check if it is intended to be dangling.
[WARNING RSZ-0104] Net _285768_ only has one pin. Check if it is intended to be dangling.
[WARNING RSZ-0104] Net _285766_ only has one pin. Check if it is intended to be dangling.
[WARNING RSZ-0104] Net _285765_ only has one pin. Check if it is intended to be dangling.
[WARNING RSZ-0104] Net _285763_ only has one pin. Check if it is intended to be dangling.
[WARNING RSZ-0104] Net _285753_ only has one pin. Check if it is intended to be dangling.
[WARNING RSZ-0104] Net _285750_ only has one pin. Check if it is intended to be dangling.
[WARNING RSZ-0104] Net _285748_ only has one pin. Check if it is intended to be dangling.
[WARNING RSZ-0104] Net _285747_ only has one pin. Check if it is intended to be dangling.
[WARNING RSZ-0104] Net _285737_ only has one pin. Check if it is intended to be dangling.
[WARNING RSZ-0104] Net _285733_ only has one pin. Check if it is intended to be dangling.
[WARNING RSZ-0104] Net _285730_ only has one pin. Check if it is intended to be dangling.
[WARNING RSZ-0104] Net _285729_ only has one pin. Check if it is intended to be dangling.
[WARNING RSZ-0104] Net _285727_ only has one pin. Check if it is intended to be dangling.
[WARNING RSZ-0104] Net _285726_ only has one pin. Check if it is intended to be dangling.
[WARNING RSZ-0104] Net _285722_ only has one pin. Check if it is intended to be dangling.
[WARNING RSZ-0104] Net _285721_ only has one pin. Check if it is intended to be dangling.
[WARNING RSZ-0104] Net _285720_ only has one pin. Check if it is intended to be dangling.
[WARNING RSZ-0104] Net _285718_ only has one pin. Check if it is intended to be dangling.
[WARNING RSZ-0104] Net _285717_ only has one pin. Check if it is intended to be dangling.
[WARNING RSZ-0104] Net _285710_ only has one pin. Check if it is intended to be dangling.
[WARNING RSZ-0104] Net _285696_ only has one pin. Check if it is intended to be dangling.
[WARNING RSZ-0104] Net _285691_ only has one pin. Check if it is intended to be dangling.
[WARNING RSZ-0104] Net _285685_ only has one pin. Check if it is intended to be dangling.
[WARNING RSZ-0104] Net _285682_ only has one pin. Check if it is intended to be dangling.
[WARNING RSZ-0104] Net _285657_ only has one pin. Check if it is intended to be dangling.
[WARNING RSZ-0104] Net _285656_ only has one pin. Check if it is intended to be dangling.
[WARNING RSZ-0104] Net _285652_ only has one pin. Check if it is intended to be dangling.
[WARNING RSZ-0104] Net _285650_ only has one pin. Check if it is intended to be dangling.
[WARNING RSZ-0104] Net _285649_ only has one pin. Check if it is intended to be dangling.
[WARNING RSZ-0104] Net _285644_ only has one pin. Check if it is intended to be dangling.
   244000 |     +0.0% |       0 |      10 |            10 |     56165
[WARNING RSZ-0104] Net _285640_ only has one pin. Check if it is intended to be dangling.
[WARNING RSZ-0104] Net _285633_ only has one pin. Check if it is intended to be dangling.
[WARNING RSZ-0104] Net _285631_ only has one pin. Check if it is intended to be dangling.
[WARNING RSZ-0104] Net _285628_ only has one pin. Check if it is intended to be dangling.
[WARNING RSZ-0104] Net _285622_ only has one pin. Check if it is intended to be dangling.
[WARNING RSZ-0104] Net _285614_ only has one pin. Check if it is intended to be dangling.
[WARNING RSZ-0104] Net _285612_ only has one pin. Check if it is intended to be dangling.
[WARNING RSZ-0104] Net _285609_ only has one pin. Check if it is intended to be dangling.
[WARNING RSZ-0104] Net _285608_ only has one pin. Check if it is intended to be dangling.
[WARNING RSZ-0104] Net _285606_ only has one pin. Check if it is intended to be dangling.
[WARNING RSZ-0104] Net _285601_ only has one pin. Check if it is intended to be dangling.
[WARNING RSZ-0104] Net _285600_ only has one pin. Check if it is intended to be dangling.
[WARNING RSZ-0104] Net _285599_ only has one pin. Check if it is intended to be dangling.
[WARNING RSZ-0104] Net _285598_ only has one pin. Check if it is intended to be dangling.
[WARNING RSZ-0104] Net _285596_ only has one pin. Check if it is intended to be dangling.
[WARNING RSZ-0104] Net _285591_ only has one pin. Check if it is intended to be dangling.
[WARNING RSZ-0104] Net _285589_ only has one pin. Check if it is intended to be dangling.
[WARNING RSZ-0104] Net _285586_ only has one pin. Check if it is intended to be dangling.
[WARNING RSZ-0104] Net _285581_ only has one pin. Check if it is intended to be dangling.
[WARNING RSZ-0104] Net _285580_ only has one pin. Check if it is intended to be dangling.
[WARNING RSZ-0104] Net _285579_ only has one pin. Check if it is intended to be dangling.
[WARNING RSZ-0104] Net _285575_ only has one pin. Check if it is intended to be dangling.
[WARNING RSZ-0104] Net _285572_ only has one pin. Check if it is intended to be dangling.
[WARNING RSZ-0104] Net _285571_ only has one pin. Check if it is intended to be dangling.
[WARNING RSZ-0104] Net _285566_ only has one pin. Check if it is intended to be dangling.
[WARNING RSZ-0104] Net _285562_ only has one pin. Check if it is intended to be dangling.
[WARNING RSZ-0104] Net _285561_ only has one pin. Check if it is intended to be dangling.
[WARNING RSZ-0104] Net _285555_ only has one pin. Check if it is intended to be dangling.
[WARNING RSZ-0104] Net _285554_ only has one pin. Check if it is intended to be dangling.
[WARNING RSZ-0104] Net _285550_ only has one pin. Check if it is intended to be dangling.
[WARNING RSZ-0104] Net _285546_ only has one pin. Check if it is intended to be dangling.
[WARNING RSZ-0104] Net _285544_ only has one pin. Check if it is intended to be dangling.
[WARNING RSZ-0104] Net _285543_ only has one pin. Check if it is intended to be dangling.
[WARNING RSZ-0104] Net _285541_ only has one pin. Check if it is intended to be dangling.
[WARNING RSZ-0104] Net _285539_ only has one pin. Check if it is intended to be dangling.
[WARNING RSZ-0104] Net _285536_ only has one pin. Check if it is intended to be dangling.
[WARNING RSZ-0104] Net _285534_ only has one pin. Check if it is intended to be dangling.
[WARNING RSZ-0104] Net _285533_ only has one pin. Check if it is intended to be dangling.
[WARNING RSZ-0104] Net _285532_ only has one pin. Check if it is intended to be dangling.
[WARNING RSZ-0104] Net _285530_ only has one pin. Check if it is intended to be dangling.
   245000 |     +0.0% |       0 |      10 |            10 |     55165
[WARNING RSZ-0104] Net _285527_ only has one pin. Check if it is intended to be dangling.
[WARNING RSZ-0104] Net _285525_ only has one pin. Check if it is intended to be dangling.
[WARNING RSZ-0104] Net _285519_ only has one pin. Check if it is intended to be dangling.
[WARNING RSZ-0104] Net _285518_ only has one pin. Check if it is intended to be dangling.
[WARNING RSZ-0104] Net _285517_ only has one pin. Check if it is intended to be dangling.
[WARNING RSZ-0104] Net _285515_ only has one pin. Check if it is intended to be dangling.
[WARNING RSZ-0104] Net _285508_ only has one pin. Check if it is intended to be dangling.
[WARNING RSZ-0104] Net _285507_ only has one pin. Check if it is intended to be dangling.
[WARNING RSZ-0104] Net _285501_ only has one pin. Check if it is intended to be dangling.
[WARNING RSZ-0104] Net _285500_ only has one pin. Check if it is intended to be dangling.
[WARNING RSZ-0104] Net _285498_ only has one pin. Check if it is intended to be dangling.
[WARNING RSZ-0104] Net _285497_ only has one pin. Check if it is intended to be dangling.
[WARNING RSZ-0104] Net _285496_ only has one pin. Check if it is intended to be dangling.
[WARNING RSZ-0104] Net _285495_ only has one pin. Check if it is intended to be dangling.
[WARNING RSZ-0104] Net _285494_ only has one pin. Check if it is intended to be dangling.
[WARNING RSZ-0104] Net _285493_ only has one pin. Check if it is intended to be dangling.
[WARNING RSZ-0104] Net _285492_ only has one pin. Check if it is intended to be dangling.
[WARNING RSZ-0104] Net _285489_ only has one pin. Check if it is intended to be dangling.
[WARNING RSZ-0104] Net _285478_ only has one pin. Check if it is intended to be dangling.
[WARNING RSZ-0104] Net _285476_ only has one pin. Check if it is intended to be dangling.
[WARNING RSZ-0104] Net _285460_ only has one pin. Check if it is intended to be dangling.
[WARNING RSZ-0104] Net _285451_ only has one pin. Check if it is intended to be dangling.
[WARNING RSZ-0104] Net _285450_ only has one pin. Check if it is intended to be dangling.
[WARNING RSZ-0104] Net _285449_ only has one pin. Check if it is intended to be dangling.
[WARNING RSZ-0104] Net _285448_ only has one pin. Check if it is intended to be dangling.
[WARNING RSZ-0104] Net _285447_ only has one pin. Check if it is intended to be dangling.
[WARNING RSZ-0104] Net _285445_ only has one pin. Check if it is intended to be dangling.
[WARNING RSZ-0104] Net _285442_ only has one pin. Check if it is intended to be dangling.
[WARNING RSZ-0104] Net _285441_ only has one pin. Check if it is intended to be dangling.
[WARNING RSZ-0104] Net _285438_ only has one pin. Check if it is intended to be dangling.
[WARNING RSZ-0104] Net _285436_ only has one pin. Check if it is intended to be dangling.
[WARNING RSZ-0104] Net _285434_ only has one pin. Check if it is intended to be dangling.
[WARNING RSZ-0104] Net _285432_ only has one pin. Check if it is intended to be dangling.
[WARNING RSZ-0104] Net _285430_ only has one pin. Check if it is intended to be dangling.
   246000 |     +0.0% |       0 |      10 |            10 |     54165
[WARNING RSZ-0104] Net _285428_ only has one pin. Check if it is intended to be dangling.
[WARNING RSZ-0104] Net _285422_ only has one pin. Check if it is intended to be dangling.
[WARNING RSZ-0104] Net _285419_ only has one pin. Check if it is intended to be dangling.
[WARNING RSZ-0104] Net _285417_ only has one pin. Check if it is intended to be dangling.
[WARNING RSZ-0104] Net _285416_ only has one pin. Check if it is intended to be dangling.
[WARNING RSZ-0104] Net _285412_ only has one pin. Check if it is intended to be dangling.
[WARNING RSZ-0104] Net _285408_ only has one pin. Check if it is intended to be dangling.
[WARNING RSZ-0104] Net _285407_ only has one pin. Check if it is intended to be dangling.
[WARNING RSZ-0104] Net _285406_ only has one pin. Check if it is intended to be dangling.
[WARNING RSZ-0104] Net _285405_ only has one pin. Check if it is intended to be dangling.
[WARNING RSZ-0104] Net _285403_ only has one pin. Check if it is intended to be dangling.
[WARNING RSZ-0104] Net _285402_ only has one pin. Check if it is intended to be dangling.
[WARNING RSZ-0104] Net _285401_ only has one pin. Check if it is intended to be dangling.
[WARNING RSZ-0104] Net _285400_ only has one pin. Check if it is intended to be dangling.
[WARNING RSZ-0104] Net _285398_ only has one pin. Check if it is intended to be dangling.
[WARNING RSZ-0104] Net _285394_ only has one pin. Check if it is intended to be dangling.
[WARNING RSZ-0104] Net _285393_ only has one pin. Check if it is intended to be dangling.
[WARNING RSZ-0104] Net _285392_ only has one pin. Check if it is intended to be dangling.
[WARNING RSZ-0104] Net _285389_ only has one pin. Check if it is intended to be dangling.
[WARNING RSZ-0104] Net _285387_ only has one pin. Check if it is intended to be dangling.
[WARNING RSZ-0104] Net _285386_ only has one pin. Check if it is intended to be dangling.
[WARNING RSZ-0104] Net _285385_ only has one pin. Check if it is intended to be dangling.
[WARNING RSZ-0104] Net _285382_ only has one pin. Check if it is intended to be dangling.
[WARNING RSZ-0104] Net _285381_ only has one pin. Check if it is intended to be dangling.
[WARNING RSZ-0104] Net _285378_ only has one pin. Check if it is intended to be dangling.
[WARNING RSZ-0104] Net _285377_ only has one pin. Check if it is intended to be dangling.
[WARNING RSZ-0104] Net _285374_ only has one pin. Check if it is intended to be dangling.
[WARNING RSZ-0104] Net _285372_ only has one pin. Check if it is intended to be dangling.
[WARNING RSZ-0104] Net _285371_ only has one pin. Check if it is intended to be dangling.
[WARNING RSZ-0104] Net _285370_ only has one pin. Check if it is intended to be dangling.
[WARNING RSZ-0104] Net _285368_ only has one pin. Check if it is intended to be dangling.
[WARNING RSZ-0104] Net _285367_ only has one pin. Check if it is intended to be dangling.
[WARNING RSZ-0104] Net _285364_ only has one pin. Check if it is intended to be dangling.
[WARNING RSZ-0104] Net _285359_ only has one pin. Check if it is intended to be dangling.
[WARNING RSZ-0104] Net _285358_ only has one pin. Check if it is intended to be dangling.
[WARNING RSZ-0104] Net _285357_ only has one pin. Check if it is intended to be dangling.
[WARNING RSZ-0104] Net _285355_ only has one pin. Check if it is intended to be dangling.
[WARNING RSZ-0104] Net _285354_ only has one pin. Check if it is intended to be dangling.
[WARNING RSZ-0104] Net _285353_ only has one pin. Check if it is intended to be dangling.
[WARNING RSZ-0104] Net _285350_ only has one pin. Check if it is intended to be dangling.
[WARNING RSZ-0104] Net _285349_ only has one pin. Check if it is intended to be dangling.
[WARNING RSZ-0104] Net _285348_ only has one pin. Check if it is intended to be dangling.
[WARNING RSZ-0104] Net _285347_ only has one pin. Check if it is intended to be dangling.
[WARNING RSZ-0104] Net _285346_ only has one pin. Check if it is intended to be dangling.
[WARNING RSZ-0104] Net _285345_ only has one pin. Check if it is intended to be dangling.
[WARNING RSZ-0104] Net _285342_ only has one pin. Check if it is intended to be dangling.
[WARNING RSZ-0104] Net _285341_ only has one pin. Check if it is intended to be dangling.
[WARNING RSZ-0104] Net _285340_ only has one pin. Check if it is intended to be dangling.
[WARNING RSZ-0104] Net _285337_ only has one pin. Check if it is intended to be dangling.
[WARNING RSZ-0104] Net _285335_ only has one pin. Check if it is intended to be dangling.
[WARNING RSZ-0104] Net _285334_ only has one pin. Check if it is intended to be dangling.
[WARNING RSZ-0104] Net _285333_ only has one pin. Check if it is intended to be dangling.
[WARNING RSZ-0104] Net _285332_ only has one pin. Check if it is intended to be dangling.
[WARNING RSZ-0104] Net _285331_ only has one pin. Check if it is intended to be dangling.
[WARNING RSZ-0104] Net _285330_ only has one pin. Check if it is intended to be dangling.
[WARNING RSZ-0104] Net _285328_ only has one pin. Check if it is intended to be dangling.
[WARNING RSZ-0104] Net _285327_ only has one pin. Check if it is intended to be dangling.
[WARNING RSZ-0104] Net _285326_ only has one pin. Check if it is intended to be dangling.
[WARNING RSZ-0104] Net _285325_ only has one pin. Check if it is intended to be dangling.
[WARNING RSZ-0104] Net _285324_ only has one pin. Check if it is intended to be dangling.
[WARNING RSZ-0104] Net _285323_ only has one pin. Check if it is intended to be dangling.
[WARNING RSZ-0104] Net _285320_ only has one pin. Check if it is intended to be dangling.
[WARNING RSZ-0104] Net _285319_ only has one pin. Check if it is intended to be dangling.
[WARNING RSZ-0104] Net _285318_ only has one pin. Check if it is intended to be dangling.
[WARNING RSZ-0104] Net _285316_ only has one pin. Check if it is intended to be dangling.
[WARNING RSZ-0104] Net _285315_ only has one pin. Check if it is intended to be dangling.
[WARNING RSZ-0104] Net _285314_ only has one pin. Check if it is intended to be dangling.
[WARNING RSZ-0104] Net _285312_ only has one pin. Check if it is intended to be dangling.
[WARNING RSZ-0104] Net _285311_ only has one pin. Check if it is intended to be dangling.
[WARNING RSZ-0104] Net _285310_ only has one pin. Check if it is intended to be dangling.
[WARNING RSZ-0104] Net _285306_ only has one pin. Check if it is intended to be dangling.
[WARNING RSZ-0104] Net _285305_ only has one pin. Check if it is intended to be dangling.
[WARNING RSZ-0104] Net _285304_ only has one pin. Check if it is intended to be dangling.
[WARNING RSZ-0104] Net _285302_ only has one pin. Check if it is intended to be dangling.
[WARNING RSZ-0104] Net _285301_ only has one pin. Check if it is intended to be dangling.
[WARNING RSZ-0104] Net _285300_ only has one pin. Check if it is intended to be dangling.
[WARNING RSZ-0104] Net _285298_ only has one pin. Check if it is intended to be dangling.
[WARNING RSZ-0104] Net _285297_ only has one pin. Check if it is intended to be dangling.
[WARNING RSZ-0104] Net _285296_ only has one pin. Check if it is intended to be dangling.
[WARNING RSZ-0104] Net _285294_ only has one pin. Check if it is intended to be dangling.
[WARNING RSZ-0104] Net _285293_ only has one pin. Check if it is intended to be dangling.
[WARNING RSZ-0104] Net _285292_ only has one pin. Check if it is intended to be dangling.
[WARNING RSZ-0104] Net _285290_ only has one pin. Check if it is intended to be dangling.
[WARNING RSZ-0104] Net _285289_ only has one pin. Check if it is intended to be dangling.
[WARNING RSZ-0104] Net _285288_ only has one pin. Check if it is intended to be dangling.
[WARNING RSZ-0104] Net _285286_ only has one pin. Check if it is intended to be dangling.
[WARNING RSZ-0104] Net _285285_ only has one pin. Check if it is intended to be dangling.
[WARNING RSZ-0104] Net _285284_ only has one pin. Check if it is intended to be dangling.
[WARNING RSZ-0104] Net _285281_ only has one pin. Check if it is intended to be dangling.
[WARNING RSZ-0104] Net _285278_ only has one pin. Check if it is intended to be dangling.
[WARNING RSZ-0104] Net _285275_ only has one pin. Check if it is intended to be dangling.
[WARNING RSZ-0104] Net _285270_ only has one pin. Check if it is intended to be dangling.
[WARNING RSZ-0104] Net _285269_ only has one pin. Check if it is intended to be dangling.
[WARNING RSZ-0104] Net _285268_ only has one pin. Check if it is intended to be dangling.
[WARNING RSZ-0104] Net _285266_ only has one pin. Check if it is intended to be dangling.
[WARNING RSZ-0104] Net _285265_ only has one pin. Check if it is intended to be dangling.
[WARNING RSZ-0104] Net _285264_ only has one pin. Check if it is intended to be dangling.
[WARNING RSZ-0104] Net _285262_ only has one pin. Check if it is intended to be dangling.
[WARNING RSZ-0104] Net _285261_ only has one pin. Check if it is intended to be dangling.
[WARNING RSZ-0104] Net _285260_ only has one pin. Check if it is intended to be dangling.
[WARNING RSZ-0104] Net _285259_ only has one pin. Check if it is intended to be dangling.
[WARNING RSZ-0104] Net _285258_ only has one pin. Check if it is intended to be dangling.
[WARNING RSZ-0104] Net _285257_ only has one pin. Check if it is intended to be dangling.
[WARNING RSZ-0104] Net _285255_ only has one pin. Check if it is intended to be dangling.
[WARNING RSZ-0104] Net _285254_ only has one pin. Check if it is intended to be dangling.
[WARNING RSZ-0104] Net _285253_ only has one pin. Check if it is intended to be dangling.
[WARNING RSZ-0104] Net _285252_ only has one pin. Check if it is intended to be dangling.
[WARNING RSZ-0104] Net _285251_ only has one pin. Check if it is intended to be dangling.
[WARNING RSZ-0104] Net _285250_ only has one pin. Check if it is intended to be dangling.
[WARNING RSZ-0104] Net _285248_ only has one pin. Check if it is intended to be dangling.
[WARNING RSZ-0104] Net _285247_ only has one pin. Check if it is intended to be dangling.
[WARNING RSZ-0104] Net _285246_ only has one pin. Check if it is intended to be dangling.
[WARNING RSZ-0104] Net _285244_ only has one pin. Check if it is intended to be dangling.
[WARNING RSZ-0104] Net _285243_ only has one pin. Check if it is intended to be dangling.
[WARNING RSZ-0104] Net _285241_ only has one pin. Check if it is intended to be dangling.
[WARNING RSZ-0104] Net _285240_ only has one pin. Check if it is intended to be dangling.
[WARNING RSZ-0104] Net _285235_ only has one pin. Check if it is intended to be dangling.
[WARNING RSZ-0104] Net _285234_ only has one pin. Check if it is intended to be dangling.
[WARNING RSZ-0104] Net _285233_ only has one pin. Check if it is intended to be dangling.
[WARNING RSZ-0104] Net _285232_ only has one pin. Check if it is intended to be dangling.
[WARNING RSZ-0104] Net _285231_ only has one pin. Check if it is intended to be dangling.
[WARNING RSZ-0104] Net _285230_ only has one pin. Check if it is intended to be dangling.
[WARNING RSZ-0104] Net _285228_ only has one pin. Check if it is intended to be dangling.
[WARNING RSZ-0104] Net _285227_ only has one pin. Check if it is intended to be dangling.
[WARNING RSZ-0104] Net _285224_ only has one pin. Check if it is intended to be dangling.
[WARNING RSZ-0104] Net _285223_ only has one pin. Check if it is intended to be dangling.
[WARNING RSZ-0104] Net _285222_ only has one pin. Check if it is intended to be dangling.
[WARNING RSZ-0104] Net _285219_ only has one pin. Check if it is intended to be dangling.
[WARNING RSZ-0104] Net _285217_ only has one pin. Check if it is intended to be dangling.
[WARNING RSZ-0104] Net _285216_ only has one pin. Check if it is intended to be dangling.
[WARNING RSZ-0104] Net _285215_ only has one pin. Check if it is intended to be dangling.
[WARNING RSZ-0104] Net _285214_ only has one pin. Check if it is intended to be dangling.
[WARNING RSZ-0104] Net _285213_ only has one pin. Check if it is intended to be dangling.
[WARNING RSZ-0104] Net _285212_ only has one pin. Check if it is intended to be dangling.
[WARNING RSZ-0104] Net _285211_ only has one pin. Check if it is intended to be dangling.
[WARNING RSZ-0104] Net _285210_ only has one pin. Check if it is intended to be dangling.
[WARNING RSZ-0104] Net _285209_ only has one pin. Check if it is intended to be dangling.
[WARNING RSZ-0104] Net _285207_ only has one pin. Check if it is intended to be dangling.
[WARNING RSZ-0104] Net _285203_ only has one pin. Check if it is intended to be dangling.
[WARNING RSZ-0104] Net _285200_ only has one pin. Check if it is intended to be dangling.
[WARNING RSZ-0104] Net _285199_ only has one pin. Check if it is intended to be dangling.
[WARNING RSZ-0104] Net _285198_ only has one pin. Check if it is intended to be dangling.
[WARNING RSZ-0104] Net _285197_ only has one pin. Check if it is intended to be dangling.
[WARNING RSZ-0104] Net _285195_ only has one pin. Check if it is intended to be dangling.
[WARNING RSZ-0104] Net _285194_ only has one pin. Check if it is intended to be dangling.
[WARNING RSZ-0104] Net _285193_ only has one pin. Check if it is intended to be dangling.
[WARNING RSZ-0104] Net _285192_ only has one pin. Check if it is intended to be dangling.
[WARNING RSZ-0104] Net _285191_ only has one pin. Check if it is intended to be dangling.
[WARNING RSZ-0104] Net _285190_ only has one pin. Check if it is intended to be dangling.
[WARNING RSZ-0104] Net _285188_ only has one pin. Check if it is intended to be dangling.
[WARNING RSZ-0104] Net _285187_ only has one pin. Check if it is intended to be dangling.
[WARNING RSZ-0104] Net _285186_ only has one pin. Check if it is intended to be dangling.
   247000 |     +0.0% |       0 |      10 |            10 |     53165
[WARNING RSZ-0104] Net _285183_ only has one pin. Check if it is intended to be dangling.
[WARNING RSZ-0104] Net _285179_ only has one pin. Check if it is intended to be dangling.
[WARNING RSZ-0104] Net _285177_ only has one pin. Check if it is intended to be dangling.
[WARNING RSZ-0104] Net _285176_ only has one pin. Check if it is intended to be dangling.
[WARNING RSZ-0104] Net _285174_ only has one pin. Check if it is intended to be dangling.
[WARNING RSZ-0104] Net _285173_ only has one pin. Check if it is intended to be dangling.
[WARNING RSZ-0104] Net _285172_ only has one pin. Check if it is intended to be dangling.
[WARNING RSZ-0104] Net _285170_ only has one pin. Check if it is intended to be dangling.
[WARNING RSZ-0104] Net _285169_ only has one pin. Check if it is intended to be dangling.
[WARNING RSZ-0104] Net _285168_ only has one pin. Check if it is intended to be dangling.
[WARNING RSZ-0104] Net _285166_ only has one pin. Check if it is intended to be dangling.
[WARNING RSZ-0104] Net _285164_ only has one pin. Check if it is intended to be dangling.
[WARNING RSZ-0104] Net _285163_ only has one pin. Check if it is intended to be dangling.
[WARNING RSZ-0104] Net _285162_ only has one pin. Check if it is intended to be dangling.
[WARNING RSZ-0104] Net _285159_ only has one pin. Check if it is intended to be dangling.
[WARNING RSZ-0104] Net _285158_ only has one pin. Check if it is intended to be dangling.
[WARNING RSZ-0104] Net _285157_ only has one pin. Check if it is intended to be dangling.
[WARNING RSZ-0104] Net _285154_ only has one pin. Check if it is intended to be dangling.
[WARNING RSZ-0104] Net _285151_ only has one pin. Check if it is intended to be dangling.
[WARNING RSZ-0104] Net _285149_ only has one pin. Check if it is intended to be dangling.
[WARNING RSZ-0104] Net _285148_ only has one pin. Check if it is intended to be dangling.
[WARNING RSZ-0104] Net _285147_ only has one pin. Check if it is intended to be dangling.
[WARNING RSZ-0104] Net _285144_ only has one pin. Check if it is intended to be dangling.
[WARNING RSZ-0104] Net _285143_ only has one pin. Check if it is intended to be dangling.
[WARNING RSZ-0104] Net _285142_ only has one pin. Check if it is intended to be dangling.
[WARNING RSZ-0104] Net _285140_ only has one pin. Check if it is intended to be dangling.
[WARNING RSZ-0104] Net _285139_ only has one pin. Check if it is intended to be dangling.
[WARNING RSZ-0104] Net _285138_ only has one pin. Check if it is intended to be dangling.
[WARNING RSZ-0104] Net _285134_ only has one pin. Check if it is intended to be dangling.
[WARNING RSZ-0104] Net _285133_ only has one pin. Check if it is intended to be dangling.
[WARNING RSZ-0104] Net _285129_ only has one pin. Check if it is intended to be dangling.
[WARNING RSZ-0104] Net _285128_ only has one pin. Check if it is intended to be dangling.
[WARNING RSZ-0104] Net _285124_ only has one pin. Check if it is intended to be dangling.
[WARNING RSZ-0104] Net _285123_ only has one pin. Check if it is intended to be dangling.
[WARNING RSZ-0104] Net _285113_ only has one pin. Check if it is intended to be dangling.
[WARNING RSZ-0104] Net _285102_ only has one pin. Check if it is intended to be dangling.
[WARNING RSZ-0104] Net _285101_ only has one pin. Check if it is intended to be dangling.
[WARNING RSZ-0104] Net _285097_ only has one pin. Check if it is intended to be dangling.
[WARNING RSZ-0104] Net _285095_ only has one pin. Check if it is intended to be dangling.
[WARNING RSZ-0104] Net _285094_ only has one pin. Check if it is intended to be dangling.
[WARNING RSZ-0104] Net _285092_ only has one pin. Check if it is intended to be dangling.
[WARNING RSZ-0104] Net _285091_ only has one pin. Check if it is intended to be dangling.
[WARNING RSZ-0104] Net _285090_ only has one pin. Check if it is intended to be dangling.
[WARNING RSZ-0104] Net _285086_ only has one pin. Check if it is intended to be dangling.
[WARNING RSZ-0104] Net _285085_ only has one pin. Check if it is intended to be dangling.
[WARNING RSZ-0104] Net _285083_ only has one pin. Check if it is intended to be dangling.
[WARNING RSZ-0104] Net _285081_ only has one pin. Check if it is intended to be dangling.
[WARNING RSZ-0104] Net _285075_ only has one pin. Check if it is intended to be dangling.
   248000 |     +0.0% |       0 |      10 |            10 |     52165
   249000 |     +0.0% |       0 |      10 |            10 |     51165
[WARNING RSZ-0104] Net _285778_ only has one pin. Check if it is intended to be dangling.
[WARNING RSZ-0104] Net _285761_ only has one pin. Check if it is intended to be dangling.
   250000 |     +0.0% |       0 |      10 |            10 |     50165
[WARNING RSZ-0104] Net _285757_ only has one pin. Check if it is intended to be dangling.
[WARNING RSZ-0104] Net _285755_ only has one pin. Check if it is intended to be dangling.
[WARNING RSZ-0104] Net _285743_ only has one pin. Check if it is intended to be dangling.
[WARNING RSZ-0104] Net _285741_ only has one pin. Check if it is intended to be dangling.
[WARNING RSZ-0104] Net _285738_ only has one pin. Check if it is intended to be dangling.
[WARNING RSZ-0104] Net _285728_ only has one pin. Check if it is intended to be dangling.
[WARNING RSZ-0104] Net _285725_ only has one pin. Check if it is intended to be dangling.
[WARNING RSZ-0104] Net _285723_ only has one pin. Check if it is intended to be dangling.
[WARNING RSZ-0104] Net _285711_ only has one pin. Check if it is intended to be dangling.
[WARNING RSZ-0104] Net _285707_ only has one pin. Check if it is intended to be dangling.
[WARNING RSZ-0104] Net _285704_ only has one pin. Check if it is intended to be dangling.
[WARNING RSZ-0104] Net _285698_ only has one pin. Check if it is intended to be dangling.
[WARNING RSZ-0104] Net _285692_ only has one pin. Check if it is intended to be dangling.
[WARNING RSZ-0104] Net _285686_ only has one pin. Check if it is intended to be dangling.
[WARNING RSZ-0104] Net _285681_ only has one pin. Check if it is intended to be dangling.
[WARNING RSZ-0104] Net _285679_ only has one pin. Check if it is intended to be dangling.
[WARNING RSZ-0104] Net _285676_ only has one pin. Check if it is intended to be dangling.
[WARNING RSZ-0104] Net _285673_ only has one pin. Check if it is intended to be dangling.
[WARNING RSZ-0104] Net _285653_ only has one pin. Check if it is intended to be dangling.
[WARNING RSZ-0104] Net _285645_ only has one pin. Check if it is intended to be dangling.
[WARNING RSZ-0104] Net _285641_ only has one pin. Check if it is intended to be dangling.
[WARNING RSZ-0104] Net _285637_ only has one pin. Check if it is intended to be dangling.
[WARNING RSZ-0104] Net _285630_ only has one pin. Check if it is intended to be dangling.
[WARNING RSZ-0104] Net _285623_ only has one pin. Check if it is intended to be dangling.
[WARNING RSZ-0104] Net _285621_ only has one pin. Check if it is intended to be dangling.
[WARNING RSZ-0104] Net _285604_ only has one pin. Check if it is intended to be dangling.
   251000 |     +0.0% |       0 |      10 |            10 |     49165
[WARNING RSZ-0104] Net _285558_ only has one pin. Check if it is intended to be dangling.
[WARNING RSZ-0104] Net _285548_ only has one pin. Check if it is intended to be dangling.
[WARNING RSZ-0104] Net _285520_ only has one pin. Check if it is intended to be dangling.
[WARNING RSZ-0104] Net _285511_ only has one pin. Check if it is intended to be dangling.
[WARNING RSZ-0104] Net _285509_ only has one pin. Check if it is intended to be dangling.
[WARNING RSZ-0104] Net _285485_ only has one pin. Check if it is intended to be dangling.
   252000 |     +0.0% |       0 |      10 |            10 |     48165
[WARNING RSZ-0104] Net _285481_ only has one pin. Check if it is intended to be dangling.
[WARNING RSZ-0104] Net _285479_ only has one pin. Check if it is intended to be dangling.
[WARNING RSZ-0104] Net _285471_ only has one pin. Check if it is intended to be dangling.
[WARNING RSZ-0104] Net _285469_ only has one pin. Check if it is intended to be dangling.
[WARNING RSZ-0104] Net _285461_ only has one pin. Check if it is intended to be dangling.
   253000 |     +0.0% |       0 |      10 |            10 |     47165
[WARNING RSZ-0104] Net _285409_ only has one pin. Check if it is intended to be dangling.
[WARNING RSZ-0104] Net _285397_ only has one pin. Check if it is intended to be dangling.
[WARNING RSZ-0104] Net _285395_ only has one pin. Check if it is intended to be dangling.
[WARNING RSZ-0104] Net _285360_ only has one pin. Check if it is intended to be dangling.
[WARNING RSZ-0104] Net _285343_ only has one pin. Check if it is intended to be dangling.
[WARNING RSZ-0104] Net _285307_ only has one pin. Check if it is intended to be dangling.
   254000 |     +0.0% |       0 |      11 |            11 |     46165
[WARNING RSZ-0104] Net _285118_ only has one pin. Check if it is intended to be dangling.
[WARNING RSZ-0104] Net _285114_ only has one pin. Check if it is intended to be dangling.
[WARNING RSZ-0104] Net _285106_ only has one pin. Check if it is intended to be dangling.
[WARNING RSZ-0104] Net _285104_ only has one pin. Check if it is intended to be dangling.
[WARNING RSZ-0104] Net _285087_ only has one pin. Check if it is intended to be dangling.
[WARNING RSZ-0104] Net _285077_ only has one pin. Check if it is intended to be dangling.
[WARNING RSZ-0104] Net _285074_ only has one pin. Check if it is intended to be dangling.
   255000 |     +0.0% |       0 |      11 |            11 |     45165
   256000 |     +0.0% |       0 |      11 |            11 |     44165
[WARNING RSZ-0104] Net _285391_ only has one pin. Check if it is intended to be dangling.
[WARNING RSZ-0104] Net _285384_ only has one pin. Check if it is intended to be dangling.
[WARNING RSZ-0104] Net _285356_ only has one pin. Check if it is intended to be dangling.
[WARNING RSZ-0104] Net _285352_ only has one pin. Check if it is intended to be dangling.
[WARNING RSZ-0104] Net _285339_ only has one pin. Check if it is intended to be dangling.
[WARNING RSZ-0104] Net _285329_ only has one pin. Check if it is intended to be dangling.
[WARNING RSZ-0104] Net _285322_ only has one pin. Check if it is intended to be dangling.
[WARNING RSZ-0104] Net _285317_ only has one pin. Check if it is intended to be dangling.
[WARNING RSZ-0104] Net _285313_ only has one pin. Check if it is intended to be dangling.
[WARNING RSZ-0104] Net _285309_ only has one pin. Check if it is intended to be dangling.
[WARNING RSZ-0104] Net _285303_ only has one pin. Check if it is intended to be dangling.
[WARNING RSZ-0104] Net _285299_ only has one pin. Check if it is intended to be dangling.
[WARNING RSZ-0104] Net _285295_ only has one pin. Check if it is intended to be dangling.
[WARNING RSZ-0104] Net _285291_ only has one pin. Check if it is intended to be dangling.
[WARNING RSZ-0104] Net _285287_ only has one pin. Check if it is intended to be dangling.
[WARNING RSZ-0104] Net _285283_ only has one pin. Check if it is intended to be dangling.
[WARNING RSZ-0104] Net _285267_ only has one pin. Check if it is intended to be dangling.
[WARNING RSZ-0104] Net _285263_ only has one pin. Check if it is intended to be dangling.
[WARNING RSZ-0104] Net _285256_ only has one pin. Check if it is intended to be dangling.
[WARNING RSZ-0104] Net _285249_ only has one pin. Check if it is intended to be dangling.
[WARNING RSZ-0104] Net _285245_ only has one pin. Check if it is intended to be dangling.
[WARNING RSZ-0104] Net _285221_ only has one pin. Check if it is intended to be dangling.
[WARNING RSZ-0104] Net _285196_ only has one pin. Check if it is intended to be dangling.
[WARNING RSZ-0104] Net _285189_ only has one pin. Check if it is intended to be dangling.
[WARNING RSZ-0104] Net _285171_ only has one pin. Check if it is intended to be dangling.
[WARNING RSZ-0104] Net _285161_ only has one pin. Check if it is intended to be dangling.
[WARNING RSZ-0104] Net _285156_ only has one pin. Check if it is intended to be dangling.
[WARNING RSZ-0104] Net _285146_ only has one pin. Check if it is intended to be dangling.
[WARNING RSZ-0104] Net _285141_ only has one pin. Check if it is intended to be dangling.
[WARNING RSZ-0104] Net _285137_ only has one pin. Check if it is intended to be dangling.
   257000 |     +0.0% |       0 |      13 |            13 |     43165
[WARNING RSZ-0104] Net _285764_ only has one pin. Check if it is intended to be dangling.
[WARNING RSZ-0104] Net _285752_ only has one pin. Check if it is intended to be dangling.
[WARNING RSZ-0104] Net _285749_ only has one pin. Check if it is intended to be dangling.
[WARNING RSZ-0104] Net _285746_ only has one pin. Check if it is intended to be dangling.
[WARNING RSZ-0104] Net _285732_ only has one pin. Check if it is intended to be dangling.
[WARNING RSZ-0104] Net _285716_ only has one pin. Check if it is intended to be dangling.
[WARNING RSZ-0104] Net _285714_ only has one pin. Check if it is intended to be dangling.
[WARNING RSZ-0104] Net _285695_ only has one pin. Check if it is intended to be dangling.
[WARNING RSZ-0104] Net _285690_ only has one pin. Check if it is intended to be dangling.
[WARNING RSZ-0104] Net _285655_ only has one pin. Check if it is intended to be dangling.
[WARNING RSZ-0104] Net _285651_ only has one pin. Check if it is intended to be dangling.
[WARNING RSZ-0104] Net _285648_ only has one pin. Check if it is intended to be dangling.
[WARNING RSZ-0104] Net _285639_ only has one pin. Check if it is intended to be dangling.
[WARNING RSZ-0104] Net _285634_ only has one pin. Check if it is intended to be dangling.
[WARNING RSZ-0104] Net _285627_ only has one pin. Check if it is intended to be dangling.
[WARNING RSZ-0104] Net _285613_ only has one pin. Check if it is intended to be dangling.
[WARNING RSZ-0104] Net _285611_ only has one pin. Check if it is intended to be dangling.
[WARNING RSZ-0104] Net _285607_ only has one pin. Check if it is intended to be dangling.
[WARNING RSZ-0104] Net _285595_ only has one pin. Check if it is intended to be dangling.
[WARNING RSZ-0104] Net _285588_ only has one pin. Check if it is intended to be dangling.
[WARNING RSZ-0104] Net _285574_ only has one pin. Check if it is intended to be dangling.
[WARNING RSZ-0104] Net _285560_ only has one pin. Check if it is intended to be dangling.
[WARNING RSZ-0104] Net _285553_ only has one pin. Check if it is intended to be dangling.
[WARNING RSZ-0104] Net _285545_ only has one pin. Check if it is intended to be dangling.
[WARNING RSZ-0104] Net _285542_ only has one pin. Check if it is intended to be dangling.
[WARNING RSZ-0104] Net _285538_ only has one pin. Check if it is intended to be dangling.
[WARNING RSZ-0104] Net _285535_ only has one pin. Check if it is intended to be dangling.
[WARNING RSZ-0104] Net _285531_ only has one pin. Check if it is intended to be dangling.
[WARNING RSZ-0104] Net _285524_ only has one pin. Check if it is intended to be dangling.
[WARNING RSZ-0104] Net _285516_ only has one pin. Check if it is intended to be dangling.
[WARNING RSZ-0104] Net _285506_ only has one pin. Check if it is intended to be dangling.
[WARNING RSZ-0104] Net _285488_ only has one pin. Check if it is intended to be dangling.
[WARNING RSZ-0104] Net _285477_ only has one pin. Check if it is intended to be dangling.
[WARNING RSZ-0104] Net _285440_ only has one pin. Check if it is intended to be dangling.
[WARNING RSZ-0104] Net _285437_ only has one pin. Check if it is intended to be dangling.
[WARNING RSZ-0104] Net _285435_ only has one pin. Check if it is intended to be dangling.
[WARNING RSZ-0104] Net _285431_ only has one pin. Check if it is intended to be dangling.
[WARNING RSZ-0104] Net _285427_ only has one pin. Check if it is intended to be dangling.
[WARNING RSZ-0104] Net _285421_ only has one pin. Check if it is intended to be dangling.
[WARNING RSZ-0104] Net _285418_ only has one pin. Check if it is intended to be dangling.
[WARNING RSZ-0104] Net _285411_ only has one pin. Check if it is intended to be dangling.
[WARNING RSZ-0104] Net _285399_ only has one pin. Check if it is intended to be dangling.
[WARNING RSZ-0104] Net _285376_ only has one pin. Check if it is intended to be dangling.
[WARNING RSZ-0104] Net _285373_ only has one pin. Check if it is intended to be dangling.
[WARNING RSZ-0104] Net _285100_ only has one pin. Check if it is intended to be dangling.
[WARNING RSZ-0104] Net _285093_ only has one pin. Check if it is intended to be dangling.
[WARNING RSZ-0104] Net _285089_ only has one pin. Check if it is intended to be dangling.
[WARNING RSZ-0104] Net _285084_ only has one pin. Check if it is intended to be dangling.
   258000 |     +0.0% |       0 |      13 |            13 |     42165
   259000 |     +0.0% |       0 |      13 |            13 |     41165
   260000 |     +0.0% |       0 |      13 |            13 |     40165
   261000 |     +0.0% |       0 |      13 |            13 |     39165
   262000 |     +0.0% |       0 |      13 |            13 |     38165
   263000 |     +0.0% |       0 |      13 |            13 |     37165
   264000 |     +0.0% |       0 |      13 |            13 |     36165
   265000 |     +0.0% |       0 |      13 |            13 |     35165
   266000 |     +0.0% |       0 |      13 |            13 |     34165
   267000 |     +0.0% |       0 |      13 |            13 |     33165
   268000 |     +0.0% |       0 |      13 |            13 |     32165
   269000 |     +0.0% |       0 |      13 |            13 |     31165
   270000 |     +0.0% |       0 |      13 |            13 |     30165
   271000 |     +0.0% |       0 |      13 |            13 |     29165
   272000 |     +0.0% |       0 |      13 |            13 |     28165
   273000 |     +0.0% |       0 |      13 |            13 |     27165
   274000 |     +0.0% |       0 |      13 |            13 |     26165
   275000 |     +0.0% |       0 |      13 |            13 |     25165
   276000 |     +0.0% |       0 |      13 |            13 |     24165
   277000 |     +0.0% |       0 |      13 |            13 |     23165
   278000 |     +0.0% |       0 |      13 |            13 |     22165
   279000 |     +0.0% |       0 |      13 |            13 |     21165
   280000 |     +0.0% |       0 |      13 |            13 |     20165
   281000 |     +0.0% |       0 |      13 |            13 |     19165
   282000 |     +0.0% |       0 |      13 |            13 |     18165
   283000 |     +0.0% |       0 |      13 |            13 |     17165
   284000 |     +0.0% |       0 |      13 |            13 |     16165
   285000 |     +0.0% |       0 |      13 |            13 |     15165
   286000 |     +0.0% |       0 |      13 |            13 |     14165
   287000 |     +0.0% |       0 |      13 |            13 |     13165
   288000 |     +0.0% |       0 |      13 |            13 |     12165
   289000 |     +0.0% |       0 |      13 |            13 |     11165
   290000 |     +0.0% |       0 |      13 |            13 |     10165
   291000 |     +0.0% |       0 |      13 |            13 |      9165
   292000 |     +0.0% |       0 |      14 |            14 |      8165
   293000 |     +0.0% |       0 |      16 |            16 |      7165
   294000 |     +0.0% |       0 |      16 |            16 |      6165
   295000 |     +0.0% |       0 |      16 |            16 |      5165
   296000 |     +0.0% |       0 |      16 |            16 |      4165
   297000 |     +0.0% |       0 |      16 |            16 |      3165
   298000 |     +0.0% |       0 |      16 |            16 |      2165
   299000 |     +0.0% |       0 |      16 |            16 |      1165
   300000 |     +0.0% |       0 |      16 |            16 |       165
    final |     +0.0% |       0 |      16 |            16 |         0
---------------------------------------------------------------------
[INFO RSZ-0034] Found 5 slew violations.
[INFO RSZ-0036] Found 11 capacitance violations.
[INFO RSZ-0038] Inserted 16 buffers in 16 nets.
[INFO RSZ-0504] Runtime: 48.50s
Took 49 seconds: repair_design -verbose
global_route -start_incremental
detailed_placement
[INFO DPL-0006] Core area: 71781.66 um^2
[INFO DPL-0007] Movable instances area: 28913.26 um^2
[INFO DPL-0008] Fixed instances area within core: 202.78 um^2
[INFO DPL-0009] Utilization: 40.6%
[INFO DPL-0005] Diamond search max displacement: +/- 500 sites horizontally, +/- 100 rows vertically.
[INFO DPL-1102] Legalizing using negotiation legalizer.
[INFO DPL-1103] Negotiation base search window: +/-20 sites horizontally, +/-5 rows vertically 
	Automatic search window extension enabled.
	Search window extendable up to the max displacement cap of +/-500 sites, +/-100 rows near walls.
[INFO DPL-1104] NegotiationLegalizer DRC penalty: 5.
[INFO DPL-0392] Negotiation cell height distribution (1 unique row-count(s)):
[INFO DPL-0393]   height 1 row(s): 270237 cells
          |      Total |  Illegal |  Illegal
Iteration | Violations |    Cells |    Sites
---------------------------------------------
        0 |          6 |         2 |         4
        1 |          0 |         0 |         0
Negotiation phase 1 converged at iteration 1.
[INFO DPL-0500] Runtime: 2.01s
Placement Analysis
---------------------------------
total displacement          7.1 u
average displacement        0.0 u
max displacement            0.8 u
original HPWL         1124711.1 u
legalized HPWL        1124715.0 u
delta HPWL                    0 %

global_route -end_incremental -resistance_aware -congestion_report_file /home/matheus-grossi/Projects/CNN/CNN/synth_org/convolution/reports/asap7/convolution/base/congestion_post_repair_design.rpt
Repair setup and hold violations...
estimate_parasitics -global_routing
Took 9 seconds: estimate_parasitics -global_routing
repair_timing -setup_margin 0 -hold_margin 0 -repair_tns 100 -verbose
[INFO RSZ-0100] Repair move sequence: UnbufferMove SizeUpMove SwapPinsMove BufferMove CloneMove SplitLoadMove 
[INFO RSZ-0098] No setup violations found
[INFO RSZ-0505] Runtime: 6.33s
[INFO RSZ-0033] No hold violations found.
[INFO RSZ-0506] Runtime: 2.10s
Took 8 seconds: repair_timing -setup_margin 0 -hold_margin 0 -repair_tns 100 -verbose
global_route -start_incremental
detailed_placement
[INFO DPL-0006] Core area: 71781.66 um^2
[INFO DPL-0007] Movable instances area: 28913.26 um^2
[INFO DPL-0008] Fixed instances area within core: 202.78 um^2
[INFO DPL-0009] Utilization: 40.6%
[INFO DPL-0005] Diamond search max displacement: +/- 500 sites horizontally, +/- 100 rows vertically.
[INFO DPL-1102] Legalizing using negotiation legalizer.
[INFO DPL-1103] Negotiation base search window: +/-20 sites horizontally, +/-5 rows vertically 
	Automatic search window extension enabled.
	Search window extendable up to the max displacement cap of +/-500 sites, +/-100 rows near walls.
[INFO DPL-1104] NegotiationLegalizer DRC penalty: 5.
[INFO DPL-0392] Negotiation cell height distribution (1 unique row-count(s)):
[INFO DPL-0393]   height 1 row(s): 270237 cells
[INFO DPL-0500] Runtime: 1.70s
Placement Analysis
---------------------------------
total displacement          0.0 u
average displacement        0.0 u
max displacement            0.0 u
original HPWL         1124715.0 u
legalized HPWL        1124715.0 u
delta HPWL                    0 %

check_placement -verbose
global_route -end_incremental -resistance_aware -congestion_report_file /home/matheus-grossi/Projects/CNN/CNN/synth_org/convolution/reports/asap7/convolution/base/congestion_post_repair_timing.rpt
estimate_parasitics -global_routing
Took 9 seconds: estimate_parasitics -global_routing
repair_timing -setup -sequence "vt_swap reroute" -skip_last_gasp -repair_tns 0 -verbose
[INFO RSZ-0100] Repair move sequence: RerouteMove 
[INFO RSZ-0098] No setup violations found
[INFO RSZ-0505] Runtime: 6.39s
Took 6 seconds: repair_timing -setup -sequence "vt_swap reroute" -skip_last_gasp -repair_tns 0 -verbose
Repair antennas...
[WARNING GRT-0246] No diode with LEF class CORE ANTENNACELL found.
[INFO ANT-0002] Found 0 net violations.
[INFO ANT-0001] Found 0 pin violations.
Estimate parasitics...
estimate_parasitics -global_routing
Took 9 seconds: estimate_parasitics -global_routing
Report metrics stage 5, global route...

==========================================================================
global route report_design_area
--------------------------------------------------------------------------
Design area 29116 um^2 41% utilization.
[INFO FLW-0007] clock core_clk period 10000.000000
[INFO FLW-0008] Clock core_clk period 4461.741
[INFO FLW-0009] Clock core_clk slack 5303.430
write_sdc -no_timestamp /home/matheus-grossi/Projects/CNN/CNN/synth_org/convolution/results/asap7/convolution/base/updated_clks.sdc
[INFO FLW-0011] Path endpoint path count 19864
write_db /home/matheus-grossi/Projects/CNN/CNN/synth_org/convolution/results/asap7/convolution/base/5_1_grt.odb
write_sdc -no_timestamp /home/matheus-grossi/Projects/CNN/CNN/synth_org/convolution/results/asap7/convolution/base/5_1_grt.sdc
Elapsed time: 10:22.75[h:]min:sec. CPU time: user 4489.86 sys 67.28 (731%). Peak memory: 4703712KB.
Log                       Ext     Elapsed/s Peak Memory/MB sha1sum result [0:20)
5_1_grt                   .odb          622           4593 f1d23e8f655d837c15b6
5_1_grt                   .sdc                             f1dfaaae099daf1d6cd1
