FST info: dumpfile ReLU_tb.vcd opened for output.
+-------------------------------------------------------------------------------+
|  TIME  |                IN                ||                OUT               |
+-------------------------------------------------------------------------------+
+-------------------------------------------------------------------------------+
|                               Test Case n* 1                                  |
+-------------------------------------------------------------------------------+
| 000000 | 01001001000010101001101010010010 || 01001001000010101001101010010010 |
| 000010 | 00100000010001001010111101000000 || 00100000010001001010111101000000 |
| 000020 | 00000010010000100110101100000100 || 00000010010000100110101100000100 |
| 000030 | 00011000111110000010101100110001 || 00011000111110000010101100110001 |
| 000040 | 01000011010111001011110110000110 || 01000011010111001011110110000110 |
| 000050 | 01100011011011111100110011000110 || 01100011011011111100110011000110 |
| 000060 | 00011001011000010100001000110010 || 00011001011000010100001000110010 |
| 000070 | 00000100100110111010100100001001 || 00000100100110111010100100001001 |
| 000080 | 01000000011110011111000110000000 || 01000000011110011111000110000000 |
| 000090 | 01000011011010111110011010000110 || 01000011011010111110011010000110 |
| 000100 | 01011101100100011111100010111011 || 01011101100100011111100010111011 |
| 000110 | 01001111010001101110011010011110 || 01001111010001101110011010011110 |
| 000120 | 01111011011010100010101111110110 || 01111011011010100010101111110110 |
| 000130 | 01100011000101101111101111000110 || 01100011000101101111101111000110 |
| 000140 | 01111110011111101111010011111100 || 01111110011111101111010011111100 |
| 000150 | 00110001100110111001001001100011 || 00110001100110111001001001100011 |
| 000160 | 00110001011110111100001001100010 || 00110001011110111100001001100010 |
| 000170 | 00101010100010011110100101010101 || 00101010100010011110100101010101 |
| 000180 | 01111001010101111111101111110010 || 01111001010101111111101111110010 |
| 000190 | 00011101111010010011100100111011 || 00011101111010010011100100111011 |
| 000200 | 00000100100110010110101100001001 || 00000100100110010110101100001001 |
| 000210 | 01100011111101100110110111000111 || 01100011111101100110110111000111 |
| 000220 | 01111100100110000011010011111001 || 01111100100110000011010011111001 |
| 000230 | 00110011101110110100101101100111 || 00110011101110110100101101100111 |
| 000240 | 00111010000000000011110101110100 || 00111010000000000011110101110100 |
| 000250 | 00110001011001010010011101100010 || 00110001011001010010011101100010 |
| 000260 | 01010111001011000010010010101110 || 01010111001011000010010010101110 |
| 000270 | 00101111010001110001010001011110 || 00101111010001110001010001011110 |
| 000280 | 00001011010101011010110000010110 || 00001011010101011010110000010110 |
| 000290 | 00011001010100111001001100110010 || 00011001010100111001001100110010 |
| 000300 | 00011000111101111011000100110001 || 00011000111101111011000100110001 |
| 000310 | 01000010101110011100001110000101 || 01000010101110011100001110000101 |
| 000320 | 00100000000111011001000101000000 || 00100000000111011001000101000000 |
| 000330 | 01001000001100100001000010010000 || 01001000001100100001000010010000 |
| 000340 | 01101010101111000010001011010101 || 01101010101111000010001011010101 |
| 000350 | 00100111011001100110011001001110 || 00100111011001100110011001001110 |
| 000360 | 00100101100100000001111101001011 || 00100101100100000001111101001011 |
| 000370 | 00000100110000011101110000001001 || 00000100110000011101110000001001 |
| 000380 | 00000011010111100001110000000110 || 00000011010111100001110000000110 |
| 000390 | 00010100110100111110101100101001 || 00010100110100111110101100101001 |
| 000400 | 01011010110011111110111010110101 || 01011010110011111110111010110101 |
| 000410 | 00110101010100110001010101101010 || 00110101010100110001010101101010 |
| 000420 | 00000000100010111010010100000001 || 00000000100010111010010100000001 |
| 000430 | 00101011101010110001111101010111 || 00101011101010110001111101010111 |
| 000440 | 01000111011111111111010010001110 || 01000111011111111111010010001110 |
| 000450 | 00110011111000101011100101100111 || 00110011111000101011100101100111 |
| 000460 | 01001000110000100010010010010001 || 01001000110000100010010010010001 |
| 000470 | 01000010100001001011001010000101 || 01000010100001001011001010000101 |
| 000480 | 00110010101110011000010101100101 || 00110010101110011000010101100101 |
| 000490 | 00001111000110001010011000011110 || 00001111000110001010011000011110 |
| 000500 | 01111100101101000101111011111001 || 01111100101101000101111011111001 |
| 000510 | 01100010100101110011000011000101 || 01100010100101110011000011000101 |
| 000520 | 01010000011000100101100110100000 || 01010000011000100101100110100000 |
| 000530 | 00110110001001011001101001101100 || 00110110001001011001101001101100 |
| 000540 | 01011110000100000111100110111100 || 01011110000100000111100110111100 |
| 000550 | 00100010010001010000100101000100 || 00100010010001010000100101000100 |
| 000560 | 01111010111000101000011011110101 || 01111010111000101000011011110101 |
| 000570 | 01101101100000010011001011011011 || 01101101100000010011001011011011 |
| 000580 | 01110001101001011111110011100011 || 01110001101001011111110011100011 |
| 000590 | 01101011100010101000100111010111 || 01101011100010101000100111010111 |
| 000600 | 00101111001110101000000101011110 || 00101111001110101000000101011110 |
| 000610 | 01001010100001111110111010010101 || 01001010100001111110111010010101 |
| 000620 | 00000010111010111100110100000101 || 00000010111010111100110100000101 |
| 000630 | 00011100010010111101111100111000 || 00011100010010111101111100111000 |
| 000640 | 01100001011110010010000011000010 || 01100001011110010010000011000010 |
| 000650 | 01010011111110010010101010100111 || 01010011111110010010101010100111 |
| 000660 | 00001110111001100011000000011101 || 00001110111001100011000000011101 |
| 000670 | 01001110100000110001100110011101 || 01001110100000110001100110011101 |
| 000680 | 00011111100100011001100100111111 || 00011111100100011001100100111111 |
| 000690 | 01000101010101010010010110001010 || 01000101010101010010010110001010 |
| 000700 | 01111100011011001100110111111000 || 01111100011011001100110111111000 |
| 000710 | 01110110010011100010010111101100 || 01110110010011100010010111101100 |
| 000720 | 01011000100100011000001110110001 || 01011000100100011000001110110001 |
| 000730 | 01010011000110101111110110100110 || 01010011000110101111110110100110 |
| 000740 | 01100111110100001010101011001111 || 01100111110100001010101011001111 |
| 000750 | 01100011110111001101000011000111 || 01100011110111001101000011000111 |
| 000760 | 01111110001101101101010011111100 || 01111110001101101101010011111100 |
| 000770 | 00101101111001101011000001011011 || 00101101111001101011000001011011 |
| 000780 | 00100111111000100010101101001111 || 00100111111000100010101101001111 |
| 000790 | 00010111001111101100101000101110 || 00010111001111101100101000101110 |
| 000800 | 00010110111001011110000000101101 || 00010110111001011110000000101101 |
| 000810 | 01100010011011110001101111000100 || 01100010011011110001101111000100 |
| 000820 | 00010010010101110001100100100100 || 00010010010101110001100100100100 |
| 000830 | 00110100000100011001111101101000 || 00110100000100011001111101101000 |
| 000840 | 00110101111111110110000001101011 || 00110101111111110110000001101011 |
| 000850 | 00010100011000111111111000101000 || 00010100011000111111111000101000 |
| 000860 | 01100101100100001001011111001011 || 01100101100100001001011111001011 |
| 000870 | 01000011000011101011111110000110 || 01000011000011101011111110000110 |
| 000880 | 00110000100101100110011101100001 || 00110000100101100110011101100001 |
| 000890 | 01110010001010111111011011100100 || 01110010001010111111011011100100 |
| 000900 | 00011101110000010010110100111011 || 00011101110000010010110100111011 |
| 000910 | 01001111011110010111011010011110 || 01001111011110010111011010011110 |
| 000920 | 01000100100001100110110110001001 || 01000100100001100110110110001001 |
| 000930 | 00011111100000101000000000111111 || 00011111100000101000000000111111 |
| 000940 | 01011011011100101100000010110110 || 01011011011100101100000010110110 |
| 000950 | 01001110011011001111001110011100 || 01001110011011001111001110011100 |
| 000960 | 01000111111010010100011110001111 || 01000111111010010100011110001111 |
| 000970 | 00110100111101011111101101101001 || 00110100111101011111101101101001 |
| 000980 | 01100001011011001001011111000010 || 01100001011011001001011111000010 |
| 000990 | 00011110000010100100010000111100 || 00011110000010100100010000111100 |
| 001000 | 01010110111011010010110010101101 || 01010110111011010010110010101101 |
| 001010 | 01010010010001011010010110100100 || 01010010010001011010010110100100 |
| 001020 | 00001111111110010101011100011111 || 00001111111110010101011100011111 |
| 001030 | 01001010100001100101011110010101 || 01001010100001100101011110010101 |
| 001040 | 01010110000010101011000110101100 || 01010110000010101011000110101100 |
| 001050 | 00100001100111111001110001000011 || 00100001100111111001110001000011 |
| 001060 | 00100011100011010000011001000111 || 00100011100011010000011001000111 |
| 001070 | 00100111000101111111100101001110 || 00100111000101111111100101001110 |
| 001080 | 01111110100110101100110011111101 || 01111110100110101100110011111101 |
| 001090 | 00001001101111101101111000010011 || 00001001101111101101111000010011 |
| 001100 | 01011100110010110000101110111001 || 01011100110010110000101110111001 |
| 001110 | 00101000110001011101101001010001 || 00101000110001011101101001010001 |
| 001120 | 00001011110011001101010000010111 || 00001011110011001101010000010111 |
| 001130 | 00101100111010010100100101011001 || 00101100111010010100100101011001 |
| 001140 | 00010111111011000010101100101111 || 00010111111011000010101100101111 |
| 001150 | 01010001000101001000011010100010 || 01010001000101001000011010100010 |
| 001160 | 01111101111111000111111011111011 || 01111101111111000111111011111011 |
| 001170 | 00110010110011011001101101100101 || 00110010110011011001101101100101 |
| 001180 | 00111001100001001000110101110011 || 00111001100001001000110101110011 |
| 001190 | 01010110100101000110110110101101 || 01010110100101000110110110101101 |
| 001200 | 01001010011001111110000010010100 || 01001010011001111110000010010100 |
| 001210 | 00111011010000010111000101110110 || 00111011010000010111000101110110 |
| 001220 | 00110110101010011011011001101101 || 00110110101010011011011001101101 |
| 001230 | 00011001010011111101101100110010 || 00011001010011111101101100110010 |
| 001240 | 00101101010001010111000101011010 || 00101101010001010111000101011010 |
| 001250 | 00110111110111110100101001101111 || 00110111110111110100101001101111 |
| 001260 | 01011110011110001000110010111100 || 01011110011110001000110010111100 |
| 001270 | 01010001000110001111111110100010 || 01010001000110001111111110100010 |
| 001280 | 00110100001110100000011001101000 || 00110100001110100000011001101000 |
| 001290 | 01001010100001001000010110010101 || 01001010100001001000010110010101 |
| 001300 | 01101010111110110101011011010101 || 01101010111110110101011011010101 |
| 001310 | 01000011101101111110011110000111 || 01000011101101111110011110000111 |
| 001320 | 01110111001011101101011011101110 || 01110111001011101101011011101110 |
| 001330 | 00100110101011110101111001001101 || 00100110101011110101111001001101 |
| 001340 | 00111111011011111011100101111110 || 00111111011011111011100101111110 |
| 001350 | 00110000111110001000000101100001 || 00110000111110001000000101100001 |
| 001360 | 01010101100001110111011010101011 || 01010101100001110111011010101011 |
| 001370 | 01010011101111001111010010100111 || 01010011101111001111010010100111 |
| 001380 | 00011001111011001011101100110011 || 00011001111011001011101100110011 |
| 001390 | 00000010100110001001101000000101 || 00000010100110001001101000000101 |
| 001400 | 01101101101101111101110011011011 || 01101101101101111101110011011011 |
| 001410 | 00001110000001110100010100011100 || 00001110000001110100010100011100 |
| 001420 | 01011110011010001100001110111100 || 01011110011010001100001110111100 |
| 001430 | 00101110000101011110001001011100 || 00101110000101011110001001011100 |
| 001440 | 01100101001110100101111111001010 || 01100101001110100101111111001010 |
| 001450 | 01100100111000110010111011001001 || 01100100111000110010111011001001 |
| 001460 | 00000001000111111001011000000010 || 00000001000111111001011000000010 |
| 001470 | 00010110010110111110010100101100 || 00010110010110111110010100101100 |
| 001480 | 01110110111001011011010011101101 || 01110110111001011011010011101101 |
| 001490 | 00010011011111100110111100100110 || 00010011011111100110111100100110 |
| 001500 | 01110110010110000101101111101100 || 01110110010110000101101111101100 |
| 001510 | 00011011010100100001001100110110 || 00011011010100100001001100110110 |
| 001520 | 00011101101000101111000100111011 || 00011101101000101111000100111011 |
| 001530 | 01110010100111011010010011100101 || 01110010100111011010010011100101 |
| 001540 | 01101101100010111001011011011011 || 01101101100010111001011011011011 |
| 001550 | 01100101010010011011100011001010 || 01100101010010011011100011001010 |
| 001560 | 00010001100000111000110100100011 || 00010001100000111000110100100011 |
| 001570 | 01000001001110100100110110000010 || 01000001001110100100110110000010 |
| 001580 | 01111101111010010011000011111011 || 01111101111010010011000011111011 |
| 001590 | 01011010010011000000001110110100 || 01011010010011000000001110110100 |
| 001600 | 00101101001101110101110101011010 || 00101101001101110101110101011010 |
| 001610 | 01100010000000001100011011000100 || 01100010000000001100011011000100 |
| 001620 | 01001010001111100110110010010100 || 01001010001111100110110010010100 |
| 001630 | 00001011010010000000001000010110 || 00001011010010000000001000010110 |
| 001640 | 00110001111000101001100001100011 || 00110001111000101001100001100011 |
| 001650 | 00001011101011100100111000010111 || 00001011101011100100111000010111 |
| 001660 | 00000010001110111111001000000100 || 00000010001110111111001000000100 |
| 001670 | 01000111001000001010001010001110 || 01000111001000001010001010001110 |
| 001680 | 00111111010100111101001101111110 || 00111111010100111101001101111110 |
| 001690 | 01001010010011110000001110010100 || 01001010010011110000001110010100 |
| 001700 | 00000111000110111100100000001110 || 00000111000110111100100000001110 |
| 001710 | 01100001100110101011001111000011 || 01100001100110101011001111000011 |
| 001720 | 00110110100110100000010001101101 || 00110110100110100000010001101101 |
| 001730 | 00001111010110111110001100011110 || 00001111010110111110001100011110 |
| 001740 | 01011001101001110101001110110011 || 01011001101001110101001110110011 |
| 001750 | 00011100001010101110001000111000 || 00011100001010101110001000111000 |
| 001760 | 00011100111110101000001000111001 || 00011100111110101000001000111001 |
| 001770 | 01101110101110001100110011011101 || 01101110101110001100110011011101 |
| 001780 | 01010111100111010101100110101111 || 01010111100111010101100110101111 |
| 001790 | 01111110101000111011110011111101 || 01111110101000111011110011111101 |
| 001800 | 01110101010001110000001011101010 || 01110101010001110000001011101010 |
| 001810 | 00000110100100100111101100001101 || 00000110100100100111101100001101 |
| 001820 | 00101110011110000000000001011100 || 00101110011110000000000001011100 |
| 001830 | 01001101110000111011000010011011 || 01001101110000111011000010011011 |
| 001840 | 01100101100100111001101111001011 || 01100101100100111001101111001011 |
| 001850 | 01110000000111001001000011100000 || 01110000000111001001000011100000 |
| 001860 | 01001001100100101100111110010011 || 01001001100100101100111110010011 |
| 001870 | 00101101101000110000110101011011 || 00101101101000110000110101011011 |
| 001880 | 01011111010011001100000110111110 || 01011111010011001100000110111110 |
| 001890 | 01110111001011111000011111101110 || 01110111001011111000011111101110 |
| 001900 | 01100001101100001010101111000011 || 01100001101100001010101111000011 |
| 001910 | 01011110000000011111111110111100 || 01011110000000011111111110111100 |
| 001920 | 01011111101011010100110110111111 || 01011111101011010100110110111111 |
| 001930 | 00110110110001101100000001101101 || 00110110110001101100000001101101 |
| 001940 | 00110011111000011101101101100111 || 00110011111000011101101101100111 |
| 001950 | 01011110011101101001010110111100 || 01011110011101101001010110111100 |
| 001960 | 00111110100101000111001001111101 || 00111110100101000111001001111101 |
| 001970 | 00011000010111100111011100110000 || 00011000010111100111011100110000 |
| 001980 | 01000101110010100000010010001011 || 01000101110010100000010010001011 |
| 001990 | 00101000011110101011110001010000 || 00101000011110101011110001010000 |
| 002000 | 01100001101110111100100011000011 || 01100001101110111100100011000011 |
| 002010 | 00010100001100011100101100101000 || 00010100001100011100101100101000 |
| 002020 | 01111101010001100010110011111010 || 01111101010001100010110011111010 |
| 002030 | 00001101010110100100010000011010 || 00001101010110100100010000011010 |
| 002040 | 00001010010011010100010100010100 || 00001010010011010100010100010100 |
| 002050 | 01110000010110001011101011100000 || 01110000010110001011101011100000 |
| 002060 | 00110001011100101011101001100010 || 00110001011100101011101001100010 |
| 002070 | 00100110000000001101101001001100 || 00100110000000001101101001001100 |
| 002080 | 01010010110110010011110110100101 || 01010010110110010011110110100101 |
| 002090 | 00011100110001100010000100111001 || 00011100110001100010000100111001 |
| 002100 | 00111011000100010111001101110110 || 00111011000100010111001101110110 |
| 002110 | 00100010101010000000101101000101 || 00100010101010000000101101000101 |
| 002120 | 01010011101011000110100010100111 || 01010011101011000110100010100111 |
| 002130 | 00101010001001011100000001010100 || 00101010001001011100000001010100 |
| 002140 | 01101010010011110111111011010100 || 01101010010011110111111011010100 |
| 002150 | 00101000011001010100011001010000 || 00101000011001010100011001010000 |
| 002160 | 01000011100001011101110010000111 || 01000011100001011101110010000111 |
| 002170 | 00111001100110100011001101110011 || 00111001100110100011001101110011 |
| 002180 | 00100111111010110110000001001111 || 00100111111010110110000001001111 |
| 002190 | 01001010100101111101101010010101 || 01001010100101111101101010010101 |
| 002200 | 01001010101011010000111010010101 || 01001010101011010000111010010101 |
| 002210 | 00100011010110101111101001000110 || 00100011010110101111101001000110 |
| 002220 | 01100111101110101111111111001111 || 01100111101110101111111111001111 |
| 002230 | 00001110001101101111001100011100 || 00001110001101101111001100011100 |
| 002240 | 00011110011001111101010000111100 || 00011110011001111101010000111100 |
| 002250 | 01110010001100100111000111100100 || 01110010001100100111000111100100 |
| 002260 | 01110010100100011010001011100101 || 01110010100100011010001011100101 |
| 002270 | 01000100111111111010000010001001 || 01000100111111111010000010001001 |
| 002280 | 01011010110100000110010010110101 || 01011010110100000110010010110101 |
| 002290 | 00110001110110111101011101100011 || 00110001110110111101011101100011 |
| 002300 | 01101101100001011110111011011011 || 01101101100001011110111011011011 |
| 002310 | 01101110100000101100111011011101 || 01101110100000101100111011011101 |
| 002320 | 01110001000010110101010111100010 || 01110001000010110101010111100010 |
| 002330 | 01101110010000010100101011011100 || 01101110010000010100101011011100 |
| 002340 | 01100100100101111110100111001001 || 01100100100101111110100111001001 |
| 002350 | 00101101000100110100110101011010 || 00101101000100110100110101011010 |
| 002360 | 01011111110111011001110110111111 || 01011111110111011001110110111111 |
| 002370 | 00100001100110011100100001000011 || 00100001100110011100100001000011 |
| 002380 | 01111110101101101111101011111101 || 01111110101101101111101011111101 |
| 002390 | 00111100100100111100101001111001 || 00111100100100111100101001111001 |
| 002400 | 01001100101000101001000010011001 || 01001100101000101001000010011001 |
| 002410 | 00101111011001110010111101011110 || 00101111011001110010111101011110 |
| 002420 | 01100001001001111110011011000010 || 01100001001001111110011011000010 |
| 002430 | 00111001001001001101001001110010 || 00111001001001001101001001110010 |
| 002440 | 01110010101000011110011111100101 || 01110010101000011110011111100101 |
| 002450 | 01101010010101000011110011010100 || 01101010010101000011110011010100 |
| 002460 | 00101000010010101101010001010000 || 00101000010010101101010001010000 |
| 002470 | 01100011101100101101010011000111 || 01100011101100101101010011000111 |
| 002480 | 00111110110001011011010101111101 || 00111110110001011011010101111101 |
| 002490 | 00000010111100101000111100000101 || 00000010111100101000111100000101 |
| 002500 | 00111011110000010100100001110111 || 00111011110000010100100001110111 |
| 002510 | 01110010011001000001111011100100 || 01110010011001000001111011100100 |
| 002520 | 01001101101100000111001010011011 || 01001101101100000111001010011011 |
| 002530 | 00011101010110001010010000111010 || 00011101010110001010010000111010 |
| 002540 | 00100011111101000010101101000111 || 00100011111101000010101101000111 |
| 002550 | 01011010111001101101111110110101 || 01011010111001101101111110110101 |
| 002560 | 01100010001100101111001111000100 || 01100010001100101111001111000100 |
| 002570 | 00101011100111111101101001010111 || 00101011100111111101101001010111 |
| 002580 | 01100110111110011100000011001101 || 01100110111110011100000011001101 |
| 002590 | 01100100100111110010001011001001 || 01100100100111110010001011001001 |
| 002600 | 01001010001000100110111110010100 || 01001010001000100110111110010100 |
| 002610 | 00001011010000100111000000010110 || 00001011010000100111000000010110 |
| 002620 | 01010010110110111010111110100101 || 01010010110110111010111110100101 |
| 002630 | 00110000101101001101100001100001 || 00110000101101001101100001100001 |
| 002640 | 00000111100011100111101100001111 || 00000111100011100111101100001111 |
| 002650 | 01000011010110011000001010000110 || 01000011010110011000001010000110 |
| 002660 | 01111011001111001111111011110110 || 01111011001111001111111011110110 |
| 002670 | 01000110000000011100111010001100 || 01000110000000011100111010001100 |
| 002680 | 01110100010101110000110111101000 || 01110100010101110000110111101000 |
| 002690 | 00100001101110110000111001000011 || 00100001101110110000111001000011 |
| 002700 | 00010000011000000001001000100000 || 00010000011000000001001000100000 |
| 002710 | 00001110110111111011001000011101 || 00001110110111111011001000011101 |
| 002720 | 01110110001000100111110011101100 || 01110110001000100111110011101100 |
| 002730 | 01010100111101111111010010101001 || 01010100111101111111010010101001 |
| 002740 | 00010101100011001011000100101011 || 00010101100011001011000100101011 |
| 002750 | 00010110110101100001000100101101 || 00010110110101100001000100101101 |
| 002760 | 00111000101100110111110101110001 || 00111000101100110111110101110001 |
| 002770 | 00000001001110011111000100000010 || 00000001001110011111000100000010 |
| 002780 | 01011100110101100000000110111001 || 01011100110101100000000110111001 |
| 002790 | 00110110001010000101101001101100 || 00110110001010000101101001101100 |
| 002800 | 01000100100111110010011010001001 || 01000100100111110010011010001001 |
| 002810 | 00101110000000011010001001011100 || 00101110000000011010001001011100 |
| 002820 | 00001110010000001000100100011100 || 00001110010000001000100100011100 |
| 002830 | 00111001010000111101101101110010 || 00111001010000111101101101110010 |
| 002840 | 00101000011000101110111001010000 || 00101000011000101110111001010000 |
| 002850 | 01001010110001001000011110010101 || 01001010110001001000011110010101 |
| 002860 | 01100000010010000010111011000000 || 01100000010010000010111011000000 |
| 002870 | 01110010000011011100001011100100 || 01110010000011011100001011100100 |
| 002880 | 01001001110110101010101010010011 || 01001001110110101010101010010011 |
| 002890 | 01101000011010101111110011010000 || 01101000011010101111110011010000 |
| 002900 | 00000111110001100011011100001111 || 00000111110001100011011100001111 |
| 002910 | 00000001000100010001110100000010 || 00000001000100010001110100000010 |
| 002920 | 01010110000101101001000110101100 || 01010110000101101001000110101100 |
| 002930 | 00100101101011100100000001001011 || 00100101101011100100000001001011 |
| 002940 | 01000101001101110100100110001010 || 01000101001101110100100110001010 |
| 002950 | 00000100100011001101101000001001 || 00000100100011001101101000001001 |
| 002960 | 00100101100100010011100001001011 || 00100101100100010011100001001011 |
| 002970 | 00101100010101100111000101011000 || 00101100010101100111000101011000 |
| 002980 | 01010101011000010110101010101010 || 01010101011000010110101010101010 |
| 002990 | 00111011011000011100011101110110 || 00111011011000011100011101110110 |
| 003000 | 01001010110001011001010110010101 || 01001010110001011001010110010101 |
| 003010 | 01111101010110001000110111111010 || 01111101010110001000110111111010 |
| 003020 | 01101011010110100000000111010110 || 01101011010110100000000111010110 |
| 003030 | 00001001111000001001000100010011 || 00001001111000001001000100010011 |
| 003040 | 01100001001001001111111111000010 || 01100001001001001111111111000010 |
| 003050 | 00101001110101000111001001010011 || 00101001110101000111001001010011 |
| 003060 | 00111001111010111101001101110011 || 00111001111010111101001101110011 |
| 003070 | 00101110011101111100100001011100 || 00101110011101111100100001011100 |
| 003080 | 00010010011011010010101100100100 || 00010010011011010010101100100100 |
| 003090 | 01110110111100101101110111101101 || 01110110111100101101110111101101 |
| 003100 | 01110010010111010000011111100100 || 01110010010111010000011111100100 |
| 003110 | 01010100010000011101100010101000 || 01010100010000011101100010101000 |
| 003120 | 00101000010111100010111101010000 || 00101000010111100010111101010000 |
| 003130 | 01001010101000110110111010010101 || 01001010101000110110111010010101 |
| 003140 | 01111110100101010010001011111101 || 01111110100101010010001011111101 |
| 003150 | 00010001011100110001000000100010 || 00010001011100110001000000100010 |
| 003160 | 01100000110100001000001011000001 || 01100000110100001000001011000001 |
| 003170 | 00011111001110101010000100111110 || 00011111001110101010000100111110 |
| 003180 | 00011100101000110000101000111001 || 00011100101000110000101000111001 |
| 003190 | 00111111101001111001111001111111 || 00111111101001111001111001111111 |
| 003200 | 00011010001010101111100100110100 || 00011010001010101111100100110100 |
| 003210 | 00011011111011111101010100110111 || 00011011111011111101010100110111 |
| 003220 | 01100001101000110000011011000011 || 01100001101000110000011011000011 |
| 003230 | 01111100000100011001000011111000 || 01111100000100011001000011111000 |
| 003240 | 01001110001110001100101110011100 || 01001110001110001100101110011100 |
| 003250 | 01010000001110110100100010100000 || 01010000001110110100100010100000 |
| 003260 | 00001010000001001011101100010100 || 00001010000001001011101100010100 |
| 003270 | 01111101100001101101010011111011 || 01111101100001101101010011111011 |
| 003280 | 00110001010111111000110101100010 || 00110001010111111000110101100010 |
| 003290 | 01110000000101000001100011100000 || 01110000000101000001100011100000 |
| 003300 | 01011101001100010010111110111010 || 01011101001100010010111110111010 |
| 003310 | 01001110011011110011100010011100 || 01001110011011110011100010011100 |
| 003320 | 00101100001101010011010101011000 || 00101100001101010011010101011000 |
| 003330 | 01001111000011100100001110011110 || 01001111000011100100001110011110 |
| 003340 | 01001010100100001100100110010101 || 01001010100100001100100110010101 |
| 003350 | 01011000100100100110100110110001 || 01011000100100100110100110110001 |
| 003360 | 01000101011101100001101010001010 || 01000101011101100001101010001010 |
| 003370 | 00111000010110001010011101110000 || 00111000010110001010011101110000 |
| 003380 | 01000101111100010100111010001011 || 01000101111100010100111010001011 |
| 003390 | 00010000110001011111011100100001 || 00010000110001011111011100100001 |
| 003400 | 01110010010110101111000111100100 || 01110010010110101111000111100100 |
| 003410 | 00100001100110110000001001000011 || 00100001100110110000001001000011 |
| 003420 | 01001001010010111110010110010010 || 01001001010010111110010110010010 |
| 003430 | 01110000011110110100111011100000 || 01110000011110110100111011100000 |
| 003440 | 00100011010011101101000101000110 || 00100011010011101101000101000110 |
| 003450 | 00010110101100111111000100101101 || 00010110101100111111000100101101 |
| 003460 | 01000001111010110001001110000011 || 01000001111010110001001110000011 |
| 003470 | 01001011001011011011110110010110 || 01001011001011011011110110010110 |
| 003480 | 01000011000001010010111010000110 || 01000011000001010010111010000110 |
| 003490 | 00011100010101101111001100111000 || 00011100010101101111001100111000 |
| 003500 | 00001110111100001011111000011101 || 00001110111100001011111000011101 |
| 003510 | 01101101101100000111001011011011 || 01101101101100000111001011011011 |
| 003520 | 00111101111011111110000101111011 || 00111101111011111110000101111011 |
| 003530 | 00100111100010100110011101001111 || 00100111100010100110011101001111 |
| 003540 | 00010111001111000010110000101110 || 00010111001111000010110000101110 |
| 003550 | 01010101010111000111101110101010 || 01010101010111000111101110101010 |
| 003560 | 00001000000101010001110100010000 || 00001000000101010001110100010000 |
| 003570 | 00101000000001011000100101010000 || 00101000000001011000100101010000 |
| 003580 | 01011100101100000000010010111001 || 01011100101100000000010010111001 |
| 003590 | 00101101000111101100011001011010 || 00101101000111101100011001011010 |
| 003600 | 01110111010001010111101011101110 || 01110111010001010111101011101110 |
| 003610 | 00000011011011100111100000000110 || 00000011011011100111100000000110 |
| 003620 | 01010010110110000100110010100101 || 01010010110110000100110010100101 |
| 003630 | 00011110011001100010000100111100 || 00011110011001100010000100111100 |
| 003640 | 00100111101100011110110101001111 || 00100111101100011110110101001111 |
| 003650 | 00111111011110000011001001111110 || 00111111011110000011001001111110 |
| 003660 | 00011110111100000110100100111101 || 00011110111100000110100100111101 |
| 003670 | 01100011111100010011100111000111 || 01100011111100010011100111000111 |
| 003680 | 00000000111000011100110100000001 || 00000000111000011100110100000001 |
| 003690 | 01111000111000001001010011110001 || 01111000111000001001010011110001 |
| 003700 | 01000111010010010010000110001110 || 01000111010010010010000110001110 |
| 003710 | 01101100011111001001111011011000 || 01101100011111001001111011011000 |
| 003720 | 01010001000010001100111110100010 || 01010001000010001100111110100010 |
| 003730 | 00100101010011100101111001001010 || 00100101010011100101111001001010 |
| 003740 | 00111000000011101001101001110000 || 00111000000011101001101001110000 |
| 003750 | 00111011010100001011110001110110 || 00111011010100001011110001110110 |
| 003760 | 01010100101111010000101010101001 || 01010100101111010000101010101001 |
| 003770 | 01111110000011110010110111111100 || 01111110000011110010110111111100 |
| 003780 | 01100011011011100101101111000110 || 01100011011011100101101111000110 |
| 003790 | 00010100101011111110001000101001 || 00010100101011111110001000101001 |
| 003800 | 01100001000011001111001111000010 || 01100001000011001111001111000010 |
| 003810 | 01010001101101010111111010100011 || 01010001101101010111111010100011 |
| 003820 | 00100011000111010100100101000110 || 00100011000111010100100101000110 |
| 003830 | 01100100001001000011111011001000 || 01100100001001000011111011001000 |
| 003840 | 01000101111101010110000010001011 || 01000101111101010110000010001011 |
| 003850 | 01011010100101101011000010110101 || 01011010100101101011000010110101 |
| 003860 | 01100001001111011010101111000010 || 01100001001111011010101111000010 |
| 003870 | 00101010101011011101111001010101 || 00101010101011011101111001010101 |
| 003880 | 01011111001101111000011110111110 || 01011111001101111000011110111110 |
| 003890 | 00011000001010010000000100110000 || 00011000001010010000000100110000 |
| 003900 | 01101110101001010010011011011101 || 01101110101001010010011011011101 |
| 003910 | 00100010110100001011000001000101 || 00100010110100001011000001000101 |
| 003920 | 00101001100011101111111101010011 || 00101001100011101111111101010011 |
| 003930 | 00001001010000011000111100010010 || 00001001010000011000111100010010 |
| 003940 | 01001100100000101100000110011001 || 01001100100000101100000110011001 |
| 003950 | 00101000100000101000001001010001 || 00101000100000101000001001010001 |
| 003960 | 00010010010001111011111000100100 || 00010010010001111011111000100100 |
| 003970 | 00000101001100100101100000001010 || 00000101001100100101100000001010 |
| 003980 | 00001111011001001110000000011110 || 00001111011001001110000000011110 |
| 003990 | 01010010111110010000000110100101 || 01010010111110010000000110100101 |
| 004000 | 00010111001101000001100000101110 || 00010111001101000001100000101110 |
| 004010 | 01010001110010000011101010100011 || 01010001110010000011101010100011 |
| 004020 | 01100001100111110100101111000011 || 01100001100111110100101111000011 |
| 004030 | 00001110010101111011110100011100 || 00001110010101111011110100011100 |
| 004040 | 00101101000000101100010101011010 || 00101101000000101100010101011010 |
| 004050 | 01110100001010001111001011101000 || 01110100001010001111001011101000 |
| 004060 | 00001011000100010010100000010110 || 00001011000100010010100000010110 |
| 004070 | 01100011001111100010001011000110 || 01100011001111100010001011000110 |
| 004080 | 01000001111101001101101110000011 || 01000001111101001101101110000011 |
| 004090 | 00011010100100010010000000110101 || 00011010100100010010000000110101 |
| 004100 | 01000100010010101111110010001000 || 01000100010010101111110010001000 |
| 004110 | 01111010001101010111111111110100 || 01111010001101010111111111110100 |
| 004120 | 00010010111100111100111100100101 || 00010010111100111100111100100101 |
| 004130 | 01011100111100100100000010111001 || 01011100111100100100000010111001 |
| 004140 | 01111011000101001010110111110110 || 01111011000101001010110111110110 |
| 004150 | 01001000111111110000001010010001 || 01001000111111110000001010010001 |
| 004160 | 01101001000001110111011111010010 || 01101001000001110111011111010010 |
| 004170 | 01110010011100001011001011100100 || 01110010011100001011001011100100 |
| 004180 | 00001110010100111000001000011100 || 00001110010100111000001000011100 |
| 004190 | 00110111110000011011100101101111 || 00110111110000011011100101101111 |
| 004200 | 00110101001011000000101001101010 || 00110101001011000000101001101010 |
| 004210 | 01011001110000011011001010110011 || 01011001110000011011001010110011 |
| 004220 | 01100111010100000010000011001110 || 01100111010100000010000011001110 |
| 004230 | 01101100000110001001001011011000 || 01101100000110001001001011011000 |
| 004240 | 01100000100010000001110011000001 || 01100000100010000001110011000001 |
| 004250 | 01010010011010010101111110100100 || 01010010011010010101111110100100 |
| 004260 | 00110110010111001000110101101100 || 00110110010111001000110101101100 |
| 004270 | 01001000000000000101101110010000 || 01001000000000000101101110010000 |
| 004280 | 00000111000000101010011000001110 || 00000111000000101010011000001110 |
| 004290 | 01100100110110001011011111001001 || 01100100110110001011011111001001 |
| 004300 | 01111000110110100011000011110001 || 01111000110110100011000011110001 |
| 004310 | 00001010101001011100000100010101 || 00001010101001011100000100010101 |
| 004320 | 00110010001110001111110001100100 || 00110010001110001111110001100100 |
| 004330 | 00010111011010111001011100101110 || 00010111011010111001011100101110 |
| 004340 | 01001110100111111100111010011101 || 01001110100111111100111010011101 |
| 004350 | 01100001000100110101010011000010 || 01100001000100110101010011000010 |
| 004360 | 00001010110101001101010000010101 || 00001010110101001101010000010101 |
| 004370 | 01001110010001101011111110011100 || 01001110010001101011111110011100 |
| 004380 | 00000100101111111000111000001001 || 00000100101111111000111000001001 |
| 004390 | 00010100101111111000000000101001 || 00010100101111111000000000101001 |
| 004400 | 01010110010000100100010010101100 || 01010110010000100100010010101100 |
| 004410 | 00110100000101011100101101101000 || 00110100000101011100101101101000 |
| 004420 | 00011011101011001111010100110111 || 00011011101011001111010100110111 |
| 004430 | 01100101111110101001010011001011 || 01100101111110101001010011001011 |
| 004440 | 01110110110001011100001111101101 || 01110110110001011100001111101101 |
| 004450 | 01101001101010010011101111010011 || 01101001101010010011101111010011 |
| 004460 | 01101110110000101110100111011101 || 01101110110000101110100111011101 |
| 004470 | 00000000001111001011111000000000 || 00000000001111001011111000000000 |
| 004480 | 00000011111100100010011000000111 || 00000011111100100010011000000111 |
| 004490 | 00011010011101000110101100110100 || 00011010011101000110101100110100 |
| 004500 | 00000011001010011011000100000110 || 00000011001010011011000100000110 |
| 004510 | 01010110010101000000110010101100 || 01010110010101000000110010101100 |
| 004520 | 01110001011111101010010011100010 || 01110001011111101010010011100010 |
| 004530 | 01110011111010111001101011100111 || 01110011111010111001101011100111 |
| 004540 | 01100100000111001111001011001000 || 01100100000111001111001011001000 |
| 004550 | 00010100011100100110110000101000 || 00010100011100100110110000101000 |
| 004560 | 00011010011111001101001000110100 || 00011010011111001101001000110100 |
| 004570 | 01011101110000011110011010111011 || 01011101110000011110011010111011 |
| 004580 | 01010010100100011011001010100101 || 01010010100100011011001010100101 |
| 004590 | 00110110000110111010110001101100 || 00110110000110111010110001101100 |
| 004600 | 01100110111011101010011011001101 || 01100110111011101010011011001101 |
| 004610 | 00110001000001110100110101100010 || 00110001000001110100110101100010 |
| 004620 | 01101110001111000101100011011100 || 01101110001111000101100011011100 |
| 004630 | 00101101111100110111100101011011 || 00101101111100110111100101011011 |
| 004640 | 00100001101111000111011101000011 || 00100001101111000111011101000011 |
| 004650 | 00001100001001101010110100011000 || 00001100001001101010110100011000 |
| 004660 | 01011101111101101010100110111011 || 01011101111101101010100110111011 |
| 004670 | 01101101011010110110001111011010 || 01101101011010110110001111011010 |
| 004680 | 01110101000010101111101011101010 || 01110101000010101111101011101010 |
| 004690 | 01000001110000111100001110000011 || 01000001110000111100001110000011 |
| 004700 | 01011101100001011100101110111011 || 01011101100001011100101110111011 |
| 004710 | 01111010010100001101011011110100 || 01111010010100001101011011110100 |
| 004720 | 01100010111100010100010111000101 || 01100010111100010100010111000101 |
| 004730 | 01000000011110010010111110000000 || 01000000011110010010111110000000 |
| 004740 | 01110110110000000100010111101101 || 01110110110000000100010111101101 |
| 004750 | 00100000001110110010000101000000 || 00100000001110110010000101000000 |
| 004760 | 01110000100011101100111111100001 || 01110000100011101100111111100001 |
| 004770 | 00110001011101100110110101100010 || 00110001011101100110110101100010 |
| 004780 | 00001100000100111111110100011000 || 00001100000100111111110100011000 |
| 004790 | 00101011110110010111001001010111 || 00101011110110010111001001010111 |
| 004800 | 00011001100000010110110100110011 || 00011001100000010110110100110011 |
| 004810 | 01101011111111011101110011010111 || 01101011111111011101110011010111 |
| 004820 | 00111010011011000011011101110100 || 00111010011011000011011101110100 |
| 004830 | 01111110001000001101011111111100 || 01111110001000001101011111111100 |
| 004840 | 00000001101110110101011000000011 || 00000001101110110101011000000011 |
| 004850 | 00111011110000101011101101110111 || 00111011110000101011101101110111 |
| 004860 | 01111000011101111001101111110000 || 01111000011101111001101111110000 |
| 004870 | 00100101010110100011111001001010 || 00100101010110100011111001001010 |
| 004880 | 00111011101110010001111101110111 || 00111011101110010001111101110111 |
| 004890 | 01011000001001110010011010110000 || 01011000001001110010011010110000 |
| 004900 | 00111001010011100010111101110010 || 00111001010011100010111101110010 |
| 004910 | 00001010000100000111010100010100 || 00001010000100000111010100010100 |
| 004920 | 01011001000101111011111010110010 || 01011001000101111011111010110010 |
| 004930 | 01001010010110100001101110010100 || 01001010010110100001101110010100 |
| 004940 | 00111000011101110101011101110000 || 00111000011101110101011101110000 |
| 004950 | 00011101110111100010100100111011 || 00011101110111100010100100111011 |
| 004960 | 01011011100010101000101010110111 || 01011011100010101000101010110111 |
| 004970 | 01100000010101010111101011000000 || 01100000010101010111101011000000 |
| 004980 | 01110101010011111101110011101010 || 01110101010011111101110011101010 |
| 004990 | 01011010000110111110101010110100 || 01011010000110111110101010110100 |
| 005000 | 01111100001100010011100011111000 || 01111100001100010011100011111000 |
| 005010 | 00101010101111000000000001010101 || 00101010101111000000000001010101 |
| 005020 | 01000011110011111110000110000111 || 01000011110011111110000110000111 |
| 005030 | 00111100011011100010010001111000 || 00111100011011100010010001111000 |
| 005040 | 00011111010011011101111000111110 || 00011111010011011101111000111110 |
| 005050 | 01100011100101110100101011000111 || 01100011100101110100101011000111 |
| 005060 | 00111000101100001110111001110001 || 00111000101100001110111001110001 |
| 005070 | 01001111001100110010011010011110 || 01001111001100110010011010011110 |
| 005080 | 00101010010110101111001101010100 || 00101010010110101111001101010100 |
| 005090 | 01111011111101011101100011110111 || 01111011111101011101100011110111 |
| 005100 | 00010110111100111110100000101101 || 00010110111100111110100000101101 |
| 005110 | 00101011110100010001111001010111 || 00101011110100010001111001010111 |
| 005120 | 01010010100000010100110110100101 || 01010010100000010100110110100101 |
| 005130 | 01101110011010010000011011011100 || 01101110011010010000011011011100 |
| 005140 | 01000100110001110001011010001001 || 01000100110001110001011010001001 |
| 005150 | 01000100111001000001101010001001 || 01000100111001000001101010001001 |
| 005160 | 01011001011011100010000010110010 || 01011001011011100010000010110010 |
| 005170 | 01010100011000110001001110101000 || 01010100011000110001001110101000 |
| 005180 | 00101101110011000001110101011011 || 00101101110011000001110101011011 |
| 005190 | 00100110010011000000100001001100 || 00100110010011000000100001001100 |
| 005200 | 00001110100010010000010000011101 || 00001110100010010000010000011101 |
| 005210 | 00011100011101010001110100111000 || 00011100011101010001110100111000 |
| 005220 | 01011000101111100000001110110001 || 01011000101111100000001110110001 |
| 005230 | 00111001000110101011010101110010 || 00111001000110101011010101110010 |
| 005240 | 01001010100010011110111010010101 || 01001010100010011110111010010101 |
| 005250 | 00011111011011010010001000111110 || 00011111011011010010001000111110 |
| 005260 | 01010110011101110010111110101100 || 01010110011101110010111110101100 |
| 005270 | 01111001011000011101000111110010 || 01111001011000011101000111110010 |
| 005280 | 01111011011011110011010111110110 || 01111011011011110011010111110110 |
| 005290 | 00110010010101000000000001100100 || 00110010010101000000000001100100 |
| 005300 | 00010000010101110110011000100000 || 00010000010101110110011000100000 |
| 005310 | 01101011111000001110100011010111 || 01101011111000001110100011010111 |
| 005320 | 00110110110100111000111001101101 || 00110110110100111000111001101101 |
| 005330 | 00110011010010110111010001100110 || 00110011010010110111010001100110 |
| 005340 | 01011100000010011100111110111000 || 01011100000010011100111110111000 |
| 005350 | 00000001100100110110101000000011 || 00000001100100110110101000000011 |
| 005360 | 00101000101001000001000001010001 || 00101000101001000001000001010001 |
| 005370 | 01101111010011000001111011011110 || 01101111010011000001111011011110 |
| 005380 | 00011010101010101110111100110101 || 00011010101010101110111100110101 |
| 005390 | 01110111000111101010001111101110 || 01110111000111101010001111101110 |
| 005400 | 00010100001101100010111100101000 || 00010100001101100010111100101000 |
| 005410 | 00011110110000110111101000111101 || 00011110110000110111101000111101 |
| 005420 | 00001001010011101010110000010010 || 00001001010011101010110000010010 |
| 005430 | 00011110000111111100001000111100 || 00011110000111111100001000111100 |
| 005440 | 01111101101111011100010011111011 || 01111101101111011100010011111011 |
| 005450 | 00010111000100011110011100101110 || 00010111000100011110011100101110 |
| 005460 | 01001000111001100100110110010001 || 01001000111001100100110110010001 |
| 005470 | 01011110010110011101010110111100 || 01011110010110011101010110111100 |
| 005480 | 01110010001000110000001011100100 || 01110010001000110000001011100100 |
| 005490 | 00101110111010001010001101011101 || 00101110111010001010001101011101 |
| 005500 | 00000011100001100111011100000111 || 00000011100001100111011100000111 |
| 005510 | 00011100110000111100101000111001 || 00011100110000111100101000111001 |
| 005520 | 01000011001110001000000110000110 || 01000011001110001000000110000110 |
| 005530 | 00110011100001111100110001100111 || 00110011100001111100110001100111 |
| 005540 | 01110101000011010011000011101010 || 01110101000011010011000011101010 |
| 005550 | 00010110011101100110111000101100 || 00010110011101100110111000101100 |
| 005560 | 01101110010100010011011111011100 || 01101110010100010011011111011100 |
| 005570 | 00101100110111000110000001011001 || 00101100110111000110000001011001 |
| 005580 | 01111101001001111101111111111010 || 01111101001001111101111111111010 |
| 005590 | 00011101011110100111000100111010 || 00011101011110100111000100111010 |
| 005600 | 01000011001101100111100010000110 || 01000011001101100111100010000110 |
| 005610 | 00001110011111100011110100011100 || 00001110011111100011110100011100 |
| 005620 | 01000000101110010100100110000001 || 01000000101110010100100110000001 |
| 005630 | 00000101011101100101111100001010 || 00000101011101100101111100001010 |
| 005640 | 01000001011111011111110010000010 || 01000001011111011111110010000010 |
| 005650 | 01010011100011100010000110100111 || 01010011100011100010000110100111 |
| 005660 | 01000000100111111001010010000001 || 01000000100111111001010010000001 |
| 005670 | 01101110001111001010100011011100 || 01101110001111001010100011011100 |
| 005680 | 00000010001111111101100100000100 || 00000010001111111101100100000100 |
| 005690 | 01100011011100111010100111000110 || 01100011011100111010100111000110 |
| 005700 | 00101011110110100100011101010111 || 00101011110110100100011101010111 |
| 005710 | 01111010001110011001100011110100 || 01111010001110011001100011110100 |
| 005720 | 01100100001011001000010011001000 || 01100100001011001000010011001000 |
| 005730 | 01111101011110110101010111111010 || 01111101011110110101010111111010 |
| 005740 | 00010011000100000100100000100110 || 00010011000100000100100000100110 |
| 005750 | 01011110110000010101111010111101 || 01011110110000010101111010111101 |
| 005760 | 00010000000000101101001100100000 || 00010000000000101101001100100000 |
| 005770 | 01001001010101001000000110010010 || 01001001010101001000000110010010 |
| 005780 | 00000011011101011101101100000110 || 00000011011101011101101100000110 |
| 005790 | 00011100001111100000100000111000 || 00011100001111100000100000111000 |
| 005800 | 01001011011001011111110010010110 || 01001011011001011111110010010110 |
| 005810 | 00001010011011110110110000010100 || 00001010011011110110110000010100 |
| 005820 | 01101111000100101010100011011110 || 01101111000100101010100011011110 |
| 005830 | 00001100001111011000010000011000 || 00001100001111011000010000011000 |
| 005840 | 01110000000100111001011011100000 || 01110000000100111001011011100000 |
| 005850 | 01010100001110110011010010101000 || 01010100001110110011010010101000 |
| 005860 | 00101000011001111011010101010000 || 00101000011001111011010101010000 |
| 005870 | 01010011010111111001111110100110 || 01010011010111111001111110100110 |
| 005880 | 00111101011110011001011101111010 || 00111101011110011001011101111010 |
| 005890 | 01111101010000111101011111111010 || 01111101010000111101011111111010 |
| 005900 | 00010111011101010110011000101110 || 00010111011101010110011000101110 |
| 005910 | 00100101001001000000100101001010 || 00100101001001000000100101001010 |
| 005920 | 00011010101011000101001100110101 || 00011010101011000101001100110101 |
| 005930 | 01101111001100000011001011011110 || 01101111001100000011001011011110 |
| 005940 | 00101110001000011000010001011100 || 00101110001000011000010001011100 |
| 005950 | 00100111100110000100111001001111 || 00100111100110000100111001001111 |
| 005960 | 00111110101111001000001101111101 || 00111110101111001000001101111101 |
| 005970 | 01010001101000000000010110100011 || 01010001101000000000010110100011 |
| 005980 | 00000001111111010011001000000011 || 00000001111111010011001000000011 |
| 005990 | 00100100111001011101111001001001 || 00100100111001011101111001001001 |
| 006000 | 00010101011011010011101000101010 || 00010101011011010011101000101010 |
| 006010 | 01101101111010011110110111011011 || 01101101111010011110110111011011 |
| 006020 | 01010001011010101111100010100010 || 01010001011010101111100010100010 |
| 006030 | 00011000110000000000010100110001 || 00011000110000000000010100110001 |
| 006040 | 00010110010010011111000000101100 || 00010110010010011111000000101100 |
| 006050 | 00001001101110010110011100010011 || 00001001101110010110011100010011 |
| 006060 | 00011010001001001011101100110100 || 00011010001001001011101100110100 |
| 006070 | 00000111101100011111001000001111 || 00000111101100011111001000001111 |
| 006080 | 00100100000111000111101001001000 || 00100100000111000111101001001000 |
| 006090 | 01010110100011001101001010101101 || 01010110100011001101001010101101 |
| 006100 | 01000111001000011100001010001110 || 01000111001000011100001010001110 |
| 006110 | 01101110010011001011001111011100 || 01101110010011001011001111011100 |
| 006120 | 01101010110000110000111111010101 || 01101010110000110000111111010101 |
| 006130 | 01110100000100110110110011101000 || 01110100000100110110110011101000 |
| 006140 | 01011011110111001011001010110111 || 01011011110111001011001010110111 |
| 006150 | 01110110001101010011011011101100 || 01110110001101010011011011101100 |
| 006160 | 00010001011001100100010000100010 || 00010001011001100100010000100010 |
| 006170 | 01100011011010110101001111000110 || 01100011011010110101001111000110 |
| 006180 | 01100010111110011001000111000101 || 01100010111110011001000111000101 |
| 006190 | 01111111000100100100100011111110 || 01111111000100100100100011111110 |
| 006200 | 01110111000011110000111111101110 || 01110111000011110000111111101110 |
| 006210 | 00101001001111111000010101010010 || 00101001001111111000010101010010 |
| 006220 | 01000110010010111100011010001100 || 01000110010010111100011010001100 |
| 006230 | 01101001010110101001100111010010 || 01101001010110101001100111010010 |
| 006240 | 00001111100111001100011100011111 || 00001111100111001100011100011111 |
| 006250 | 00111100110001011110000001111001 || 00111100110001011110000001111001 |
| 006260 | 00010110001111000001011000101100 || 00010110001111000001011000101100 |
| 006270 | 01110001000000101011010111100010 || 01110001000000101011010111100010 |
| 006280 | 01010111000110110010000110101110 || 01010111000110110010000110101110 |
| 006290 | 01000001100111010010001010000011 || 01000001100111010010001010000011 |
| 006300 | 00100110100011101010100001001101 || 00100110100011101010100001001101 |
| 006310 | 01000110000010110000110010001100 || 01000110000010110000110010001100 |
| 006320 | 00110001011110000011001101100010 || 00110001011110000011001101100010 |
| 006330 | 01101010100010101110100011010101 || 01101010100010101110100011010101 |
| 006340 | 01000110100010010000000110001101 || 01000110100010010000000110001101 |
| 006350 | 01110000111011011110101011100001 || 01110000111011011110101011100001 |
| 006360 | 01101100100110100111010011011001 || 01101100100110100111010011011001 |
| 006370 | 01000011000110011011000110000110 || 01000011000110011011000110000110 |
| 006380 | 00111010011110000000011101110100 || 00111010011110000000011101110100 |
| 006390 | 01110000111011010111111011100001 || 01110000111011010111111011100001 |
| 006400 | 01111010110101101011100111110101 || 01111010110101101011100111110101 |
| 006410 | 01111110000101101101110011111100 || 01111110000101101101110011111100 |
| 006420 | 01111100100101100000000111111001 || 01111100100101100000000111111001 |
| 006430 | 01100010010000011101011011000100 || 01100010010000011101011011000100 |
| 006440 | 01011011110001100011100110110111 || 01011011110001100011100110110111 |
| 006450 | 01000110111100001010010110001101 || 01000110111100001010010110001101 |
| 006460 | 00101011010100001001010001010110 || 00101011010100001001010001010110 |
| 006470 | 01011010001001101110000010110100 || 01011010001001101110000010110100 |
| 006480 | 00001001011111001000100100010010 || 00001001011111001000100100010010 |
| 006490 | 01110011111101000010101111100111 || 01110011111101000010101111100111 |
| 006500 | 01101010111011101100011011010101 || 01101010111011101100011011010101 |
| 006510 | 00000110110010100110100100001101 || 00000110110010100110100100001101 |
| 006520 | 00100000000111011001111101000000 || 00100000000111011001111101000000 |
| 006530 | 01010111011010110110110010101110 || 01010111011010110110110010101110 |
| 006540 | 01100000100101101111111011000001 || 01100000100101101111111011000001 |
| 006550 | 00000001000110100010000100000010 || 00000001000110100010000100000010 |
| 006560 | 01010101110100111101001010101011 || 01010101110100111101001010101011 |
| 006570 | 01001101100110110100010110011011 || 01001101100110110100010110011011 |
| 006580 | 01001100101101010000000110011001 || 01001100101101010000000110011001 |
| 006590 | 00011110011100011001010000111100 || 00011110011100011001010000111100 |
| 006600 | 00111001001001011101011101110010 || 00111001001001011101011101110010 |
| 006610 | 00000101101000010111011000001011 || 00000101101000010111011000001011 |
| 006620 | 00101010101111111111011001010101 || 00101010101111111111011001010101 |
| 006630 | 01110000001010000011001011100000 || 01110000001010000011001011100000 |
| 006640 | 00001011101011001100010000010111 || 00001011101011001100010000010111 |
| 006650 | 01100011001100101001101111000110 || 01100011001100101001101111000110 |
| 006660 | 00011100011000000110000100111000 || 00011100011000000110000100111000 |
| 006670 | 01111110111111110100011111111101 || 01111110111111110100011111111101 |
| 006680 | 01101111001010100001000011011110 || 01101111001010100001000011011110 |
| 006690 | 00110111001110000011010001101110 || 00110111001110000011010001101110 |
| 006700 | 01000101111101100010101110001011 || 01000101111101100010101110001011 |
| 006710 | 00110000011100000000001001100000 || 00110000011100000000001001100000 |
| 006720 | 01111010111111011001000011110101 || 01111010111111011001000011110101 |
| 006730 | 01101101010011101001110111011010 || 01101101010011101001110111011010 |
| 006740 | 00100010011111101001011101000100 || 00100010011111101001011101000100 |
| 006750 | 00100011110110010111000101000111 || 00100011110110010111000101000111 |
| 006760 | 00101111111110110111101101011111 || 00101111111110110111101101011111 |
| 006770 | 00101100001000110001010101011000 || 00101100001000110001010101011000 |
| 006780 | 00110100110110100100110101101001 || 00110100110110100100110101101001 |
| 006790 | 00110101100011101000000101101011 || 00110101100011101000000101101011 |
| 006800 | 00100000101000100110011001000001 || 00100000101000100110011001000001 |
| 006810 | 01000110101100011011101010001101 || 01000110101100011011101010001101 |
| 006820 | 01011100011100110101001110111000 || 01011100011100110101001110111000 |
| 006830 | 00110101110001000000001001101011 || 00110101110001000000001001101011 |
| 006840 | 00000011101100010100011100000111 || 00000011101100010100011100000111 |
| 006850 | 00111100011000111000101001111000 || 00111100011000111000101001111000 |
| 006860 | 01110011010000110000111011100110 || 01110011010000110000111011100110 |
| 006870 | 01000001010111101010000110000010 || 01000001010111101010000110000010 |
| 006880 | 01000111000111010111010110001110 || 01000111000111010111010110001110 |
| 006890 | 01100110000011000110001111001100 || 01100110000011000110001111001100 |
| 006900 | 00111011001110000100010001110110 || 00111011001110000100010001110110 |
| 006910 | 00001010101000001110101100010101 || 00001010101000001110101100010101 |
| 006920 | 00011001011010001010010100110010 || 00011001011010001010010100110010 |
| 006930 | 01001101110010010000001010011011 || 01001101110010010000001010011011 |
| 006940 | 00000000111111010001101100000001 || 00000000111111010001101100000001 |
| 006950 | 00111111101110010100111101111111 || 00111111101110010100111101111111 |
| 006960 | 00111111010101101110111001111110 || 00111111010101101110111001111110 |
| 006970 | 00001111101111010000011100011111 || 00001111101111010000011100011111 |
| 006980 | 00111010000111010001101001110100 || 00111010000111010001101001110100 |
| 006990 | 00011101001100000001110000111010 || 00011101001100000001110000111010 |
| 007000 | 01101100000001001100010011011000 || 01101100000001001100010011011000 |
| 007010 | 00000001101100001110111000000011 || 00000001101100001110111000000011 |
| 007020 | 01000100100010110010011010001001 || 01000100100010110010011010001001 |
| 007030 | 00011010001101010111111000110100 || 00011010001101010111111000110100 |
| 007040 | 00110001010111010000000001100010 || 00110001010111010000000001100010 |
| 007050 | 00111111100100000001011101111111 || 00111111100100000001011101111111 |
| 007060 | 01001101100001111000011010011011 || 01001101100001111000011010011011 |
| 007070 | 01111100110011111000010011111001 || 01111100110011111000010011111001 |
| 007080 | 01111110111011101101010111111101 || 01111110111011101101010111111101 |
| 007090 | 00011010110001101011111000110101 || 00011010110001101011111000110101 |
| 007100 | 01000101111001011101111110001011 || 01000101111001011101111110001011 |
| 007110 | 00000011111010000001101100000111 || 00000011111010000001101100000111 |
| 007120 | 00000101001000111101101100001010 || 00000101001000111101101100001010 |
| 007130 | 01001010100000000000001010010101 || 01001010100000000000001010010101 |
| 007140 | 00101001101100110011011101010011 || 00101001101100110011011101010011 |
| 007150 | 00110101001110110001001101101010 || 00110101001110110001001101101010 |
| 007160 | 00110010110101100000100001100101 || 00110010110101100000100001100101 |
| 007170 | 00011010110000111110000100110101 || 00011010110000111110000100110101 |
| 007180 | 01000001001110111111010110000010 || 01000001001110111111010110000010 |
| 007190 | 00111101001001000001100101111010 || 00111101001001000001100101111010 |
| 007200 | 01100011010001011011000011000110 || 01100011010001011011000011000110 |
| 007210 | 00111000011101010011100001110000 || 00111000011101010011100001110000 |
| 007220 | 01100001011100011101111011000010 || 01100001011100011101111011000010 |
| 007230 | 00101110010011001011101001011100 || 00101110010011001011101001011100 |
| 007240 | 00110010011011111000101101100100 || 00110010011011111000101101100100 |
| 007250 | 00011000001011111100011100110000 || 00011000001011111100011100110000 |
| 007260 | 00010001101100100001100100100011 || 00010001101100100001100100100011 |
| 007270 | 01001111001110100110010110011110 || 01001111001110100110010110011110 |
| 007280 | 01001101110000101010111110011011 || 01001101110000101010111110011011 |
| 007290 | 01010110000001100010101010101100 || 01010110000001100010101010101100 |
| 007300 | 01011100111010110010101110111001 || 01011100111010110010101110111001 |
| 007310 | 00000011101111000110100100000111 || 00000011101111000110100100000111 |
| 007320 | 01110111001101101001000111101110 || 01110111001101101001000111101110 |
| 007330 | 01001100000111111110000110011000 || 01001100000111111110000110011000 |
| 007340 | 01110100001000101111101011101000 || 01110100001000101111101011101000 |
| 007350 | 01000000001110011111001010000000 || 01000000001110011111001010000000 |
| 007360 | 01010000110000010000011110100001 || 01010000110000010000011110100001 |
| 007370 | 01111110001101110100100011111100 || 01111110001101110100100011111100 |
| 007380 | 00101000010111001100110101010000 || 00101000010111001100110101010000 |
| 007390 | 01010100111000000000111110101001 || 01010100111000000000111110101001 |
| 007400 | 01100110001011000100011111001100 || 01100110001011000100011111001100 |
| 007410 | 01010111111101111001111010101111 || 01010111111101111001111010101111 |
| 007420 | 00100001110111110100100101000011 || 00100001110111110100100101000011 |
| 007430 | 00111110101011111010110101111101 || 00111110101011111010110101111101 |
| 007440 | 01001011010011001110100010010110 || 01001011010011001110100010010110 |
| 007450 | 00011100001110110000000100111000 || 00011100001110110000000100111000 |
| 007460 | 00011010110110100111010000110101 || 00011010110110100111010000110101 |
| 007470 | 00001100011010111001110000011000 || 00001100011010111001110000011000 |
| 007480 | 00000100100101111110000000001001 || 00000100100101111110000000001001 |
| 007490 | 01000011001010000110111110000110 || 01000011001010000110111110000110 |
| 007500 | 01000011011011011011010110000110 || 01000011011011011011010110000110 |
| 007510 | 01000101011001101000100110001010 || 01000101011001101000100110001010 |
| 007520 | 01010000000110001000001110100000 || 01010000000110001000001110100000 |
| 007530 | 01100101001100011100011011001010 || 01100101001100011100011011001010 |
| 007540 | 01010101000011011101000110101010 || 01010101000011011101000110101010 |
| 007550 | 00100000001100010000000101000000 || 00100000001100010000000101000000 |
| 007560 | 01000100110001101000101010001001 || 01000100110001101000101010001001 |
| 007570 | 00110000111100011100001101100001 || 00110000111100011100001101100001 |
| 007580 | 00111011010010101110111101110110 || 00111011010010101110111101110110 |
| 007590 | 00110111001001110111001101101110 || 00110111001001110111001101101110 |
| 007600 | 00011110001111000000100000111100 || 00011110001111000000100000111100 |
| 007610 | 01001001111010100000011010010011 || 01001001111010100000011010010011 |
| 007620 | 00010111111101101001001100101111 || 00010111111101101001001100101111 |
| 007630 | 01001000111000000010110110010001 || 01001000111000000010110110010001 |
| 007640 | 01101010110010110111010111010101 || 01101010110010110111010111010101 |
| 007650 | 01001110001000010000101110011100 || 01001110001000010000101110011100 |
| 007660 | 01001000101010011010011010010001 || 01001000101010011010011010010001 |
| 007670 | 01110010011110010101111011100100 || 01110010011110010101111011100100 |
| 007680 | 00110001111101011010011001100011 || 00110001111101011010011001100011 |
| 007690 | 00100000101000000011000101000001 || 00100000101000000011000101000001 |
| 007700 | 01110011101010100110101111100111 || 01110011101010100110101111100111 |
| 007710 | 00110001110001110001000101100011 || 00110001110001110001000101100011 |
| 007720 | 00001001001111111101001000010010 || 00001001001111111101001000010010 |
| 007730 | 01110110110100011011011111101101 || 01110110110100011011011111101101 |
| 007740 | 00000010001100101000101000000100 || 00000010001100101000101000000100 |
| 007750 | 01011101011000010011011110111010 || 01011101011000010011011110111010 |
| 007760 | 01101101011010011000111011011010 || 01101101011010011000111011011010 |
| 007770 | 00000110101111101011100100001101 || 00000110101111101011100100001101 |
| 007780 | 01001110000101010000100110011100 || 01001110000101010000100110011100 |
| 007790 | 00100000100100011001110101000001 || 00100000100100011001110101000001 |
| 007800 | 00010110000000101101000000101100 || 00010110000000101101000000101100 |
| 007810 | 00010100001011010011010100101000 || 00010100001011010011010100101000 |
| 007820 | 00101000110001000100110101010001 || 00101000110001000100110101010001 |
| 007830 | 01101001001000011111000111010010 || 01101001001000011111000111010010 |
| 007840 | 01011001011000011110111110110010 || 01011001011000011110111110110010 |
| 007850 | 01111010100111100000101111110101 || 01111010100111100000101111110101 |
| 007860 | 01000001101110000001110010000011 || 01000001101110000001110010000011 |
| 007870 | 00010101000010011100000000101010 || 00010101000010011100000000101010 |
| 007880 | 00010110111110011010000000101101 || 00010110111110011010000000101101 |
| 007890 | 00110010001010101111100001100100 || 00110010001010101111100001100100 |
| 007900 | 01010010001100111001110010100100 || 01010010001100111001110010100100 |
| 007910 | 00001101111111000111100100011011 || 00001101111111000111100100011011 |
| 007920 | 01111110000011101111100111111100 || 01111110000011101111100111111100 |
| 007930 | 00101101010001001001100101011010 || 00101101010001001001100101011010 |
| 007940 | 01010100011010110101010010101000 || 01010100011010110101010010101000 |
| 007950 | 01100000110101110110101011000001 || 01100000110101110110101011000001 |
| 007960 | 01100110110011110111000111001101 || 01100110110011110111000111001101 |
| 007970 | 01001101010100000110111010011010 || 01001101010100000110111010011010 |
| 007980 | 01101100000010110010100111011000 || 01101100000010110010100111011000 |
| 007990 | 00111110111011111100000101111101 || 00111110111011111100000101111101 |
| 008000 | 01010011110001101101110110100111 || 01010011110001101101110110100111 |
| 008010 | 00001100001001101101001100011000 || 00001100001001101101001100011000 |
| 008020 | 00000110000111000110001000001100 || 00000110000111000110001000001100 |
| 008030 | 00110111010000001000110001101110 || 00110111010000001000110001101110 |
| 008040 | 00010001101101010111010000100011 || 00010001101101010111010000100011 |
| 008050 | 01011000011100010000011110110000 || 01011000011100010000011110110000 |
| 008060 | 00010110010010111010010000101100 || 00010110010010111010010000101100 |
| 008070 | 01010101011110001011100110101010 || 01010101011110001011100110101010 |
| 008080 | 01001011110001011100101110010111 || 01001011110001011100101110010111 |
| 008090 | 00000010111001110010100000000101 || 00000010111001110010100000000101 |
| 008100 | 00110111100011101111010101101111 || 00110111100011101111010101101111 |
| 008110 | 00110100111010010001011001101001 || 00110100111010010001011001101001 |
| 008120 | 01001010001000101101100010010100 || 01001010001000101101100010010100 |
| 008130 | 01111010011011100011010011110100 || 01111010011011100011010011110100 |
| 008140 | 01010110001010111011110010101100 || 01010110001010111011110010101100 |
| 008150 | 01110101010100100101000011101010 || 01110101010100100101000011101010 |
| 008160 | 01110000111011011111001011100001 || 01110000111011011111001011100001 |
| 008170 | 01110101000101100000100111101010 || 01110101000101100000100111101010 |
| 008180 | 01101001000111001011111011010010 || 01101001000111001011111011010010 |
| 008190 | 01011111100100101111011110111111 || 01011111100100101111011110111111 |
| 008200 | 01110101100101001100111011101011 || 01110101100101001100111011101011 |
| 008210 | 00000011111101110110010000000111 || 00000011111101110110010000000111 |
| 008220 | 00100000110110000010001001000001 || 00100000110110000010001001000001 |
| 008230 | 01101000001101010111011111010000 || 01101000001101010111011111010000 |
| 008240 | 00100000100001111000001001000001 || 00100000100001111000001001000001 |
| 008250 | 01101111111100011110010111011111 || 01101111111100011110010111011111 |
| 008260 | 01010001011101010110110110100010 || 01010001011101010110110110100010 |
| 008270 | 00011101110111100001111100111011 || 00011101110111100001111100111011 |
| 008280 | 01010001010011101000010110100010 || 01010001010011101000010110100010 |
| 008290 | 00011101010010100000100000111010 || 00011101010010100000100000111010 |
| 008300 | 00111110001100111000010101111100 || 00111110001100111000010101111100 |
| 008310 | 01110001100110010001110111100011 || 01110001100110010001110111100011 |
| 008320 | 01011011000000001010110010110110 || 01011011000000001010110010110110 |
| 008330 | 00010100001001110010110000101000 || 00010100001001110010110000101000 |
| 008340 | 01001100010111101011000110011000 || 01001100010111101011000110011000 |
| 008350 | 00100111000010000111111101001110 || 00100111000010000111111101001110 |
| 008360 | 00101111000110010010111001011110 || 00101111000110010010111001011110 |
| 008370 | 00101011111100011000111101010111 || 00101011111100011000111101010111 |
| 008380 | 00000011100101101001011000000111 || 00000011100101101001011000000111 |
| 008390 | 00011010011100100011001100110100 || 00011010011100100011001100110100 |
| 008400 | 00101100101011011010000001011001 || 00101100101011011010000001011001 |
| 008410 | 00110111100100000100111101101111 || 00110111100100000100111101101111 |
| 008420 | 00100001011101000011101001000010 || 00100001011101000011101001000010 |
| 008430 | 01101010101011100000011111010101 || 01101010101011100000011111010101 |
| 008440 | 01001010000000111111100010010100 || 01001010000000111111100010010100 |
| 008450 | 01110000100001110110101011100001 || 01110000100001110110101011100001 |
| 008460 | 01100110100100000000010011001101 || 01100110100100000000010011001101 |
| 008470 | 01110100111100111010100011101001 || 01110100111100111010100011101001 |
| 008480 | 00101110100010001000110101011101 || 00101110100010001000110101011101 |
| 008490 | 00111110111101011011111001111101 || 00111110111101011011111001111101 |
| 008500 | 00100010111001111011100101000101 || 00100010111001111011100101000101 |
| 008510 | 01110000100010001010011011100001 || 01110000100010001010011011100001 |
| 008520 | 00110011001001000001010001100110 || 00110011001001000001010001100110 |
| 008530 | 01011100011100110000100110111000 || 01011100011100110000100110111000 |
| 008540 | 01100111101001001000000011001111 || 01100111101001001000000011001111 |
| 008550 | 01011000010011100110110110110000 || 01011000010011100110110110110000 |
| 008560 | 00011110111100011010010000111101 || 00011110111100011010010000111101 |
| 008570 | 00101111110011011110100001011111 || 00101111110011011110100001011111 |
| 008580 | 00100100010000001101111001001000 || 00100100010000001101111001001000 |
| 008590 | 00110000001100000100110001100000 || 00110000001100000100110001100000 |
| 008600 | 01010110010101001011000110101100 || 01010110010101001011000110101100 |
| 008610 | 00011111101010011101101000111111 || 00011111101010011101101000111111 |
| 008620 | 01010101000011101011100110101010 || 01010101000011101011100110101010 |
| 008630 | 00010100011100010111000100101000 || 00010100011100010111000100101000 |
| 008640 | 00010010011011110001010000100100 || 00010010011011110001010000100100 |
| 008650 | 01111001111111010011111011110011 || 01111001111111010011111011110011 |
| 008660 | 01001001000111010101011110010010 || 01001001000111010101011110010010 |
| 008670 | 01100000110110101110101011000001 || 01100000110110101110101011000001 |
| 008680 | 00010110111101110000000000101101 || 00010110111101110000000000101101 |
| 008690 | 01101110011011110101000011011100 || 01101110011011110101000011011100 |
| 008700 | 01100101011111110101111111001010 || 01100101011111110101111111001010 |
| 008710 | 00011101110010011010010100111011 || 00011101110010011010010100111011 |
| 008720 | 00111100011011010000110101111000 || 00111100011011010000110101111000 |
| 008730 | 01111001100101100010111111110011 || 01111001100101100010111111110011 |
| 008740 | 00101011111100001101011101010111 || 00101011111100001101011101010111 |
| 008750 | 01000001000111000111000010000010 || 01000001000111000111000010000010 |
| 008760 | 00000100101100100011000000001001 || 00000100101100100011000000001001 |
| 008770 | 01111111000101001101100111111110 || 01111111000101001101100111111110 |
| 008780 | 00101010110111010010010001010101 || 00101010110111010010010001010101 |
| 008790 | 00110001000000011111100001100010 || 00110001000000011111100001100010 |
| 008800 | 01001111111111011100000010011111 || 01001111111111011100000010011111 |
| 008810 | 00110000100110010010101101100001 || 00110000100110010010101101100001 |
| 008820 | 01011100110001010000110010111001 || 01011100110001010000110010111001 |
| 008830 | 01010110101001101100110110101101 || 01010110101001101100110110101101 |
| 008840 | 00101000001100110111001001010000 || 00101000001100110111001001010000 |
| 008850 | 00111111101110011110010101111111 || 00111111101110011110010101111111 |
| 008860 | 01011101000001001011010110111010 || 01011101000001001011010110111010 |
| 008870 | 01101110110000110101101111011101 || 01101110110000110101101111011101 |
| 008880 | 01111000100110010101110111110001 || 01111000100110010101110111110001 |
| 008890 | 00111000101101001010010001110001 || 00111000101101001010010001110001 |
| 008900 | 00110111111110011010011001101111 || 00110111111110011010011001101111 |
| 008910 | 00100110000010011111000101001100 || 00100110000010011111000101001100 |
| 008920 | 01100111111011011111011011001111 || 01100111111011011111011011001111 |
| 008930 | 01000100000010111110010110001000 || 01000100000010111110010110001000 |
| 008940 | 01111100100010001100010011111001 || 01111100100010001100010011111001 |
| 008950 | 01101111011101001011110111011110 || 01101111011101001011110111011110 |
| 008960 | 01101010110111100001001111010101 || 01101010110111100001001111010101 |
| 008970 | 01101101000001010000011111011010 || 01101101000001010000011111011010 |
| 008980 | 00010101000001000101011000101010 || 00010101000001000101011000101010 |
| 008990 | 01100010011100111100110111000100 || 01100010011100111100110111000100 |
| 009000 | 00000100110110101110101000001001 || 00000100110110101110101000001001 |
| 009010 | 01101011000001100100100011010110 || 01101011000001100100100011010110 |
| 009020 | 01001101011100100000000110011010 || 01001101011100100000000110011010 |
| 009030 | 01001110111110110000111110011101 || 01001110111110110000111110011101 |
| 009040 | 00001101010100000001001000011010 || 00001101010100000001001000011010 |
| 009050 | 01001011110101001100011010010111 || 01001011110101001100011010010111 |
| 009060 | 01001101001100001100110010011010 || 01001101001100001100110010011010 |
| 009070 | 00010101011100000101000100101010 || 00010101011100000101000100101010 |
| 009080 | 00101111001110011000000101011110 || 00101111001110011000000101011110 |
| 009090 | 00111100101100100111111101111001 || 00111100101100100111111101111001 |
| 009100 | 00101001111111110001101101010011 || 00101001111111110001101101010011 |
| 009110 | 00110000011110010100000001100000 || 00110000011110010100000001100000 |
| 009120 | 00111001000110011000101101110010 || 00111001000110011000101101110010 |
| 009130 | 00010000010111000101000100100000 || 00010000010111000101000100100000 |
| 009140 | 00011010011000001011011000110100 || 00011010011000001011011000110100 |
| 009150 | 00111110101010010110110001111101 || 00111110101010010110110001111101 |
| 009160 | 00110011010011101110100001100110 || 00110011010011101110100001100110 |
| 009170 | 01111111111001111111100111111111 || 01111111111001111111100111111111 |
| 009180 | 00101101011001001100001101011010 || 00101101011001001100001101011010 |
| 009190 | 00111010000100000100000101110100 || 00111010000100000100000101110100 |
| 009200 | 00010010110010101010111000100101 || 00010010110010101010111000100101 |
| 009210 | 00000100100000100001011100001001 || 00000100100000100001011100001001 |
| 009220 | 01001101110010111100011110011011 || 01001101110010111100011110011011 |
| 009230 | 01101011101001110000111011010111 || 01101011101001110000111011010111 |
| 009240 | 00111110001001100101001001111100 || 00111110001001100101001001111100 |
| 009250 | 00001000000011000010011100010000 || 00001000000011000010011100010000 |
| 009260 | 00110110100011011010100001101101 || 00110110100011011010100001101101 |
| 009270 | 00001000100111110000000100010001 || 00001000100111110000000100010001 |
| 009280 | 01111011000110011010101011110110 || 01111011000110011010101011110110 |
| 009290 | 00001010100110101000100100010101 || 00001010100110101000100100010101 |
| 009300 | 01011110101111111010110110111101 || 01011110101111111010110110111101 |
| 009310 | 01000111100011110010100010001111 || 01000111100011110010100010001111 |
| 009320 | 00111010010100001110110101110100 || 00111010010100001110110101110100 |
| 009330 | 00111010110100100111100101110101 || 00111010110100100111100101110101 |
| 009340 | 01000010110110100111101110000101 || 01000010110110100111101110000101 |
| 009350 | 00011011100000100111000100110111 || 00011011100000100111000100110111 |
| 009360 | 00010111101000101010111100101111 || 00010111101000101010111100101111 |
| 009370 | 01011111001010000001011010111110 || 01011111001010000001011010111110 |
| 009380 | 01010001011000000001100010100010 || 01010001011000000001100010100010 |
| 009390 | 00100010111001011010101001000101 || 00100010111001011010101001000101 |
| 009400 | 01000100101001011110100110001001 || 01000100101001011110100110001001 |
| 009410 | 01001101111111000101111010011011 || 01001101111111000101111010011011 |
| 009420 | 00100000111000011110101101000001 || 00100000111000011110101101000001 |
| 009430 | 00111000010101011000000001110000 || 00111000010101011000000001110000 |
| 009440 | 01110011101001111110111111100111 || 01110011101001111110111111100111 |
| 009450 | 00010010100110110010111000100101 || 00010010100110110010111000100101 |
| 009460 | 01110101011001101011100111101010 || 01110101011001101011100111101010 |
| 009470 | 01110011010011001000001111100110 || 01110011010011001000001111100110 |
| 009480 | 00111001000000100111011101110010 || 00111001000000100111011101110010 |
| 009490 | 00111101000110010100011001111010 || 00111101000110010100011001111010 |
| 009500 | 01111011001100001010100111110110 || 01111011001100001010100111110110 |
| 009510 | 01000110101100010001111110001101 || 01000110101100010001111110001101 |
| 009520 | 00111000110100011001011101110001 || 00111000110100011001011101110001 |
| 009530 | 00111011000100100100001001110110 || 00111011000100100100001001110110 |
| 009540 | 01111100111000110100000011111001 || 01111100111000110100000011111001 |
| 009550 | 01001011010000111010001110010110 || 01001011010000111010001110010110 |
| 009560 | 01010111000010011100011010101110 || 01010111000010011100011010101110 |
| 009570 | 01110111010001101010001011101110 || 01110111010001101010001011101110 |
| 009580 | 00111011000010010110010001110110 || 00111011000010010110010001110110 |
| 009590 | 00100011111011000011110101000111 || 00100011111011000011110101000111 |
| 009600 | 01111111111011011101100111111111 || 01111111111011011101100111111111 |
| 009610 | 01011110000110011100001010111100 || 01011110000110011100001010111100 |
| 009620 | 01101010111110110101110011010101 || 01101010111110110101110011010101 |
| 009630 | 01001001111010001111101110010011 || 01001001111010001111101110010011 |
| 009640 | 01111110111001010000011111111101 || 01111110111001010000011111111101 |
| 009650 | 01000100111011111110000110001001 || 01000100111011111110000110001001 |
| 009660 | 01000011001001001100110110000110 || 01000011001001001100110110000110 |
| 009670 | 01101110110110111100101111011101 || 01101110110110111100101111011101 |
| 009680 | 00111001101100001110010101110011 || 00111001101100001110010101110011 |
| 009690 | 00010010011011000001110100100100 || 00010010011011000001110100100100 |
| 009700 | 01011010101010101011110110110101 || 01011010101010101011110110110101 |
| 009710 | 00000010101110000111101100000101 || 00000010101110000111101100000101 |
| 009720 | 00000110000000110110100100001100 || 00000110000000110110100100001100 |
| 009730 | 01100101100011100111010011001011 || 01100101100011100111010011001011 |
| 009740 | 00000010011100011001001100000100 || 00000010011100011001001100000100 |
| 009750 | 01001011100100101011100010010111 || 01001011100100101011100010010111 |
| 009760 | 00101111011101001110101001011110 || 00101111011101001110101001011110 |
| 009770 | 01011001101100011100010010110011 || 01011001101100011100010010110011 |
| 009780 | 00011101100000110001010000111011 || 00011101100000110001010000111011 |
| 009790 | 01011101010011000001001010111010 || 01011101010011000001001010111010 |
| 009800 | 00100011110110100001110101000111 || 00100011110110100001110101000111 |
| 009810 | 01100101011010011100101011001010 || 01100101011010011100101011001010 |
| 009820 | 01011110110101000110011010111101 || 01011110110101000110011010111101 |
| 009830 | 00011111001000011111010100111110 || 00011111001000011111010100111110 |
| 009840 | 00011011111110100001100000110111 || 00011011111110100001100000110111 |
| 009850 | 00110010010000010010011001100100 || 00110010010000010010011001100100 |
| 009860 | 00110010011011000001000001100100 || 00110010011011000001000001100100 |
| 009870 | 01101101000110111011000011011010 || 01101101000110111011000011011010 |
| 009880 | 01110110101001000101001011101101 || 01110110101001000101001011101101 |
| 009890 | 00101011010101110101010001010110 || 00101011010101110101010001010110 |
| 009900 | 01110111111001111111100011101111 || 01110111111001111111100011101111 |
| 009910 | 01000011010110000111000110000110 || 01000011010110000111000110000110 |
| 009920 | 01011100001001101010000010111000 || 01011100001001101010000010111000 |
| 009930 | 01100000110111101011001111000001 || 01100000110111101011001111000001 |
| 009940 | 00010100011000110110001000101000 || 00010100011000110110001000101000 |
| 009950 | 01000001001111010100011010000010 || 01000001001111010100011010000010 |
| 009960 | 00100000001000110011100101000000 || 00100000001000110011100101000000 |
| 009970 | 00111110011110101000001001111100 || 00111110011110101000001001111100 |
| 009980 | 01000001101111001111011010000011 || 01000001101111001111011010000011 |
| 009990 | 00110010100000110001110101100101 || 00110010100000110001110101100101 |
| 010000 | 10110111110001101011001001101111 || 00000000000000000000000000000000 |
| 010010 | 11110010011111001101110111100100 || 00000000000000000000000000000000 |
| 010020 | 11100001001111001011101011000010 || 00000000000000000000000000000000 |
| 010030 | 10101100001001001100010001011000 || 00000000000000000000000000000000 |
| 010040 | 11111010010111100000000111110100 || 00000000000000000000000000000000 |
| 010050 | 11000100000001001100001010001000 || 00000000000000000000000000000000 |
| 010060 | 11110111100110100001001011101111 || 00000000000000000000000000000000 |
| 010070 | 10101011001011001110100001010110 || 00000000000000000000000000000000 |
| 010080 | 11000010010011000111110110000100 || 00000000000000000000000000000000 |
| 010090 | 11110101111111000001000111101011 || 00000000000000000000000000000000 |
| 010100 | 11011000011000011100011110110000 || 00000000000000000000000000000000 |
| 010110 | 10000011011001000001100100000110 || 00000000000000000000000000000000 |
| 010120 | 11100100011000011101101111001000 || 00000000000000000000000000000000 |
| 010130 | 10110100111101011000011101101001 || 00000000000000000000000000000000 |
| 010140 | 11100110101110111111110011001101 || 00000000000000000000000000000000 |
| 010150 | 11001011110111101100001110010111 || 00000000000000000000000000000000 |
| 010160 | 11010011100100000011000110100111 || 00000000000000000000000000000000 |
| 010170 | 11101101111010101100000111011011 || 00000000000000000000000000000000 |
| 010180 | 10110001100100100011100101100011 || 00000000000000000000000000000000 |
| 010190 | 11010111011010110011010110101110 || 00000000000000000000000000000000 |
| 010200 | 10100111000000011111011001001110 || 00000000000000000000000000000000 |
| 010210 | 11001011110110100011111110010111 || 00000000000000000000000000000000 |
| 010220 | 10010001000101010110001100100010 || 00000000000000000000000000000000 |
| 010230 | 10100110110111111001110101001101 || 00000000000000000000000000000000 |
| 010240 | 10011000100100000000000000110001 || 00000000000000000000000000000000 |
| 010250 | 11111010010001010101110111110100 || 00000000000000000000000000000000 |
| 010260 | 11001011101000111100000110010111 || 00000000000000000000000000000000 |
| 010270 | 10100011010010000000100101000110 || 00000000000000000000000000000000 |
| 010280 | 11110001100101111000001111100011 || 00000000000000000000000000000000 |
| 010290 | 10101010100011100101101001010101 || 00000000000000000000000000000000 |
| 010300 | 10101000000011101111100001010000 || 00000000000000000000000000000000 |
| 010310 | 11001101111101000110011110011011 || 00000000000000000000000000000000 |
| 010320 | 10111100001100000001011101111000 || 00000000000000000000000000000000 |
| 010330 | 10111010001101100101010001110100 || 00000000000000000000000000000000 |
| 010340 | 10110011010000100000111001100110 || 00000000000000000000000000000000 |
| 010350 | 11110100011001101000010011101000 || 00000000000000000000000000000000 |
| 010360 | 11101110110000011011000111011101 || 00000000000000000000000000000000 |
| 010370 | 10110111111110110100100101101111 || 00000000000000000000000000000000 |
| 010380 | 11011111010001110110101010111110 || 00000000000000000000000000000000 |
| 010390 | 11010110001000000001000010101100 || 00000000000000000000000000000000 |
| 010400 | 10100111111110101010100001001111 || 00000000000000000000000000000000 |
| 010410 | 11100101110101100001011111001011 || 00000000000000000000000000000000 |
| 010420 | 10000001101011101101000100000011 || 00000000000000000000000000000000 |
| 010430 | 10001010010100001001011100010100 || 00000000000000000000000000000000 |
| 010440 | 11110001001001011011000111100010 || 00000000000000000000000000000000 |
| 010450 | 10110101110110000111101101101011 || 00000000000000000000000000000000 |
| 010460 | 10010111010100110110101000101110 || 00000000000000000000000000000000 |
| 010470 | 11010011011000111000100110100110 || 00000000000000000000000000000000 |
| 010480 | 11011100110111111110001110111001 || 00000000000000000000000000000000 |
| 010490 | 10011111111010110001010100111111 || 00000000000000000000000000000000 |
| 010500 | 10010011100000011011101000100111 || 00000000000000000000000000000000 |
| 010510 | 11101110011011100011001011011100 || 00000000000000000000000000000000 |
| 010520 | 10111000001011101011001001110000 || 00000000000000000000000000000000 |
| 010530 | 10001110011010110110000100011100 || 00000000000000000000000000000000 |
| 010540 | 11100000011111011010011111000000 || 00000000000000000000000000000000 |
| 010550 | 11001100011111011100000110011000 || 00000000000000000000000000000000 |
| 010560 | 11100011111101011111011111000111 || 00000000000000000000000000000000 |
| 010570 | 11111111101010011011111011111111 || 00000000000000000000000000000000 |
| 010580 | 10010111011010000111100000101110 || 00000000000000000000000000000000 |
| 010590 | 10000011110001010100010000000111 || 00000000000000000000000000000000 |
| 010600 | 11001100110011011110010110011001 || 00000000000000000000000000000000 |
| 010610 | 11011010010001110110101010110100 || 00000000000000000000000000000000 |
| 010620 | 11010101100001101101001010101011 || 00000000000000000000000000000000 |
| 010630 | 10100110101010111010100101001101 || 00000000000000000000000000000000 |
| 010640 | 11010111001110010001010010101110 || 00000000000000000000000000000000 |
| 010650 | 11010010011101001000001110100100 || 00000000000000000000000000000000 |
| 010660 | 11110100111001101011101111101001 || 00000000000000000000000000000000 |
| 010670 | 10001110101110011011110100011101 || 00000000000000000000000000000000 |
| 010680 | 11110110001110100111101011101100 || 00000000000000000000000000000000 |
| 010690 | 10011110000011100000011100111100 || 00000000000000000000000000000000 |
| 010700 | 11001110011001011001101010011100 || 00000000000000000000000000000000 |
| 010710 | 10001001011010000011000000010010 || 00000000000000000000000000000000 |
| 010720 | 10000010010010110110101100000100 || 00000000000000000000000000000000 |
| 010730 | 10010101100110111101010000101011 || 00000000000000000000000000000000 |
| 010740 | 10001011000101100011010000010110 || 00000000000000000000000000000000 |
| 010750 | 10110100110011011000111001101001 || 00000000000000000000000000000000 |
| 010760 | 11000110101100011001111110001101 || 00000000000000000000000000000000 |
| 010770 | 11000000001011101010100010000000 || 00000000000000000000000000000000 |
| 010780 | 11101011000001101010111111010110 || 00000000000000000000000000000000 |
| 010790 | 10111010001011000100011101110100 || 00000000000000000000000000000000 |
| 010800 | 10011011001101010010110000110110 || 00000000000000000000000000000000 |
| 010810 | 10101000000111100010000001010000 || 00000000000000000000000000000000 |
| 010820 | 11000111011001101001001010001110 || 00000000000000000000000000000000 |
| 010830 | 11110100011000001010011111101000 || 00000000000000000000000000000000 |
| 010840 | 11000000001101101000011110000000 || 00000000000000000000000000000000 |
| 010850 | 10110110101001101011110001101101 || 00000000000000000000000000000000 |
| 010860 | 11110110000011001100001111101100 || 00000000000000000000000000000000 |
| 010870 | 11110000001011101101110111100000 || 00000000000000000000000000000000 |
| 010880 | 10010011001001001000011000100110 || 00000000000000000000000000000000 |
| 010890 | 10110100011001111101100001101000 || 00000000000000000000000000000000 |
| 010900 | 10010100010111011000011000101000 || 00000000000000000000000000000000 |
| 010910 | 10010100011100001111011100101000 || 00000000000000000000000000000000 |
| 010920 | 10010001010100100101111100100010 || 00000000000000000000000000000000 |
| 010930 | 11101100110000011011001111011001 || 00000000000000000000000000000000 |
| 010940 | 10011111100100001000001100111111 || 00000000000000000000000000000000 |
| 010950 | 10100000001001001110001101000000 || 00000000000000000000000000000000 |
| 010960 | 11111111001011011010100111111110 || 00000000000000000000000000000000 |
| 010970 | 11010010000100110110101110100100 || 00000000000000000000000000000000 |
| 010980 | 10100000010101101100000001000000 || 00000000000000000000000000000000 |
| 010990 | 10001100010110100110111000011000 || 00000000000000000000000000000000 |
| 011000 | 11101001110101000101101011010011 || 00000000000000000000000000000000 |
| 011010 | 11100000110110001111111011000001 || 00000000000000000000000000000000 |
| 011020 | 10001111111000001010000100011111 || 00000000000000000000000000000000 |
| 011030 | 11000000000000010100100010000000 || 00000000000000000000000000000000 |
| 011040 | 10011001000010101100011000110010 || 00000000000000000000000000000000 |
| 011050 | 11011111101010010100100110111111 || 00000000000000000000000000000000 |
| 011060 | 11111100010000111110111111111000 || 00000000000000000000000000000000 |
| 011070 | 11100011100101101111110111000111 || 00000000000000000000000000000000 |
| 011080 | 11100111100100011010011011001111 || 00000000000000000000000000000000 |
| 011090 | 11111010000101000000110011110100 || 00000000000000000000000000000000 |
| 011100 | 11010010010000011100110110100100 || 00000000000000000000000000000000 |
| 011110 | 10000010101101001111110100000101 || 00000000000000000000000000000000 |
| 011120 | 11010111110111000000110110101111 || 00000000000000000000000000000000 |
| 011130 | 10010100010111111110010000101000 || 00000000000000000000000000000000 |
| 011140 | 10010010011011001100001100100100 || 00000000000000000000000000000000 |
| 011150 | 10001001011111101001010000010010 || 00000000000000000000000000000000 |
| 011160 | 10011011001001010111001100110110 || 00000000000000000000000000000000 |
| 011170 | 10010110001010000100111000101100 || 00000000000000000000000000000000 |
| 011180 | 10010111101011101011011000101111 || 00000000000000000000000000000000 |
| 011190 | 10001011111011101111000100010111 || 00000000000000000000000000000000 |
| 011200 | 10100000111001111010110101000001 || 00000000000000000000000000000000 |
| 011210 | 11001001110110111010100110010011 || 00000000000000000000000000000000 |
| 011220 | 11110101001011101110110111101010 || 00000000000000000000000000000000 |
| 011230 | 10100101000001110010001001001010 || 00000000000000000000000000000000 |
| 011240 | 10100100101100001111001001001001 || 00000000000000000000000000000000 |
| 011250 | 11001111000110010011001110011110 || 00000000000000000000000000000000 |
| 011260 | 11010001100110000000110110100011 || 00000000000000000000000000000000 |
| 011270 | 10011011110111000001010100110111 || 00000000000000000000000000000000 |
| 011280 | 10010000010110011101011100100000 || 00000000000000000000000000000000 |
| 011290 | 11111101111011110000101011111011 || 00000000000000000000000000000000 |
| 011300 | 10000101101111100001110000001011 || 00000000000000000000000000000000 |
| 011310 | 11011100100001001001011110111001 || 00000000000000000000000000000000 |
| 011320 | 11101000100110110101001011010001 || 00000000000000000000000000000000 |
| 011330 | 11111000111110000010110011110001 || 00000000000000000000000000000000 |
| 011340 | 10100100101001001000000101001001 || 00000000000000000000000000000000 |
| 011350 | 10110010111001110101100001100101 || 00000000000000000000000000000000 |
| 011360 | 11011010000001001011101010110100 || 00000000000000000000000000000000 |
| 011370 | 10001100010110100111011100011000 || 00000000000000000000000000000000 |
| 011380 | 11110010111001000000000111100101 || 00000000000000000000000000000000 |
| 011390 | 10010101011010001110010000101010 || 00000000000000000000000000000000 |
| 011400 | 11011100010100011100010010111000 || 00000000000000000000000000000000 |
| 011410 | 11010111101001001010100110101111 || 00000000000000000000000000000000 |
| 011420 | 10110011011100001100001101100110 || 00000000000000000000000000000000 |
| 011430 | 10101101011110011010101101011010 || 00000000000000000000000000000000 |
| 011440 | 11000010001000001000011010000100 || 00000000000000000000000000000000 |
| 011450 | 10100000100011000101111101000001 || 00000000000000000000000000000000 |
| 011460 | 10001111110000000100110000011111 || 00000000000000000000000000000000 |
| 011470 | 10101100000000111111100101011000 || 00000000000000000000000000000000 |
| 011480 | 11101011000001110111011111010110 || 00000000000000000000000000000000 |
| 011490 | 10001100100011000001100000011001 || 00000000000000000000000000000000 |
| 011500 | 11000001010011111000001010000010 || 00000000000000000000000000000000 |
| 011510 | 11010111101110011111110110101111 || 00000000000000000000000000000000 |
| 011520 | 10101110000010110110110001011100 || 00000000000000000000000000000000 |
| 011530 | 11011111011000010011001110111110 || 00000000000000000000000000000000 |
| 011540 | 10000010100010001010110000000101 || 00000000000000000000000000000000 |
| 011550 | 10100011010000111100010101000110 || 00000000000000000000000000000000 |
| 011560 | 11110010011101011001110011100100 || 00000000000000000000000000000000 |
| 011570 | 10111100011010011110110001111000 || 00000000000000000000000000000000 |
| 011580 | 10101101000010010110111101011010 || 00000000000000000000000000000000 |
| 011590 | 11111001010011010011111111110010 || 00000000000000000000000000000000 |
| 011600 | 11001101000010011001110010011010 || 00000000000000000000000000000000 |
| 011610 | 11001000111000110110001010010001 || 00000000000000000000000000000000 |
| 011620 | 11001011010010001101000110010110 || 00000000000000000000000000000000 |
| 011630 | 11001100011101000011100010011000 || 00000000000000000000000000000000 |
| 011640 | 11010111100110110110001010101111 || 00000000000000000000000000000000 |
| 011650 | 11101101000001111001001111011010 || 00000000000000000000000000000000 |
| 011660 | 11000011100111010011100110000111 || 00000000000000000000000000000000 |
| 011670 | 11011001000101100110000010110010 || 00000000000000000000000000000000 |
| 011680 | 11011001000001010100010110110010 || 00000000000000000000000000000000 |
| 011690 | 11010010000010110101110010100100 || 00000000000000000000000000000000 |
| 011700 | 10100010101000100110110001000101 || 00000000000000000000000000000000 |
| 011710 | 11100110111111110100001111001101 || 00000000000000000000000000000000 |
| 011720 | 10110011011111011111101001100110 || 00000000000000000000000000000000 |
| 011730 | 10011010111111000111110100110101 || 00000000000000000000000000000000 |
| 011740 | 11101010111111111001000111010101 || 00000000000000000000000000000000 |
| 011750 | 10111000111101100101000101110001 || 00000000000000000000000000000000 |
| 011760 | 11101111010011101001011111011110 || 00000000000000000000000000000000 |
| 011770 | 10110110011111111001001001101100 || 00000000000000000000000000000000 |
| 011780 | 10110000100011010010110001100001 || 00000000000000000000000000000000 |
| 011790 | 10111000001011001101011001110000 || 00000000000000000000000000000000 |
| 011800 | 10010111111010001001001100101111 || 00000000000000000000000000000000 |
| 011810 | 10000111011011100001101100001110 || 00000000000000000000000000000000 |
| 011820 | 10100100110110110010011001001001 || 00000000000000000000000000000000 |
| 011830 | 11001001100011000000000110010011 || 00000000000000000000000000000000 |
| 011840 | 10000001010110111100001100000010 || 00000000000000000000000000000000 |
| 011850 | 10000010010101000111010000000100 || 00000000000000000000000000000000 |
| 011860 | 10011011000101101100001000110110 || 00000000000000000000000000000000 |
| 011870 | 10011010111000101110000000110101 || 00000000000000000000000000000000 |
| 011880 | 11101100001011000101111011011000 || 00000000000000000000000000000000 |
| 011890 | 10111101110011111101110001111011 || 00000000000000000000000000000000 |
| 011900 | 11101001010100001010100011010010 || 00000000000000000000000000000000 |
| 011910 | 10010101111101000110000000101011 || 00000000000000000000000000000000 |
| 011920 | 11011101100010001111100110111011 || 00000000000000000000000000000000 |
| 011930 | 11010011110011000111000110100111 || 00000000000000000000000000000000 |
| 011940 | 11101101001000101101111011011010 || 00000000000000000000000000000000 |
| 011950 | 10000111011001010101000100001110 || 00000000000000000000000000000000 |
| 011960 | 11100001111000001000101011000011 || 00000000000000000000000000000000 |
| 011970 | 11010001101000110011000110100011 || 00000000000000000000000000000000 |
| 011980 | 11011001101101101100100110110011 || 00000000000000000000000000000000 |
| 011990 | 11100111100010100110000011001111 || 00000000000000000000000000000000 |
| 012000 | 11001111110110000110100010011111 || 00000000000000000000000000000000 |
| 012010 | 11010101000101111111101010101010 || 00000000000000000000000000000000 |
| 012020 | 11010101001010110010111110101010 || 00000000000000000000000000000000 |
| 012030 | 10010011000101100001101000100110 || 00000000000000000000000000000000 |
| 012040 | 10000001101000100100100000000011 || 00000000000000000000000000000000 |
| 012050 | 11010100001101111000100110101000 || 00000000000000000000000000000000 |
| 012060 | 11001011010110100011011010010110 || 00000000000000000000000000000000 |
| 012070 | 10100001101001101110111001000011 || 00000000000000000000000000000000 |
| 012080 | 11011010101100100100000110110101 || 00000000000000000000000000000000 |
| 012090 | 11101110000101010111111011011100 || 00000000000000000000000000000000 |
| 012100 | 10111011111111110110010101110111 || 00000000000000000000000000000000 |
| 012110 | 11101000001101010010101111010000 || 00000000000000000000000000000000 |
| 012120 | 11001111110101001100011110011111 || 00000000000000000000000000000000 |
| 012130 | 10000010011010100101010100000100 || 00000000000000000000000000000000 |
| 012140 | 10101010001111011010000101010100 || 00000000000000000000000000000000 |
| 012150 | 10010101011000001111110100101010 || 00000000000000000000000000000000 |
| 012160 | 10000111101001001011001100001111 || 00000000000000000000000000000000 |
| 012170 | 10101110000100010110111001011100 || 00000000000000000000000000000000 |
| 012180 | 10110011100001010011000101100111 || 00000000000000000000000000000000 |
| 012190 | 10110101101000000111001101101011 || 00000000000000000000000000000000 |
| 012200 | 10001001011000010011100000010010 || 00000000000000000000000000000000 |
| 012210 | 10101010011001110000010101010100 || 00000000000000000000000000000000 |
| 012220 | 10110011110110011011101001100111 || 00000000000000000000000000000000 |
| 012230 | 11001101010011010111101010011010 || 00000000000000000000000000000000 |
| 012240 | 11010000001000111110111010100000 || 00000000000000000000000000000000 |
| 012250 | 11101101100001100011100111011011 || 00000000000000000000000000000000 |
| 012260 | 10111101011110000100001001111010 || 00000000000000000000000000000000 |
| 012270 | 10010110100100111110001000101101 || 00000000000000000000000000000000 |
| 012280 | 11111000011101101100101111110000 || 00000000000000000000000000000000 |
| 012290 | 11001001011001110000100010010010 || 00000000000000000000000000000000 |
| 012300 | 10001001110111010011000000010011 || 00000000000000000000000000000000 |
| 012310 | 11010001001111110101100010100010 || 00000000000000000000000000000000 |
| 012320 | 10011110010010100010001100111100 || 00000000000000000000000000000000 |
| 012330 | 10100111110111000100111101001111 || 00000000000000000000000000000000 |
| 012340 | 11101010001010100100100111010100 || 00000000000000000000000000000000 |
| 012350 | 11110010011010010110100111100100 || 00000000000000000000000000000000 |
| 012360 | 11100001010010101010111011000010 || 00000000000000000000000000000000 |
| 012370 | 11100001011100011100111011000010 || 00000000000000000000000000000000 |
| 012380 | 10011100111011001011010000111001 || 00000000000000000000000000000000 |
| 012390 | 11100010000001111000010011000100 || 00000000000000000000000000000000 |
| 012400 | 11100101100101111000001011001011 || 00000000000000000000000000000000 |
| 012410 | 10001101001010100010000100011010 || 00000000000000000000000000000000 |
| 012420 | 11001111010000101111011010011110 || 00000000000000000000000000000000 |
| 012430 | 11010100010110001111100010101000 || 00000000000000000000000000000000 |
| 012440 | 10000110110110000001010000001101 || 00000000000000000000000000000000 |
| 012450 | 10000111000111001100100000001110 || 00000000000000000000000000000000 |
| 012460 | 11101111011000101111010111011110 || 00000000000000000000000000000000 |
| 012470 | 10101101001101001111000101011010 || 00000000000000000000000000000000 |
| 012480 | 11010011101100100011101010100111 || 00000000000000000000000000000000 |
| 012490 | 11001011111101000001111110010111 || 00000000000000000000000000000000 |
| 012500 | 11010110011111111111100010101100 || 00000000000000000000000000000000 |
| 012510 | 10111011001110000111111001110110 || 00000000000000000000000000000000 |
| 012520 | 11000111101000000010101010001111 || 00000000000000000000000000000000 |
| 012530 | 10100111010010110110010101001110 || 00000000000000000000000000000000 |
| 012540 | 10110000000100001010010001100000 || 00000000000000000000000000000000 |
| 012550 | 11111000110101001000110011110001 || 00000000000000000000000000000000 |
| 012560 | 10011001001001100111101100110010 || 00000000000000000000000000000000 |
| 012570 | 10010010111011001011100000100101 || 00000000000000000000000000000000 |
| 012580 | 11100100011101001111111111001000 || 00000000000000000000000000000000 |
| 012590 | 11100001001110111110101111000010 || 00000000000000000000000000000000 |
| 012600 | 11010010011010100010001110100100 || 00000000000000000000000000000000 |
| 012610 | 10000100111011110001011000001001 || 00000000000000000000000000000000 |
| 012620 | 10101100111111000111000001011001 || 00000000000000000000000000000000 |
| 012630 | 11000111001100010100100010001110 || 00000000000000000000000000000000 |
| 012640 | 11001010001001100111011010010100 || 00000000000000000000000000000000 |
| 012650 | 11001010101101000101110110010101 || 00000000000000000000000000000000 |
| 012660 | 11010111010010111011110010101110 || 00000000000000000000000000000000 |
| 012670 | 11111011101101010011000011110111 || 00000000000000000000000000000000 |
| 012680 | 11110011000000110010110111100110 || 00000000000000000000000000000000 |
| 012690 | 11101110110001110100101011011101 || 00000000000000000000000000000000 |
| 012700 | 10011110001000110000101000111100 || 00000000000000000000000000000000 |
| 012710 | 11110010100101000001001011100101 || 00000000000000000000000000000000 |
| 012720 | 11010111010010100101101110101110 || 00000000000000000000000000000000 |
| 012730 | 10000111100110010111110100001111 || 00000000000000000000000000000000 |
| 012740 | 11011101100000111101111010111011 || 00000000000000000000000000000000 |
| 012750 | 11110010110101000011110011100101 || 00000000000000000000000000000000 |
| 012760 | 11110110111111100111100011101101 || 00000000000000000000000000000000 |
| 012770 | 10101101001000010111001001011010 || 00000000000000000000000000000000 |
| 012780 | 11001000001101110010000110010000 || 00000000000000000000000000000000 |
| 012790 | 11000001000000111101110110000010 || 00000000000000000000000000000000 |
| 012800 | 10011110010100000101100100111100 || 00000000000000000000000000000000 |
| 012810 | 10110011010110001000100001100110 || 00000000000000000000000000000000 |
| 012820 | 10100100101100110001011001001001 || 00000000000000000000000000000000 |
| 012830 | 10010001011001110000000000100010 || 00000000000000000000000000000000 |
| 012840 | 10101010011101010011010101010100 || 00000000000000000000000000000000 |
| 012850 | 10100111100110001111111001001111 || 00000000000000000000000000000000 |
| 012860 | 11110111011000010110010111101110 || 00000000000000000000000000000000 |
| 012870 | 11110000000001011001011011100000 || 00000000000000000000000000000000 |
| 012880 | 10010010110111001010000100100101 || 00000000000000000000000000000000 |
| 012890 | 11101110110110111111000011011101 || 00000000000000000000000000000000 |
| 012900 | 11100000010001010001010011000000 || 00000000000000000000000000000000 |
| 012910 | 10101100100110010110110001011001 || 00000000000000000000000000000000 |
| 012920 | 11101100110001101001001111011001 || 00000000000000000000000000000000 |
| 012930 | 11000010110101110101110010000101 || 00000000000000000000000000000000 |
| 012940 | 11010010000000001000100010100100 || 00000000000000000000000000000000 |
| 012950 | 10111000010111000011000001110000 || 00000000000000000000000000000000 |
| 012960 | 11111111001110010110001011111110 || 00000000000000000000000000000000 |
| 012970 | 10101011111111000010001001010111 || 00000000000000000000000000000000 |
| 012980 | 10101000001110111000011101010000 || 00000000000000000000000000000000 |
| 012990 | 11000011101101010110111110000111 || 00000000000000000000000000000000 |
| 013000 | 11011101010101111100001110111010 || 00000000000000000000000000000000 |
| 013010 | 11110110010100111111111111101100 || 00000000000000000000000000000000 |
| 013020 | 10000011011010010011011100000110 || 00000000000000000000000000000000 |
| 013030 | 11001001110010001001100010010011 || 00000000000000000000000000000000 |
| 013040 | 11011101000101101100110010111010 || 00000000000000000000000000000000 |
| 013050 | 11111111001111111001000011111110 || 00000000000000000000000000000000 |
| 013060 | 10101111111011100001111101011111 || 00000000000000000000000000000000 |
| 013070 | 10010111111000101111100100101111 || 00000000000000000000000000000000 |
| 013080 | 10100000010100111111010001000000 || 00000000000000000000000000000000 |
| 013090 | 10011010000101000101010100110100 || 00000000000000000000000000000000 |
| 013100 | 10111110101001100010010001111101 || 00000000000000000000000000000000 |
| 013110 | 10111110110010011100000001111101 || 00000000000000000000000000000000 |
| 013120 | 11000110010010110001000010001100 || 00000000000000000000000000000000 |
| 013130 | 10101001100110101010101001010011 || 00000000000000000000000000000000 |
| 013140 | 11010100110010101000110110101001 || 00000000000000000000000000000000 |
| 013150 | 10111011111001111111101101110111 || 00000000000000000000000000000000 |
| 013160 | 10111011011011000101011101110110 || 00000000000000000000000000000000 |
| 013170 | 11101100011010111100111011011000 || 00000000000000000000000000000000 |
| 013180 | 10011001001101111111111100110010 || 00000000000000000000000000000000 |
| 013190 | 10001000010111001001100000010000 || 00000000000000000000000000000000 |
| 013200 | 11111101100100100101111011111011 || 00000000000000000000000000000000 |
| 013210 | 11011010001011111101111110110100 || 00000000000000000000000000000000 |
| 013220 | 10000101000101001000000000001010 || 00000000000000000000000000000000 |
| 013230 | 10011011111010000110010100110111 || 00000000000000000000000000000000 |
| 013240 | 10001010100110000001101100010101 || 00000000000000000000000000000000 |
| 013250 | 11001111101110111101101110011111 || 00000000000000000000000000000000 |
| 013260 | 10111101110101010111011101111011 || 00000000000000000000000000000000 |
| 013270 | 11010001101111000000111110100011 || 00000000000000000000000000000000 |
| 013280 | 10001111010011101110010100011110 || 00000000000000000000000000000000 |
| 013290 | 10101000000011111010000001010000 || 00000000000000000000000000000000 |
| 013300 | 11111110101001011010100111111101 || 00000000000000000000000000000000 |
| 013310 | 11111101001001100010011011111010 || 00000000000000000000000000000000 |
| 013320 | 11001100110101000111000110011001 || 00000000000000000000000000000000 |
| 013330 | 11000000001100111110101110000000 || 00000000000000000000000000000000 |
| 013340 | 11110111001010110011110111101110 || 00000000000000000000000000000000 |
| 013350 | 11011100001000010001011010111000 || 00000000000000000000000000000000 |
| 013360 | 10001010010010001101010100010100 || 00000000000000000000000000000000 |
| 013370 | 11000011111110000101110010000111 || 00000000000000000000000000000000 |
| 013380 | 11100101101011011011100011001011 || 00000000000000000000000000000000 |
| 013390 | 11110101110000010010111011101011 || 00000000000000000000000000000000 |
| 013400 | 11001000111001001000100010010001 || 00000000000000000000000000000000 |
| 013410 | 10000001100100010110111100000011 || 00000000000000000000000000000000 |
| 013420 | 10010010100111000000000000100101 || 00000000000000000000000000000000 |
| 013430 | 11010010100000101001110010100101 || 00000000000000000000000000000000 |
| 013440 | 11010000011011100101111110100000 || 00000000000000000000000000000000 |
| 013450 | 11100010000101101000001111000100 || 00000000000000000000000000000000 |
| 013460 | 10110011011100100101110001100110 || 00000000000000000000000000000000 |
| 013470 | 11011100011101110110111010111000 || 00000000000000000000000000000000 |
| 013480 | 10001010000100011001000100010100 || 00000000000000000000000000000000 |
| 013490 | 10000100110111111101011000001001 || 00000000000000000000000000000000 |
| 013500 | 10011011000000000111000100110110 || 00000000000000000000000000000000 |
| 013510 | 10010101010101011001001000101010 || 00000000000000000000000000000000 |
| 013520 | 11111111100100111011001111111111 || 00000000000000000000000000000000 |
| 013530 | 11011011110001001000011010110111 || 00000000000000000000000000000000 |
| 013540 | 11111101000011110100010111111010 || 00000000000000000000000000000000 |
| 013550 | 10110000011001001101011001100000 || 00000000000000000000000000000000 |
| 013560 | 10110100111010101011101101101001 || 00000000000000000000000000000000 |
| 013570 | 10000110001110001001000100001100 || 00000000000000000000000000000000 |
| 013580 | 11101011011001110011111111010110 || 00000000000000000000000000000000 |
| 013590 | 11111110010011001110011111111100 || 00000000000000000000000000000000 |
| 013600 | 11110010001100110000000011100100 || 00000000000000000000000000000000 |
| 013610 | 10001001010010101101010100010010 || 00000000000000000000000000000000 |
| 013620 | 10010010001101100010010000100100 || 00000000000000000000000000000000 |
| 013630 | 11111000110000110101010111110001 || 00000000000000000000000000000000 |
| 013640 | 11110100000001010011011111101000 || 00000000000000000000000000000000 |
| 013650 | 11100010100000110001000011000101 || 00000000000000000000000000000000 |
| 013660 | 10011001110101010001101100110011 || 00000000000000000000000000000000 |
| 013670 | 10011100000110011000110000111000 || 00000000000000000000000000000000 |
| 013680 | 11011000001011000111011110110000 || 00000000000000000000000000000000 |
| 013690 | 11010011100111111101111110100111 || 00000000000000000000000000000000 |
| 013700 | 11110011111011101010100111100111 || 00000000000000000000000000000000 |
| 013710 | 10011100101010101101101100111001 || 00000000000000000000000000000000 |
| 013720 | 11111100101111000011010011111001 || 00000000000000000000000000000000 |
| 013730 | 10100101001101001100000101001010 || 00000000000000000000000000000000 |
| 013740 | 10111010000001001011010001110100 || 00000000000000000000000000000000 |
| 013750 | 11100110001010100111000011001100 || 00000000000000000000000000000000 |
| 013760 | 11100111100001100100011111001111 || 00000000000000000000000000000000 |
| 013770 | 11111110001010000001010111111100 || 00000000000000000000000000000000 |
| 013780 | 10100011010101101000001001000110 || 00000000000000000000000000000000 |
| 013790 | 10110010110100010101100101100101 || 00000000000000000000000000000000 |
| 013800 | 10101011111100001110001101010111 || 00000000000000000000000000000000 |
| 013810 | 11001110000100010001011110011100 || 00000000000000000000000000000000 |
| 013820 | 11111000001001101011101011110000 || 00000000000000000000000000000000 |
| 013830 | 11101000011011001000010011010000 || 00000000000000000000000000000000 |
| 013840 | 10100101001011001010000001001010 || 00000000000000000000000000000000 |
| 013850 | 10101000011101011110011001010000 || 00000000000000000000000000000000 |
| 013860 | 11001000011000010110001010010000 || 00000000000000000000000000000000 |
| 013870 | 11001001010010101011111110010010 || 00000000000000000000000000000000 |
| 013880 | 10111010110010100111001101110101 || 00000000000000000000000000000000 |
| 013890 | 11001110111010011000000010011101 || 00000000000000000000000000000000 |
| 013900 | 10001011101000011101111100010111 || 00000000000000000000000000000000 |
| 013910 | 11100111000010101011011111001110 || 00000000000000000000000000000000 |
| 013920 | 11000101101100011011001110001011 || 00000000000000000000000000000000 |
| 013930 | 10001000000010011100001000010000 || 00000000000000000000000000000000 |
| 013940 | 10110000100110001111011101100001 || 00000000000000000000000000000000 |
| 013950 | 10100101010010001111110001001010 || 00000000000000000000000000000000 |
| 013960 | 10001011011101100001010100010110 || 00000000000000000000000000000000 |
| 013970 | 11000001010111010110110010000010 || 00000000000000000000000000000000 |
| 013980 | 10000001110100101101000000000011 || 00000000000000000000000000000000 |
| 013990 | 11111010001011011111101011110100 || 00000000000000000000000000000000 |
| 014000 | 10100110000011011011000001001100 || 00000000000000000000000000000000 |
| 014010 | 11011010000100100001101110110100 || 00000000000000000000000000000000 |
| 014020 | 10100101110111001111000101001011 || 00000000000000000000000000000000 |
| 014030 | 11111010110111000000000011110101 || 00000000000000000000000000000000 |
| 014040 | 10001101111001101111100100011011 || 00000000000000000000000000000000 |
| 014050 | 11010100100110100100110010101001 || 00000000000000000000000000000000 |
| 014060 | 11100000110011000011111111000001 || 00000000000000000000000000000000 |
| 014070 | 10100001101111010011110001000011 || 00000000000000000000000000000000 |
| 014080 | 11011100010111101100011010111000 || 00000000000000000000000000000000 |
| 014090 | 10001101001010110101111000011010 || 00000000000000000000000000000000 |
| 014100 | 10011101001000110000000100111010 || 00000000000000000000000000000000 |
| 014110 | 10011100101100011011110000111001 || 00000000000000000000000000000000 |
| 014120 | 10111100100101100100110101111001 || 00000000000000000000000000000000 |
| 014130 | 11110011000110111000111111100110 || 00000000000000000000000000000000 |
| 014140 | 10100010000101101101110001000100 || 00000000000000000000000000000000 |
| 014150 | 11010001000111010110111010100010 || 00000000000000000000000000000000 |
| 014160 | 11100000101010010010010111000001 || 00000000000000000000000000000000 |
| 014170 | 10100011000111111111110101000110 || 00000000000000000000000000000000 |
| 014180 | 10111101001101101101011101111010 || 00000000000000000000000000000000 |
| 014190 | 10100011110101100010000001000111 || 00000000000000000000000000000000 |
| 014200 | 10110001010000110100010001100010 || 00000000000000000000000000000000 |
| 014210 | 10100000011010101010011001000000 || 00000000000000000000000000000000 |
| 014220 | 10000101011100010101011000001010 || 00000000000000000000000000000000 |
| 014230 | 11110010111100010111111111100101 || 00000000000000000000000000000000 |
| 014240 | 11001101100101101111111010011011 || 00000000000000000000000000000000 |
| 014250 | 11001010101010000110100010010101 || 00000000000000000000000000000000 |
| 014260 | 10111101011110100010000101111010 || 00000000000000000000000000000000 |
| 014270 | 10001111011100110001101100011110 || 00000000000000000000000000000000 |
| 014280 | 11010001101100110000101110100011 || 00000000000000000000000000000000 |
| 014290 | 10001110110111110000000000011101 || 00000000000000000000000000000000 |
| 014300 | 10111011100100000101111001110111 || 00000000000000000000000000000000 |
| 014310 | 11100100110110100110000011001001 || 00000000000000000000000000000000 |
| 014320 | 10111001001110001000000101110010 || 00000000000000000000000000000000 |
| 014330 | 10110001001010110000111001100010 || 00000000000000000000000000000000 |
| 014340 | 10011100101001001001001000111001 || 00000000000000000000000000000000 |
| 014350 | 11011100100100001001110110111001 || 00000000000000000000000000000000 |
| 014360 | 10010100011100001101010100101000 || 00000000000000000000000000000000 |
| 014370 | 11101101010111100000111011011010 || 00000000000000000000000000000000 |
| 014380 | 11101000110111101010001111010001 || 00000000000000000000000000000000 |
| 014390 | 11101011001101110000000011010110 || 00000000000000000000000000000000 |
| 014400 | 10100101110000111101110101001011 || 00000000000000000000000000000000 |
| 014410 | 10001100011111000110000000011000 || 00000000000000000000000000000000 |
| 014420 | 10101111100000111101100001011111 || 00000000000000000000000000000000 |
| 014430 | 10010101110101001001011100101011 || 00000000000000000000000000000000 |
| 014440 | 11011101100011011101000010111011 || 00000000000000000000000000000000 |
| 014450 | 11101101000110110100000011011010 || 00000000000000000000000000000000 |
| 014460 | 10000000001111001101011000000000 || 00000000000000000000000000000000 |
| 014470 | 10011100111001000101000000111001 || 00000000000000000000000000000000 |
| 014480 | 10001010010101010100001000010100 || 00000000000000000000000000000000 |
| 014490 | 11011100100111101100110110111001 || 00000000000000000000000000000000 |
| 014500 | 10000111101110111010001100001111 || 00000000000000000000000000000000 |
| 014510 | 11011011010000101111100110110110 || 00000000000000000000000000000000 |
| 014520 | 11110011011000010010110011100110 || 00000000000000000000000000000000 |
| 014530 | 11111111010110000000010111111110 || 00000000000000000000000000000000 |
| 014540 | 11110101110000011010011011101011 || 00000000000000000000000000000000 |
| 014550 | 11000110111111010011111110001101 || 00000000000000000000000000000000 |
| 014560 | 11110011101011101110001011100111 || 00000000000000000000000000000000 |
| 014570 | 11100101100000101100010111001011 || 00000000000000000000000000000000 |
| 014580 | 10110010100001011010010001100101 || 00000000000000000000000000000000 |
| 014590 | 11100001111111011011001011000011 || 00000000000000000000000000000000 |
| 014600 | 10001011010010000001101000010110 || 00000000000000000000000000000000 |
| 014610 | 11001011001000111100110110010110 || 00000000000000000000000000000000 |
| 014620 | 11001001011110011100010010010010 || 00000000000000000000000000000000 |
| 014630 | 11001000100110101011111010010001 || 00000000000000000000000000000000 |
| 014640 | 10111100111110001110101001111001 || 00000000000000000000000000000000 |
| 014650 | 11100000110001101011100111000001 || 00000000000000000000000000000000 |
| 014660 | 11001111011100011000101110011110 || 00000000000000000000000000000000 |
| 014670 | 11101100000001001011001011011000 || 00000000000000000000000000000000 |
| 014680 | 11101110011001011100100111011100 || 00000000000000000000000000000000 |
| 014690 | 11011011000111000000100110110110 || 00000000000000000000000000000000 |
| 014700 | 11101010001001111101111111010100 || 00000000000000000000000000000000 |
| 014710 | 11100110100100111011110011001101 || 00000000000000000000000000000000 |
| 014720 | 11100000100000011000110011000001 || 00000000000000000000000000000000 |
| 014730 | 11100111011101110001100111001110 || 00000000000000000000000000000000 |
| 014740 | 11111111001001010000011111111110 || 00000000000000000000000000000000 |
| 014750 | 10110111111101011110101001101111 || 00000000000000000000000000000000 |
| 014760 | 10110110011000110110101001101100 || 00000000000000000000000000000000 |
| 014770 | 10000011001011000010100000000110 || 00000000000000000000000000000000 |
| 014780 | 11110000000001001010100011100000 || 00000000000000000000000000000000 |
| 014790 | 10010111001111010010101000101110 || 00000000000000000000000000000000 |
| 014800 | 11100000011111001111100011000000 || 00000000000000000000000000000000 |
| 014810 | 10010011110011100101010000100111 || 00000000000000000000000000000000 |
| 014820 | 10101010000110111100100001010100 || 00000000000000000000000000000000 |
| 014830 | 11101000110011010100101011010001 || 00000000000000000000000000000000 |
| 014840 | 10100010001100000010110001000100 || 00000000000000000000000000000000 |
| 014850 | 11111110010011011001101111111100 || 00000000000000000000000000000000 |
| 014860 | 10101111011111101100111001011110 || 00000000000000000000000000000000 |
| 014870 | 11000110001010011111011110001100 || 00000000000000000000000000000000 |
| 014880 | 11000111110001010101110110001111 || 00000000000000000000000000000000 |
| 014890 | 11011010111101001101101110110101 || 00000000000000000000000000000000 |
| 014900 | 10011111011001110111111100111110 || 00000000000000000000000000000000 |
| 014910 | 11100101101001001100000111001011 || 00000000000000000000000000000000 |
| 014920 | 10000010110000010100000000000101 || 00000000000000000000000000000000 |
| 014930 | 11000100010001111101000110001000 || 00000000000000000000000000000000 |
| 014940 | 10100011111110110000000101000111 || 00000000000000000000000000000000 |
| 014950 | 10001111111010110001010000011111 || 00000000000000000000000000000000 |
| 014960 | 11000010100110101110101110000101 || 00000000000000000000000000000000 |
| 014970 | 10011110110000010001110100111101 || 00000000000000000000000000000000 |
| 014980 | 10001011011011111101101100010110 || 00000000000000000000000000000000 |
| 014990 | 10110001011101000011111101100010 || 00000000000000000000000000000000 |
| 015000 | 10111111110100011101010101111111 || 00000000000000000000000000000000 |
| 015010 | 10010111011100000011101100101110 || 00000000000000000000000000000000 |
| 015020 | 10110010100100111111001101100101 || 00000000000000000000000000000000 |
| 015030 | 11110101110011110111000011101011 || 00000000000000000000000000000000 |
| 015040 | 11001111011000111101001110011110 || 00000000000000000000000000000000 |
| 015050 | 11110111011101111000101011101110 || 00000000000000000000000000000000 |
| 015060 | 11000110101100101000110110001101 || 00000000000000000000000000000000 |
| 015070 | 10111010110100011011010101110101 || 00000000000000000000000000000000 |
| 015080 | 11110100101000110001110011101001 || 00000000000000000000000000000000 |
| 015090 | 11001010011010100100100110010100 || 00000000000000000000000000000000 |
| 015100 | 11000100110110100101000110001001 || 00000000000000000000000000000000 |
| 015110 | 10001001101000111111110000010011 || 00000000000000000000000000000000 |
| 015120 | 10000111011011000100010100001110 || 00000000000000000000000000000000 |
| 015130 | 10110101100010101001010001101011 || 00000000000000000000000000000000 |
| 015140 | 11111100100000110100010111111001 || 00000000000000000000000000000000 |
| 015150 | 10100011101100010001001101000111 || 00000000000000000000000000000000 |
| 015160 | 10100100101111000100010001001001 || 00000000000000000000000000000000 |
| 015170 | 10111101111001110110100101111011 || 00000000000000000000000000000000 |
| 015180 | 10111011100101001100110101110111 || 00000000000000000000000000000000 |
| 015190 | 10010001011100111010011100100010 || 00000000000000000000000000000000 |
| 015200 | 11111111101001100111000011111111 || 00000000000000000000000000000000 |
| 015210 | 10011011010110101010100000110110 || 00000000000000000000000000000000 |
| 015220 | 10101001110010111011001001010011 || 00000000000000000000000000000000 |
| 015230 | 10000001001001000100100000000010 || 00000000000000000000000000000000 |
| 015240 | 10001000101010100111111000010001 || 00000000000000000000000000000000 |
| 015250 | 10010110011001110000111000101100 || 00000000000000000000000000000000 |
| 015260 | 10111001100000000001011101110011 || 00000000000000000000000000000000 |
| 015270 | 10100011010001110110001001000110 || 00000000000000000000000000000000 |
| 015280 | 11000001011010101000010010000010 || 00000000000000000000000000000000 |
| 015290 | 11001110111101100011100010011101 || 00000000000000000000000000000000 |
| 015300 | 11110011110010111000010011100111 || 00000000000000000000000000000000 |
| 015310 | 10010011000110110100010000100110 || 00000000000000000000000000000000 |
| 015320 | 11110010110000001111100111100101 || 00000000000000000000000000000000 |
| 015330 | 10101001111101101010011001010011 || 00000000000000000000000000000000 |
| 015340 | 11000110000011101101111010001100 || 00000000000000000000000000000000 |
| 015350 | 10111000111001100001110001110001 || 00000000000000000000000000000000 |
| 015360 | 11011011001101101011001110110110 || 00000000000000000000000000000000 |
| 015370 | 10000011110110011011010000000111 || 00000000000000000000000000000000 |
| 015380 | 11010110110110000110110010101101 || 00000000000000000000000000000000 |
| 015390 | 11110100001000111111100011101000 || 00000000000000000000000000000000 |
| 015400 | 11001011110110001110011010010111 || 00000000000000000000000000000000 |
| 015410 | 10100101111100011010000101001011 || 00000000000000000000000000000000 |
| 015420 | 11001000001010011101001110010000 || 00000000000000000000000000000000 |
| 015430 | 10111011100101001100011001110111 || 00000000000000000000000000000000 |
| 015440 | 10001001011011110010101000010010 || 00000000000000000000000000000000 |
| 015450 | 11011100101011111000101110111001 || 00000000000000000000000000000000 |
| 015460 | 10101101000111100001100101011010 || 00000000000000000000000000000000 |
| 015470 | 11000001001010100101001110000010 || 00000000000000000000000000000000 |
| 015480 | 10101000000100010111010001010000 || 00000000000000000000000000000000 |
| 015490 | 11101100110000010111000011011001 || 00000000000000000000000000000000 |
| 015500 | 11011000111011111010010110110001 || 00000000000000000000000000000000 |
| 015510 | 10000111110101100100111100001111 || 00000000000000000000000000000000 |
| 015520 | 11110111000111100001101111101110 || 00000000000000000000000000000000 |
| 015530 | 10000101000100000010111000001010 || 00000000000000000000000000000000 |
| 015540 | 10001101010111100011110000011010 || 00000000000000000000000000000000 |
| 015550 | 10111001001110000100011001110010 || 00000000000000000000000000000000 |
| 015560 | 11110011100011111101010011100111 || 00000000000000000000000000000000 |
| 015570 | 10101011100111011000001001010111 || 00000000000000000000000000000000 |
| 015580 | 11101110011101010000010111011100 || 00000000000000000000000000000000 |
| 015590 | 11101001001010111010100011010010 || 00000000000000000000000000000000 |
| 015600 | 10010110101100111011011000101101 || 00000000000000000000000000000000 |
| 015610 | 10000011010000100000110000000110 || 00000000000000000000000000000000 |
| 015620 | 10000001101100001000010100000011 || 00000000000000000000000000000000 |
| 015630 | 11010101001101011100000110101010 || 00000000000000000000000000000000 |
| 015640 | 10110111001111110011010101101110 || 00000000000000000000000000000000 |
| 015650 | 10101000010010110100100001010000 || 00000000000000000000000000000000 |
| 015660 | 11011110100001001010001010111101 || 00000000000000000000000000000000 |
| 015670 | 10001101110100111100000000011011 || 00000000000000000000000000000000 |
| 015680 | 10010010110001100010101000100101 || 00000000000000000000000000000000 |
| 015690 | 11000001111110011001010110000011 || 00000000000000000000000000000000 |
| 015700 | 10010110010000101010001100101100 || 00000000000000000000000000000000 |
| 015710 | 11010111101010001011001110101111 || 00000000000000000000000000000000 |
| 015720 | 11110101100100001100100011101011 || 00000000000000000000000000000000 |
| 015730 | 11000110110111100011000110001101 || 00000000000000000000000000000000 |
| 015740 | 10111001010111110010110101110010 || 00000000000000000000000000000000 |
| 015750 | 11110010100010111000100011100101 || 00000000000000000000000000000000 |
| 015760 | 11010110110100011010011110101101 || 00000000000000000000000000000000 |
| 015770 | 11010010000110010011101010100100 || 00000000000000000000000000000000 |
| 015780 | 11000000000110000100011010000000 || 00000000000000000000000000000000 |
| 015790 | 11010100011101010000110010101000 || 00000000000000000000000000000000 |
| 015800 | 10011111001110111011110100111110 || 00000000000000000000000000000000 |
| 015810 | 11000111011101111010111010001110 || 00000000000000000000000000000000 |
| 015820 | 11111100011110110101010111111000 || 00000000000000000000000000000000 |
| 015830 | 11000110010011011110111110001100 || 00000000000000000000000000000000 |
| 015840 | 10101111111110000101111001011111 || 00000000000000000000000000000000 |
| 015850 | 11100100011100010110101111001000 || 00000000000000000000000000000000 |
| 015860 | 10011011110010110001111100110111 || 00000000000000000000000000000000 |
| 015870 | 10110000100111001011110101100001 || 00000000000000000000000000000000 |
| 015880 | 10011111111111010100001000111111 || 00000000000000000000000000000000 |
| 015890 | 10111100000001110010111101111000 || 00000000000000000000000000000000 |
| 015900 | 10011101010001011100101000111010 || 00000000000000000000000000000000 |
| 015910 | 11000110000100111110011010001100 || 00000000000000000000000000000000 |
| 015920 | 10000101110000100111111100001011 || 00000000000000000000000000000000 |
| 015930 | 11111011100000001001011111110111 || 00000000000000000000000000000000 |
| 015940 | 10000100010010101101110100001000 || 00000000000000000000000000000000 |
| 015950 | 10011001111111111011011000110011 || 00000000000000000000000000000000 |
| 015960 | 10000011010110001000101000000110 || 00000000000000000000000000000000 |
| 015970 | 10110110000010100010001101101100 || 00000000000000000000000000000000 |
| 015980 | 11101011111000010011111011010111 || 00000000000000000000000000000000 |
| 015990 | 10010000100101000101110000100001 || 00000000000000000000000000000000 |
| 016000 | 10101010110111100011100101010101 || 00000000000000000000000000000000 |
| 016010 | 11010101001100110010111110101010 || 00000000000000000000000000000000 |
| 016020 | 10000001100111010011000100000011 || 00000000000000000000000000000000 |
| 016030 | 11110111000110111110011011101110 || 00000000000000000000000000000000 |
| 016040 | 10110001010101101100001001100010 || 00000000000000000000000000000000 |
| 016050 | 10101100010010111111101001011000 || 00000000000000000000000000000000 |
| 016060 | 11001101111001100101111010011011 || 00000000000000000000000000000000 |
| 016070 | 11110010000001000100001011100100 || 00000000000000000000000000000000 |
| 016080 | 11000101110111111011110010001011 || 00000000000000000000000000000000 |
| 016090 | 10001100101000111010001000011001 || 00000000000000000000000000000000 |
| 016100 | 10001111100111011100101100011111 || 00000000000000000000000000000000 |
| 016110 | 11001110110011010011110110011101 || 00000000000000000000000000000000 |
| 016120 | 11000011010001110001110110000110 || 00000000000000000000000000000000 |
| 016130 | 10011000101001100010010100110001 || 00000000000000000000000000000000 |
| 016140 | 11010001001000111101110010100010 || 00000000000000000000000000000000 |
| 016150 | 10100111110101101000011101001111 || 00000000000000000000000000000000 |
| 016160 | 11010010000000010011100110100100 || 00000000000000000000000000000000 |
| 016170 | 11110011110110100110000011100111 || 00000000000000000000000000000000 |
| 016180 | 10111100101111100101101001111001 || 00000000000000000000000000000000 |
| 016190 | 10101000000011011010110001010000 || 00000000000000000000000000000000 |
| 016200 | 11110000011111101100100111100000 || 00000000000000000000000000000000 |
| 016210 | 11001101110000000001001110011011 || 00000000000000000000000000000000 |
| 016220 | 10010110010111100110100000101100 || 00000000000000000000000000000000 |
| 016230 | 10011100011111000001110000111000 || 00000000000000000000000000000000 |
| 016240 | 10110111111000101110000001101111 || 00000000000000000000000000000000 |
| 016250 | 10100101100011011101101101001011 || 00000000000000000000000000000000 |
| 016260 | 10100000110001101000111001000001 || 00000000000000000000000000000000 |
| 016270 | 11100001101101010010001111000011 || 00000000000000000000000000000000 |
| 016280 | 10010011000110001111011000100110 || 00000000000000000000000000000000 |
| 016290 | 10000100110011110011010100001001 || 00000000000000000000000000000000 |
| 016300 | 10010100000100001011000100101000 || 00000000000000000000000000000000 |
| 016310 | 10011011001000111111000000110110 || 00000000000000000000000000000000 |
| 016320 | 11111110010010101110000011111100 || 00000000000000000000000000000000 |
| 016330 | 11001110111000101000000010011101 || 00000000000000000000000000000000 |
| 016340 | 10101011100101000001100001010111 || 00000000000000000000000000000000 |
| 016350 | 10000010001110011001000100000100 || 00000000000000000000000000000000 |
| 016360 | 11000100101101101101010110001001 || 00000000000000000000000000000000 |
| 016370 | 10100011010101101111101001000110 || 00000000000000000000000000000000 |
| 016380 | 10110001001010110110100001100010 || 00000000000000000000000000000000 |
| 016390 | 11111011011110101111010011110110 || 00000000000000000000000000000000 |
| 016400 | 10010010111001010110101000100101 || 00000000000000000000000000000000 |
| 016410 | 10110001001010101100000101100010 || 00000000000000000000000000000000 |
| 016420 | 11001011110110101010011110010111 || 00000000000000000000000000000000 |
| 016430 | 11111111011011101110011011111110 || 00000000000000000000000000000000 |
| 016440 | 10010011001111111001010100100110 || 00000000000000000000000000000000 |
| 016450 | 10111000111010001101001101110001 || 00000000000000000000000000000000 |
| 016460 | 10110111110101010011110001101111 || 00000000000000000000000000000000 |
| 016470 | 11000101011011000001011110001010 || 00000000000000000000000000000000 |
| 016480 | 10101011000001001010110101010110 || 00000000000000000000000000000000 |
| 016490 | 11011011101001110000111010110111 || 00000000000000000000000000000000 |
| 016500 | 11101101111000111110110011011011 || 00000000000000000000000000000000 |
| 016510 | 11111110010001110001001111111100 || 00000000000000000000000000000000 |
| 016520 | 11001101101000000110011110011011 || 00000000000000000000000000000000 |
| 016530 | 10110100111001000011000001101001 || 00000000000000000000000000000000 |
| 016540 | 10100000001010101101111001000000 || 00000000000000000000000000000000 |
| 016550 | 11001100111000000100101010011001 || 00000000000000000000000000000000 |
| 016560 | 10111100011000001101100101111000 || 00000000000000000000000000000000 |
| 016570 | 10011101010001011101011000111010 || 00000000000000000000000000000000 |
| 016580 | 11010010010011111001011110100100 || 00000000000000000000000000000000 |
| 016590 | 10001010100100100000100000010101 || 00000000000000000000000000000000 |
| 016600 | 11101000100011000111101011010001 || 00000000000000000000000000000000 |
| 016610 | 11010100001101100111111110101000 || 00000000000000000000000000000000 |
| 016620 | 10110010111111101111110101100101 || 00000000000000000000000000000000 |
| 016630 | 11000101011111100111110010001010 || 00000000000000000000000000000000 |
| 016640 | 10001101110110000001111100011011 || 00000000000000000000000000000000 |
| 016650 | 10101110011000111000101001011100 || 00000000000000000000000000000000 |
| 016660 | 10111100110100110101011101111001 || 00000000000000000000000000000000 |
| 016670 | 11000110101111011011010010001101 || 00000000000000000000000000000000 |
| 016680 | 11111011001111001111111111110110 || 00000000000000000000000000000000 |
| 016690 | 11000111000110110011001110001110 || 00000000000000000000000000000000 |
| 016700 | 10000100100110100100101000001001 || 00000000000000000000000000000000 |
| 016710 | 11001110011010111001111010011100 || 00000000000000000000000000000000 |
| 016720 | 11100000001011101010111111000000 || 00000000000000000000000000000000 |
| 016730 | 10010010100010101001100100100101 || 00000000000000000000000000000000 |
| 016740 | 11111010111110101101110011110101 || 00000000000000000000000000000000 |
| 016750 | 10010011100101100000011100100111 || 00000000000000000000000000000000 |
| 016760 | 11010100001100010010010110101000 || 00000000000000000000000000000000 |
| 016770 | 10001110110110111011101000011101 || 00000000000000000000000000000000 |
| 016780 | 11000111011110110111010010001110 || 00000000000000000000000000000000 |
| 016790 | 11110110000010101001111111101100 || 00000000000000000000000000000000 |
| 016800 | 10101110110011101011100001011101 || 00000000000000000000000000000000 |
| 016810 | 10110010001100110111001101100100 || 00000000000000000000000000000000 |
| 016820 | 11000010111001111101011110000101 || 00000000000000000000000000000000 |
| 016830 | 10110000000001001111001001100000 || 00000000000000000000000000000000 |
| 016840 | 10100101111011100001110101001011 || 00000000000000000000000000000000 |
| 016850 | 10010011100011111000010000100111 || 00000000000000000000000000000000 |
| 016860 | 11110111000101110010110011101110 || 00000000000000000000000000000000 |
| 016870 | 10110101101111000111000001101011 || 00000000000000000000000000000000 |
| 016880 | 10001000100010000110101000010001 || 00000000000000000000000000000000 |
| 016890 | 10101100100001001000100101011001 || 00000000000000000000000000000000 |
| 016900 | 11101010000100011111011111010100 || 00000000000000000000000000000000 |
| 016910 | 11010000110100100110010110100001 || 00000000000000000000000000000000 |
| 016920 | 11001011101111110001011010010111 || 00000000000000000000000000000000 |
| 016930 | 11110001110111000000001011100011 || 00000000000000000000000000000000 |
| 016940 | 11011010100110000010000110110101 || 00000000000000000000000000000000 |
| 016950 | 11100101101000000000000011001011 || 00000000000000000000000000000000 |
| 016960 | 10000000010100011111011000000000 || 00000000000000000000000000000000 |
| 016970 | 11100001000100100100101111000010 || 00000000000000000000000000000000 |
| 016980 | 11110100000001101110110111101000 || 00000000000000000000000000000000 |
| 016990 | 10110000011001000100111101100000 || 00000000000000000000000000000000 |
| 017000 | 10100110011101010100000101001100 || 00000000000000000000000000000000 |
| 017010 | 10000000101101001010001100000001 || 00000000000000000000000000000000 |
| 017020 | 11011111100111110000001110111111 || 00000000000000000000000000000000 |
| 017030 | 10101000010100100011111101010000 || 00000000000000000000000000000000 |
| 017040 | 10110110000001111000110001101100 || 00000000000000000000000000000000 |
| 017050 | 10110001100111110010100001100011 || 00000000000000000000000000000000 |
| 017060 | 11111001001010100110100111110010 || 00000000000000000000000000000000 |
| 017070 | 10010110011111101010000000101100 || 00000000000000000000000000000000 |
| 017080 | 10010001001001111100110100100010 || 00000000000000000000000000000000 |
| 017090 | 10001111000110101101100000011110 || 00000000000000000000000000000000 |
| 017100 | 11001101000000101000010010011010 || 00000000000000000000000000000000 |
| 017110 | 11001110101011100001111110011101 || 00000000000000000000000000000000 |
| 017120 | 11110111001010110101101111101110 || 00000000000000000000000000000000 |
| 017130 | 11111011110110111001000111110111 || 00000000000000000000000000000000 |
| 017140 | 11100101011101100001101011001010 || 00000000000000000000000000000000 |
| 017150 | 11011000000000110100100110110000 || 00000000000000000000000000000000 |
| 017160 | 11101101111100111110101111011011 || 00000000000000000000000000000000 |
| 017170 | 11011001110111100001000010110011 || 00000000000000000000000000000000 |
| 017180 | 11001101100011110101000110011011 || 00000000000000000000000000000000 |
| 017190 | 10110011100011001000110101100111 || 00000000000000000000000000000000 |
| 017200 | 11110111101001011001010011101111 || 00000000000000000000000000000000 |
| 017210 | 11001011001001011111010110010110 || 00000000000000000000000000000000 |
| 017220 | 10001111001110011011000000011110 || 00000000000000000000000000000000 |
| 017230 | 11001110101100100011101010011101 || 00000000000000000000000000000000 |
| 017240 | 11001010101111001100101010010101 || 00000000000000000000000000000000 |
| 017250 | 10111001010110111011110001110010 || 00000000000000000000000000000000 |
| 017260 | 11010010110010000001110010100101 || 00000000000000000000000000000000 |
| 017270 | 10001111100001000111110000011111 || 00000000000000000000000000000000 |
| 017280 | 10100010100001000110011001000101 || 00000000000000000000000000000000 |
| 017290 | 11000010010010101100010110000100 || 00000000000000000000000000000000 |
| 017300 | 10100101110110101101110001001011 || 00000000000000000000000000000000 |
| 017310 | 11001000111010010110001010010001 || 00000000000000000000000000000000 |
| 017320 | 10011101111010111001101100111011 || 00000000000000000000000000000000 |
| 017330 | 10000111001111110100110000001110 || 00000000000000000000000000000000 |
| 017340 | 11001111101001011001010110011111 || 00000000000000000000000000000000 |
| 017350 | 11000100101010101101100110001001 || 00000000000000000000000000000000 |
| 017360 | 10000010101111000000000100000101 || 00000000000000000000000000000000 |
| 017370 | 10111101010001000111000001111010 || 00000000000000000000000000000000 |
| 017380 | 11111000100101010100110111110001 || 00000000000000000000000000000000 |
| 017390 | 11110001011001001011000111100010 || 00000000000000000000000000000000 |
| 017400 | 10011011001011111000111000110110 || 00000000000000000000000000000000 |
| 017410 | 10111100010000100010111101111000 || 00000000000000000000000000000000 |
| 017420 | 11001011010101100110101110010110 || 00000000000000000000000000000000 |
| 017430 | 10100010010100101001011101000100 || 00000000000000000000000000000000 |
| 017440 | 11000011111001101001011010000111 || 00000000000000000000000000000000 |
| 017450 | 10101010111110110110011001010101 || 00000000000000000000000000000000 |
| 017460 | 10010101001110101011010000101010 || 00000000000000000000000000000000 |
| 017470 | 10101110111111100001100001011101 || 00000000000000000000000000000000 |
| 017480 | 10100000001111011101000101000000 || 00000000000000000000000000000000 |
| 017490 | 11000101111010111101010110001011 || 00000000000000000000000000000000 |
| 017500 | 11001011111111110100111110010111 || 00000000000000000000000000000000 |
| 017510 | 10100000110011001010001101000001 || 00000000000000000000000000000000 |
| 017520 | 11001011000001000101010110010110 || 00000000000000000000000000000000 |
| 017530 | 10011111000001100001100000111110 || 00000000000000000000000000000000 |
| 017540 | 10111110111100101100000101111101 || 00000000000000000000000000000000 |
| 017550 | 11111100011011011000011111111000 || 00000000000000000000000000000000 |
| 017560 | 10111001100100011001011101110011 || 00000000000000000000000000000000 |
| 017570 | 10010100010100011010111100101000 || 00000000000000000000000000000000 |
| 017580 | 10011001011110101111000000110010 || 00000000000000000000000000000000 |
| 017590 | 10010101001001111111000000101010 || 00000000000000000000000000000000 |
| 017600 | 11100111001110110110110111001110 || 00000000000000000000000000000000 |
| 017610 | 10011011011010001111011000110110 || 00000000000000000000000000000000 |
| 017620 | 10111100111110110010001101111001 || 00000000000000000000000000000000 |
| 017630 | 10111000000010001110110101110000 || 00000000000000000000000000000000 |
| 017640 | 10111111001011000000110101111110 || 00000000000000000000000000000000 |
| 017650 | 11011111110101110010110010111111 || 00000000000000000000000000000000 |
| 017660 | 11011000000110011111111110110000 || 00000000000000000000000000000000 |
| 017670 | 11011100111100010110101110111001 || 00000000000000000000000000000000 |
| 017680 | 10011010100110000000111000110101 || 00000000000000000000000000000000 |
| 017690 | 10010010010101100110111100100100 || 00000000000000000000000000000000 |
| 017700 | 10000001011001111000101000000010 || 00000000000000000000000000000000 |
| 017710 | 11101011100001000011101011010111 || 00000000000000000000000000000000 |
| 017720 | 10001001010101000110011000010010 || 00000000000000000000000000000000 |
| 017730 | 10100110111011011011110101001101 || 00000000000000000000000000000000 |
| 017740 | 11111011011000110010101111110110 || 00000000000000000000000000000000 |
| 017750 | 10000001111101000000011100000011 || 00000000000000000000000000000000 |
| 017760 | 11111010110011000110100111110101 || 00000000000000000000000000000000 |
| 017770 | 10011111111011101111010000111111 || 00000000000000000000000000000000 |
| 017780 | 10100111111000011010011101001111 || 00000000000000000000000000000000 |
| 017790 | 10001011101100010101111100010111 || 00000000000000000000000000000000 |
| 017800 | 10111101010101111101000001111010 || 00000000000000000000000000000000 |
| 017810 | 11100011110101001101000111000111 || 00000000000000000000000000000000 |
| 017820 | 10010000110100110010010100100001 || 00000000000000000000000000000000 |
| 017830 | 11010101111110001011000110101011 || 00000000000000000000000000000000 |
| 017840 | 10101001111100001010111001010011 || 00000000000000000000000000000000 |
| 017850 | 11111100000000001111010011111000 || 00000000000000000000000000000000 |
| 017860 | 11001100011010010010100110011000 || 00000000000000000000000000000000 |
| 017870 | 10110000010000000100101101100000 || 00000000000000000000000000000000 |
| 017880 | 10110010010010010111101101100100 || 00000000000000000000000000000000 |
| 017890 | 11111010010110011101100111110100 || 00000000000000000000000000000000 |
| 017900 | 11100010100111001001110011000101 || 00000000000000000000000000000000 |
| 017910 | 10000110100001100101110000001101 || 00000000000000000000000000000000 |
| 017920 | 11100111010000110000110011001110 || 00000000000000000000000000000000 |
| 017930 | 10100011110010001101111101000111 || 00000000000000000000000000000000 |
| 017940 | 10111010000100111100000101110100 || 00000000000000000000000000000000 |
| 017950 | 11000011011111101110111110000110 || 00000000000000000000000000000000 |
| 017960 | 11101101110000101001100011011011 || 00000000000000000000000000000000 |
| 017970 | 11011101100110000100010110111011 || 00000000000000000000000000000000 |
| 017980 | 11110010011010000100000011100100 || 00000000000000000000000000000000 |
| 017990 | 10101000101000011111010101010001 || 00000000000000000000000000000000 |
| 018000 | 10110111111001111011010001101111 || 00000000000000000000000000000000 |
| 018010 | 10111011101100010010011101110111 || 00000000000000000000000000000000 |
| 018020 | 11110001110011010001111111100011 || 00000000000000000000000000000000 |
| 018030 | 10101010000110010011101101010100 || 00000000000000000000000000000000 |
| 018040 | 10111000101000100101011001110001 || 00000000000000000000000000000000 |
| 018050 | 11101101101110011000001111011011 || 00000000000000000000000000000000 |
| 018060 | 11001100000101001100001110011000 || 00000000000000000000000000000000 |
| 018070 | 10111100100011100110111101111001 || 00000000000000000000000000000000 |
| 018080 | 10100111101010001101010101001111 || 00000000000000000000000000000000 |
| 018090 | 10101001000100100011100101010010 || 00000000000000000000000000000000 |
| 018100 | 10001001000101101111001000010010 || 00000000000000000000000000000000 |
| 018110 | 11100010110110010001111011000101 || 00000000000000000000000000000000 |
| 018120 | 11001011110011011110011010010111 || 00000000000000000000000000000000 |
| 018130 | 10001101101101010000011000011011 || 00000000000000000000000000000000 |
| 018140 | 10110000011101101101001001100000 || 00000000000000000000000000000000 |
| 018150 | 10101001100011001011011101010011 || 00000000000000000000000000000000 |
| 018160 | 10100001101101101001111101000011 || 00000000000000000000000000000000 |
| 018170 | 11100011111100101000011111000111 || 00000000000000000000000000000000 |
| 018180 | 11100000110010001110101011000001 || 00000000000000000000000000000000 |
| 018190 | 10011110011001101000100000111100 || 00000000000000000000000000000000 |
| 018200 | 10010100111100000111011100101001 || 00000000000000000000000000000000 |
| 018210 | 11110001000100000011110011100010 || 00000000000000000000000000000000 |
| 018220 | 10011000000110010001111100110000 || 00000000000000000000000000000000 |
| 018230 | 10110001100110111011111101100011 || 00000000000000000000000000000000 |
| 018240 | 11100001011001110100001111000010 || 00000000000000000000000000000000 |
| 018250 | 10000000110001101000000100000001 || 00000000000000000000000000000000 |
| 018260 | 10110011110100001011100001100111 || 00000000000000000000000000000000 |
| 018270 | 11001111000001110110101010011110 || 00000000000000000000000000000000 |
| 018280 | 10010011001110110011101000100110 || 00000000000000000000000000000000 |
| 018290 | 10100001100111101001010101000011 || 00000000000000000000000000000000 |
| 018300 | 10001101111111000101101000011011 || 00000000000000000000000000000000 |
| 018310 | 11011101001110000111011110111010 || 00000000000000000000000000000000 |
| 018320 | 11111010111101101111000111110101 || 00000000000000000000000000000000 |
| 018330 | 11110010001100001001011011100100 || 00000000000000000000000000000000 |
| 018340 | 11111101111100100000101111111011 || 00000000000000000000000000000000 |
| 018350 | 10110000010111111011010001100000 || 00000000000000000000000000000000 |
| 018360 | 11001100001001010101111010011000 || 00000000000000000000000000000000 |
| 018370 | 10111101010000011000001001111010 || 00000000000000000000000000000000 |
| 018380 | 11100010010101110011001011000100 || 00000000000000000000000000000000 |
| 018390 | 11011111000111011100111010111110 || 00000000000000000000000000000000 |
| 018400 | 11111100010001111101100011111000 || 00000000000000000000000000000000 |
| 018410 | 10000010110000010011011100000101 || 00000000000000000000000000000000 |
| 018420 | 10111010100001101001010001110101 || 00000000000000000000000000000000 |
| 018430 | 11000111001100010101010110001110 || 00000000000000000000000000000000 |
| 018440 | 11011000001011000001010010110000 || 00000000000000000000000000000000 |
| 018450 | 11101011101010000111001011010111 || 00000000000000000000000000000000 |
| 018460 | 10110101010101100101100001101010 || 00000000000000000000000000000000 |
| 018470 | 11110000000001001011010111100000 || 00000000000000000000000000000000 |
| 018480 | 10100101101000100010100001001011 || 00000000000000000000000000000000 |
| 018490 | 10000110101101101101001100001101 || 00000000000000000000000000000000 |
| 018500 | 11111011001111100000001111110110 || 00000000000000000000000000000000 |
| 018510 | 11011001000111000011110110110010 || 00000000000000000000000000000000 |
| 018520 | 10000111100100101000101100001111 || 00000000000000000000000000000000 |
| 018530 | 10001100000100001101011000011000 || 00000000000000000000000000000000 |
| 018540 | 11011001110111000111101110110011 || 00000000000000000000000000000000 |
| 018550 | 10100010011001000001101101000100 || 00000000000000000000000000000000 |
| 018560 | 10111010011101000001001001110100 || 00000000000000000000000000000000 |
| 018570 | 11000101101111011101101010001011 || 00000000000000000000000000000000 |
| 018580 | 11010110110111100000011110101101 || 00000000000000000000000000000000 |
| 018590 | 11011100010111100101110110111000 || 00000000000000000000000000000000 |
| 018600 | 10011111001000011111010000111110 || 00000000000000000000000000000000 |
| 018610 | 10011011000001100001110100110110 || 00000000000000000000000000000000 |
| 018620 | 10010000010000100100110000100000 || 00000000000000000000000000000000 |
| 018630 | 10101110001100001111000101011100 || 00000000000000000000000000000000 |
| 018640 | 11101010000100011100011011010100 || 00000000000000000000000000000000 |
| 018650 | 10011100101100001011110100111001 || 00000000000000000000000000000000 |
| 018660 | 10110000000000100101000001100000 || 00000000000000000000000000000000 |
| 018670 | 11011111100100111010010110111111 || 00000000000000000000000000000000 |
| 018680 | 10101100111010010111111001011001 || 00000000000000000000000000000000 |
| 018690 | 11010000001000011011100010100000 || 00000000000000000000000000000000 |
| 018700 | 10011001000101100111101000110010 || 00000000000000000000000000000000 |
| 018710 | 10110100100111100010011001101001 || 00000000000000000000000000000000 |
| 018720 | 11010000011101010111001110100000 || 00000000000000000000000000000000 |
| 018730 | 11010111010101111110110010101110 || 00000000000000000000000000000000 |
| 018740 | 11010011110111001000111110100111 || 00000000000000000000000000000000 |
| 018750 | 11101001011101100000010011010010 || 00000000000000000000000000000000 |
| 018760 | 11110100111111100101101011101001 || 00000000000000000000000000000000 |
| 018770 | 11110011110010110001011111100111 || 00000000000000000000000000000000 |
| 018780 | 10011111110111011011011000111111 || 00000000000000000000000000000000 |
| 018790 | 11111011110111001010101111110111 || 00000000000000000000000000000000 |
| 018800 | 10001110111111110100101000011101 || 00000000000000000000000000000000 |
| 018810 | 11000010001010011101011010000100 || 00000000000000000000000000000000 |
| 018820 | 11110000111101000111010011100001 || 00000000000000000000000000000000 |
| 018830 | 11010000100111010110101010100001 || 00000000000000000000000000000000 |
| 018840 | 11110110001110111011011111101100 || 00000000000000000000000000000000 |
| 018850 | 11101100111101111010100011011001 || 00000000000000000000000000000000 |
| 018860 | 11111101110100101010111111111011 || 00000000000000000000000000000000 |
| 018870 | 10100010110110110110111101000101 || 00000000000000000000000000000000 |
| 018880 | 11111101001101010111101011111010 || 00000000000000000000000000000000 |
| 018890 | 11110100000010101110110011101000 || 00000000000000000000000000000000 |
| 018900 | 11100101111001111010110111001011 || 00000000000000000000000000000000 |
| 018910 | 10001011001111111100100000010110 || 00000000000000000000000000000000 |
| 018920 | 10000111000000101100011000001110 || 00000000000000000000000000000000 |
| 018930 | 10000110111010101101111000001101 || 00000000000000000000000000000000 |
| 018940 | 11010100101001100001010110101001 || 00000000000000000000000000000000 |
| 018950 | 11001101000001110110001110011010 || 00000000000000000000000000000000 |
| 018960 | 11110001100001000011001111100011 || 00000000000000000000000000000000 |
| 018970 | 11010000000011011001110110100000 || 00000000000000000000000000000000 |
| 018980 | 11101000001010011110110111010000 || 00000000000000000000000000000000 |
| 018990 | 11110110111100010000111011101101 || 00000000000000000000000000000000 |
| 019000 | 10001001111110101011011000010011 || 00000000000000000000000000000000 |
| 019010 | 11101110111101100010011111011101 || 00000000000000000000000000000000 |
| 019020 | 10000001001111101001101000000010 || 00000000000000000000000000000000 |
| 019030 | 11000110000010110111011010001100 || 00000000000000000000000000000000 |
| 019040 | 10100001111111011010011001000011 || 00000000000000000000000000000000 |
| 019050 | 10111111001100100101100101111110 || 00000000000000000000000000000000 |
| 019060 | 10000010110001001110001000000101 || 00000000000000000000000000000000 |
| 019070 | 10011000011000110010101100110000 || 00000000000000000000000000000000 |
| 019080 | 10111010110100001011100001110101 || 00000000000000000000000000000000 |
| 019090 | 11101010001110001111001111010100 || 00000000000000000000000000000000 |
| 019100 | 11100110011110001110101111001100 || 00000000000000000000000000000000 |
| 019110 | 10011101100100001001100100111011 || 00000000000000000000000000000000 |
| 019120 | 10011101000110100000001100111010 || 00000000000000000000000000000000 |
| 019130 | 10100010001001111001001001000100 || 00000000000000000000000000000000 |
| 019140 | 11101101000110000011110011011010 || 00000000000000000000000000000000 |
| 019150 | 11010011001001100000111110100110 || 00000000000000000000000000000000 |
| 019160 | 10010010111101111111110000100101 || 00000000000000000000000000000000 |
| 019170 | 11000011011000001011001110000110 || 00000000000000000000000000000000 |
| 019180 | 10001111111001111011101000011111 || 00000000000000000000000000000000 |
| 019190 | 10111010111111011011101101110101 || 00000000000000000000000000000000 |
| 019200 | 11011010011101110111100110110100 || 00000000000000000000000000000000 |
| 019210 | 11111011000010011011010111110110 || 00000000000000000000000000000000 |
| 019220 | 10111001100110011010110001110011 || 00000000000000000000000000000000 |
| 019230 | 10011001011001111010101100110010 || 00000000000000000000000000000000 |
| 019240 | 11000110011010011011000010001100 || 00000000000000000000000000000000 |
| 019250 | 11110000011010001101011011100000 || 00000000000000000000000000000000 |
| 019260 | 10101100100100111011011101011001 || 00000000000000000000000000000000 |
| 019270 | 11101001001101111100110111010010 || 00000000000000000000000000000000 |
| 019280 | 11100011100110100011100011000111 || 00000000000000000000000000000000 |
| 019290 | 11001111001000110011010010011110 || 00000000000000000000000000000000 |
| 019300 | 11011100100101001110001010111001 || 00000000000000000000000000000000 |
| 019310 | 10010011101100111110111100100111 || 00000000000000000000000000000000 |
| 019320 | 11011000011001010000011110110000 || 00000000000000000000000000000000 |
| 019330 | 11110000010110101100110111100000 || 00000000000000000000000000000000 |
| 019340 | 11100001101110111001000111000011 || 00000000000000000000000000000000 |
| 019350 | 11011010011000011011111010110100 || 00000000000000000000000000000000 |
| 019360 | 10010100101011000111000100101001 || 00000000000000000000000000000000 |
| 019370 | 11000000101011000111111110000001 || 00000000000000000000000000000000 |
| 019380 | 10001010111010111000110000010101 || 00000000000000000000000000000000 |
| 019390 | 11000000101101001100101010000001 || 00000000000000000000000000000000 |
| 019400 | 11001000001011110010111010010000 || 00000000000000000000000000000000 |
| 019410 | 11100001000011100000011111000010 || 00000000000000000000000000000000 |
| 019420 | 11110101100100111111100111101011 || 00000000000000000000000000000000 |
| 019430 | 10100011100111000111111101000111 || 00000000000000000000000000000000 |
| 019440 | 11110101001111100101010011101010 || 00000000000000000000000000000000 |
| 019450 | 11100000100011000000010111000001 || 00000000000000000000000000000000 |
| 019460 | 11110000110101010101110111100001 || 00000000000000000000000000000000 |
| 019470 | 10001100111100100010110000011001 || 00000000000000000000000000000000 |
| 019480 | 11010101110100110101100010101011 || 00000000000000000000000000000000 |
| 019490 | 11001100111001111111010110011001 || 00000000000000000000000000000000 |
| 019500 | 11010010000001111001111010100100 || 00000000000000000000000000000000 |
| 019510 | 10110000110001101111111101100001 || 00000000000000000000000000000000 |
| 019520 | 10101001000001100001000001010010 || 00000000000000000000000000000000 |
| 019530 | 10111000000101100011011101110000 || 00000000000000000000000000000000 |
| 019540 | 11000000101000000000001110000001 || 00000000000000000000000000000000 |
| 019550 | 11100010100100100000011011000101 || 00000000000000000000000000000000 |
| 019560 | 11011110111000101011001110111101 || 00000000000000000000000000000000 |
| 019570 | 10110000100111000000011101100001 || 00000000000000000000000000000000 |
| 019580 | 11011111011101110011000110111110 || 00000000000000000000000000000000 |
| 019590 | 10110000001111100010111101100000 || 00000000000000000000000000000000 |
| 019600 | 11111000100111111101010111110001 || 00000000000000000000000000000000 |
| 019610 | 10001010110011011000010000010101 || 00000000000000000000000000000000 |
| 019620 | 10011001011011110010111000110010 || 00000000000000000000000000000000 |
| 019630 | 10110001000110000100100001100010 || 00000000000000000000000000000000 |
| 019640 | 11010011001101000110111110100110 || 00000000000000000000000000000000 |
| 019650 | 10111000111010111010110001110001 || 00000000000000000000000000000000 |
| 019660 | 10110111011110010110000101101110 || 00000000000000000000000000000000 |
| 019670 | 11110110100111001111111011101101 || 00000000000000000000000000000000 |
| 019680 | 11110010010011011101010111100100 || 00000000000000000000000000000000 |
| 019690 | 11010000001000100101110010100000 || 00000000000000000000000000000000 |
| 019700 | 11000101111111001000111110001011 || 00000000000000000000000000000000 |
| 019710 | 11101101001001101110000111011010 || 00000000000000000000000000000000 |
| 019720 | 11000001101001011011110110000011 || 00000000000000000000000000000000 |
| 019730 | 10111000011001100101010001110000 || 00000000000000000000000000000000 |
| 019740 | 10101111100110101101111101011111 || 00000000000000000000000000000000 |
| 019750 | 11011010011111000101110110110100 || 00000000000000000000000000000000 |
| 019760 | 10100010101110000011110101000101 || 00000000000000000000000000000000 |
| 019770 | 11100101001100110011000011001010 || 00000000000000000000000000000000 |
| 019780 | 11010011010101111101011010100110 || 00000000000000000000000000000000 |
| 019790 | 10001000001111011100000100010000 || 00000000000000000000000000000000 |
| 019800 | 11111100110110011100110011111001 || 00000000000000000000000000000000 |
| 019810 | 11010101001010010111000010101010 || 00000000000000000000000000000000 |
| 019820 | 10111100000111100101101001111000 || 00000000000000000000000000000000 |
| 019830 | 10001000001100110011101100010000 || 00000000000000000000000000000000 |
| 019840 | 11100101101011010011111111001011 || 00000000000000000000000000000000 |
| 019850 | 11110110100011000111000011101101 || 00000000000000000000000000000000 |
| 019860 | 11111111101001101011001011111111 || 00000000000000000000000000000000 |
| 019870 | 11100000011110101101100111000000 || 00000000000000000000000000000000 |
| 019880 | 11010111111110011100110110101111 || 00000000000000000000000000000000 |
| 019890 | 11101110101000000110111111011101 || 00000000000000000000000000000000 |
| 019900 | 10101010101111001000001101010101 || 00000000000000000000000000000000 |
| 019910 | 11001101100101101000100110011011 || 00000000000000000000000000000000 |
| 019920 | 11001110111000010000101110011101 || 00000000000000000000000000000000 |
| 019930 | 10100001111010001000101101000011 || 00000000000000000000000000000000 |
| 019940 | 10000000111001001101001100000001 || 00000000000000000000000000000000 |
| 019950 | 10101000010110100001100101010000 || 00000000000000000000000000000000 |
| 019960 | 11111011011101001110111111110110 || 00000000000000000000000000000000 |
| 019970 | 10111011010001001100001001110110 || 00000000000000000000000000000000 |
| 019980 | 10110101011001000000100101101010 || 00000000000000000000000000000000 |
| 019990 | 11011101101110010011011010111011 || 00000000000000000000000000000000 |
+-------------------------------------------------------------------------------+
|                               Test Case n* 2                                  |
+-------------------------------------------------------------------------------+
| 020000 | 00000000000000000000000000000000 || 00000000000000000000000000000000 |
| 030000 | 10000000000000000000000000000000 || 00000000000000000000000000000000 |
+-------------------------------------------------------------------------------+
|                               Test Case n* 3                                  |
+-------------------------------------------------------------------------------+
| 040000 | 00000000000000000000000000000001 || 00000000000000000000000000000001 |
| 050000 | 10000000000000000000000000000001 || 00000000000000000000000000000000 |
+-------------------------------------------------------------------------------+
|                               Test Case n* 4                                  |
+-------------------------------------------------------------------------------+
| 060000 | 01010101010101010101010101010101 || 01010101010101010101010101010101 |
| 070000 | 11010101010101010101010101010101 || 00000000000000000000000000000000 |
+-------------------------------------------------------------------------------+
|                               Test Case n* 5                                  |
+-------------------------------------------------------------------------------+
| 080000 | 0zzzzzzzzzzzzzzzzzzzzzzzzzzzzzzz || 0zzzzzzzzzzzzzzzzzzzzzzzzzzzzzzz |
| 090000 | 1zzzzzzzzzzzzzzzzzzzzzzzzzzzzzzz || 00000000000000000000000000000000 |
+-------------------------------------------------------------------------------+
|                               Test Case n* 6                                  |
+-------------------------------------------------------------------------------+
| 100000 | 0xxxxxxxxxxxxxxxxxxxxxxxxxxxxxxx || 0xxxxxxxxxxxxxxxxxxxxxxxxxxxxxxx |
| 110000 | 1xxxxxxxxxxxxxxxxxxxxxxxxxxxxxxx || 00000000000000000000000000000000 |
+-------------------------------------------------------------------------------+
|                               Test Case n* 7                                  |
+-------------------------------------------------------------------------------+
| 120000 | 0zxzxzxzxzxzxzxzxzxzxzxzxzxzxzxz || 0zxzxzxzxzxzxzxzxzxzxzxzxzxzxzxz |
| 130000 | 1zxzxzxzxzxzxzxzxzxzxzxzxzxzxzxz || 00000000000000000000000000000000 |

+-------------------------------------------------------------------------------+
|                              TEST SUMMARY                                     |
+-------------------------------------------------------------------------------+
| PASS: 14000
| FAIL: 0
+-------------------------------------------------------------------------------+
/home/matheus/Documentos/CNN/CNN/testbenchs/ReLU/testbench.sv:296: $finish called at 140010 (1s)
